:020000040800F2
:10000000000002208569000881410008894100083C
:100010009141000899410008A1410008000000003A
:10002000000000000000000000000000A9410008DE
:10003000B741000800000000C5410008D341000896
:10004000D5690008D5690008D5690008D569000898
:10005000D5690008D5690008D5690008D569000888
:10006000D5690008D5690008D5690008D569000878
:10007000D5690008D5690008D5690008D569000868
:10008000E1410008D5690008D569000800000000BA
:10009000000000000000000000000000D56900081A
:1000A000D5690008D5690008D5690008D569000838
:1000B000F5410008D569000809420008D569000823
:1000C000D5690008D5690008D56900081D420008F7
:1000D000D5690008314200084542000800000000D0
:1000E000D5690008D5690008D5690008000000003E
:1000F000000000000000000000000000D5690008BA
:1001000000000000D5690008D5690008D56900081D
:1001100000000000000000000000000000000000DF
:10012000D5690008D5690008D5690008D5690008B7
:10013000D569000800000000000000000000000079
:10014000000000000000000000000000D569000869
:10015000D5690008D569000859420008D56900082A
:10016000D5690008D5690008000000000000000003
:10017000000000000000000000000000000000007F
:1001800000000000D5690008000000000000000029
:08019000D5690008D5690008DB
:1001A00010B5054C237833B9044B13B10448AFF3B1
:1001B00000800123237010BDE0010020000000003A
:1001C0003818010808B5034B1BB103490348AFF3C6
:1001D000008008BD00000000E4010020381801087C
:1001E00001F0FF01102A2BDB10F0070F08D010F8E8
:1001F000013B013A8B422DD010F0070F42B3F6D1EC
:10020000F0B441EA012141EA014122F007047FF004
:1002100000070023F0E80256083C85EA010586EA5B
:10022000010685FA47F5A3FA87F586FA47F6A5FA97
:1002300087F68EB9EED1F0BC01F0FF0102F00702A3
:1002400032B110F8013B013A83EA010313B1F8D14E
:100250000020704701387047002D06BF354603382F
:10026000073815F0010F07D1013015F4807F02BF68
:10027000013015F4C03F0130F0BC0138704700BFB9
:10028000034613F8012B002AFBD1181A01387047D6
:1002900081F0004102E000BF83F0004330B54FEA37
:1002A00041044FEA430594EA050F08BF90EA020FA4
:1002B0001FBF54EA000C55EA020C7FEA645C7FEA37
:1002C000655C00F0E2804FEA5454D4EB5555B8BF5A
:1002D0006D420CDD2C4480EA020281EA030382EACB
:1002E000000083EA010180EA020281EA0303362D5D
:1002F00088BF30BD11F0004F4FEA01314FF4801C30
:100300004CEA113102D0404261EB410113F0004F41
:100310004FEA03334CEA133302D0524263EB4303F8
:1003200094EA050F00F0A780A4F10104D5F1200E96
:100330000DDB02FA0EFC22FA05F2801841F10001F1
:1003400003FA0EF2801843FA05F359410EE0A5F1C5
:1003500020050EF1200E012A03FA0EFC28BF4CF0F6
:10036000020C43FA05F3C01851EBE37101F00045AC
:1003700007D54FF0000EDCF1000C7EEB00006EEBB9
:100380000101B1F5801F1BD3B1F5001F0CD3490843
:100390005FEA30004FEA3C0C04F101044FEA44529A
:1003A00012F5800F80F09A80BCF1004F08BF5FEA21
:1003B000500C50F1000041EB045141EA050130BD01
:1003C0005FEA4C0C404141EB0101013C28BFB1F513
:1003D000801FE9D291F0000F04BF01460020B1FA5E
:1003E00081F308BF2033A3F10B03B3F120020CDA31
:1003F0000C3208DD02F1140CC2F10C0201FA0CF00F
:1004000021FA02F10CE002F11402D8BFC2F1200C73
:1004100001FA02F120FA0CFCDCBF41EA0C01904029
:10042000E41AA2BF01EB0451294330BD6FEA040472
:100430001F3C1CDA0C340EDC04F11404C4F120025D
:1004400020FA04F001FA02F340EA030021FA04F36F
:1004500045EA030130BDC4F10C04C4F1200220FAC6
:1004600002F001FA04F340EA0300294630BD21FA04
:1004700004F0294630BD94F0000F83F4801306BFCA
:1004800081F480110134013D4EE77FEA645C18BFBE
:100490007FEA655C29D094EA050F08BF90EA020F55
:1004A00005D054EA000C04BF1946104630BD91EA4D
:1004B000030F1EBF0021002030BD5FEA545C05D150
:1004C0004000494128BF41F0004130BD14F580048F
:1004D0003CBF01F5801130BD01F0004545F0FE4103
:1004E00041F470014FF0000030BD7FEA645C1ABF38
:1004F000194610467FEA655C1CBF0B46024650EA6F
:10050000013406BF52EA033591EA030F41F400219A
:1005100030BD00BF90F0000F04BF0021704730B520
:100520004FF4806404F132044FF000054FF00001F5
:1005300050E700BF90F0000F04BF0021704730B5B6
:100540004FF4806404F1320410F0004548BF40428B
:100550004FF000013EE700BF42004FEAE2014FEAE0
:1005600031014FEA02701FBF12F07F4393F07F4FBB
:1005700081F06051704732F07F4208BF704793F0BE
:100580007F4F04BF41F40021704730B54FF46074D1
:1005900001F0004521F000411CE700BF50EA0102D4
:1005A00008BF704730B54FF000050AE050EA01027D
:1005B00008BF704730B511F0004502D5404261EBED
:1005C00041014FF4806404F132045FEA915C3FF42E
:1005D000D8AE4FF003025FEADC0C18BF03325FEACB
:1005E000DC0C18BF033202EBDC02C2F1200300FA7C
:1005F00003FC20FA02F001FA03FE40EA0E0021FAA1
:1006000002F11444BDE600BF70B54FF0FF0C4CF48E
:10061000E06C1CEA11541DBF1CEA135594EA0C0F40
:1006200095EA0C0F00F0DEF82C4481EA030621EA7B
:100630004C5123EA4C5350EA013518BF52EA0335B6
:1006400041F4801143F4801338D0A0FB02CE4FF068
:100650000005E1FB02E506F00042E0FB03E54FF098
:100660000006E1FB03569CF0000F18BF4EF0010E90
:10067000A4F1FF04B6F5007F64F5407404D25FEA8C
:100680004E0E6D4146EB060642EAC62141EA55513F
:100690004FEAC52040EA5E504FEACE2EB4F1FD0C81
:1006A00088BFBCF5E06F1ED8BEF1004F08BF5FEAFF
:1006B000500E50F1000041EB045170BD06F00046B1
:1006C00046EA010140EA020081EA0301B4EB5C045E
:1006D000C2BFD4EB0C0541EA045170BD41F4801156
:1006E0004FF0000E013C00F3AB8014F1360FDEBF7B
:1006F000002001F0004170BDC4F10004203C35DA57
:100700000C341BDC04F11404C4F1200500FA05F3D9
:1007100020FA04F001FA05F240EA020001F000427A
:1007200021F0004110EBD37021FA04F642EB0601F0
:100730005EEA430E08BF20EAD37070BDC4F10C041A
:10074000C4F1200500FA04F320FA05F001FA04F2DE
:1007500040EA020001F0004110EBD37041F10001CA
:100760005EEA430E08BF20EAD37070BDC4F12005D5
:1007700000FA05F24EEA020E20FA04F301FA05F23D
:1007800043EA020321FA04F001F0004121FA04F2E5
:1007900020EA020000EBD3705EEA430E08BF20EAB5
:1007A000D37070BD94F0000F0FD101F000464000EF
:1007B00041EB010111F4801F08BF013CF7D041EA71
:1007C000060195F0000F18BF704703F00046520075
:1007D00043EB030313F4801F08BF013DF7D043EA46
:1007E0000603704794EA0C0F0CEA135518BF95EAFC
:1007F0000C0F0CD050EA410618BF52EA4306D1D183
:1008000081EA030101F000414FF0000070BD50EAA1
:10081000410606BF1046194652EA430619D094EA2B
:100820000C0F02D150EA013613D195EA0C0F05D115
:1008300052EA03361CBF104619460AD181EA030169
:1008400001F0004141F0FE4141F470014FF0000021
:1008500070BD41F0FE4141F4780170BD70B54FF0BC
:10086000FF0C4CF4E06C1CEA11541DBF1CEA13553C
:1008700094EA0C0F95EA0C0F00F0A7F8A4EB05041E
:1008800081EA030E52EA03354FEA013100F0888015
:100890004FEA03334FF0805545EA131343EA1263DE
:1008A0004FEA022245EA111545EA10654FEA002693
:1008B0000EF000419D4208BF964244F1FD0404F54C
:1008C000407402D25B084FEA3202B61A65EB0305A8
:1008D0005B084FEA32024FF480104FF4002CB6EB65
:1008E000020E75EB030E22BFB61A754640EA0C00E5
:1008F0005B084FEA3202B6EB020E75EB030E22BF25
:10090000B61A754640EA5C005B084FEA3202B6EB65
:10091000020E75EB030E22BFB61A754640EA9C0024
:100920005B084FEA3202B6EB020E75EB030E22BFF4
:10093000B61A754640EADC0055EA060E18D04FEAB2
:10094000051545EA16754FEA06164FEAC30343EA52
:1009500052734FEAC2025FEA1C1CC0D111F4801F1F
:100960000BD141EA00014FF000004FF0004CB6E718
:1009700011F4801F04BF01430020B4F1FD0C88BFB7
:10098000BCF5E06F3FF6AFAEB5EB030C04BFB6EBC2
:10099000020C5FEA500C50F1000041EB045170BDB5
:1009A0000EF0004E4EEA113114EB5C04C2BFD4EBE2
:1009B0000C0541EA045170BD41F480114FF0000E66
:1009C000013C90E645EA060E8DE60CEA135594EAE2
:1009D0000C0F08BF95EA0C0F3FF43BAF94EA0C0FE5
:1009E0000AD150EA01347FF434AF95EA0C0F7FF45A
:1009F00025AF104619462CE795EA0C0F06D152EAAE
:100A000003353FF4FDAE1046194622E750EA410691
:100A100018BF52EA43067FF4C5AE50EA41047FF4A2
:100A20000DAF52EA43057FF4EBAE12E74FF0FF3C07
:100A300006E000BF4FF0010C02E000BF4FF0010CD8
:100A40004DF804CD4FEA410C7FEA6C5C4FEA430C51
:100A500018BF7FEA6C5C1BD001B050EA410C0CBFA0
:100A600052EA430C91EA030F02BF90EA020F002002
:100A7000704710F1000F91EA030F58BF994208BF69
:100A800090422CBFD8176FEAE37040F00100704726
:100A90004FEA410C7FEA6C5C02D150EA013C07D17D
:100AA0004FEA430C7FEA6C5CD6D152EA033CD3D0C8
:100AB0005DF8040B704700BF8446104662468C46C2
:100AC0001946634600E000BF01B5FFF7B7FF0028F5
:100AD00048BF10F1000F01BD4DF808EDFFF7F4FF1E
:100AE0000CBF012000205DF808FB00BF4DF808EDA9
:100AF000FFF7EAFF34BF012000205DF808FB00BFCC
:100B00004DF808EDFFF7E0FF94BF012000205DF8ED
:100B100008FB00BF4DF808EDFFF7CEFF94BF0120A2
:100B200000205DF808FB00BF4DF808EDFFF7C4FF9B
:100B300034BF012000205DF808FB00BF4FEA410CE4
:100B40007FEA6C5C02D150EA013C0AD14FEA430CC7
:100B50007FEA6C5C02D152EA033C02D14FF0000004
:100B600070474FF0010070474FEA410212F5001242
:100B700015D211D56FF47873B3EB625212D94FEAE4
:100B8000C12343F0004343EA505311F0004F23FACE
:100B900002F018BF404270474FF00000704750EA23
:100BA000013005D111F0004008BF6FF000407047E0
:100BB0004FF00000704700BF4A0011D212F500123A
:100BC00011D20DD56FF47873B3EB62520ED44FEAA5
:100BD000C12343F0004343EA505323FA02F0704725
:100BE0004FF00000704750EA013002D14FF0FF3063
:100BF00070474FF0000070474FEA4102B2F1E04306
:100C000024BFB3F5001CDCF1FE5C0DD901F0004CF3
:100C10004FEAC0024CEA5070B2F1004F40EB830043
:100C200008BF20F00100704711F0804F21D113F16F
:100C30003872BCBF01F00040704741F480114FEAA8
:100C40005252C2F11802C2F1200C10FA0CF320FA31
:100C500002F018BF40F001004FEAC1234FEAD3234E
:100C600003FA0CFC40EA0C0023FA02F34FEA4303B8
:100C7000CCE77FEA625307D150EA01331EBF4FF041
:100C8000FE4040F44000704701F0004040F0FE405C
:100C900040F40000704700BF80F0004002E000BF59
:100CA00081F0004142001FBF5FEA410392EA030F57
:100CB0007FEA226C7FEA236C6AD04FEA1262D2EBA1
:100CC0001363C1BFD218414048404140B8BF5B42A6
:100CD000192B88BF704710F0004F40F4000020F03F
:100CE0007F4018BF404211F0004F41F4000121F055
:100CF0007F4118BF494292EA030F3FD0A2F101029F
:100D000041FA03FC10EB0C00C3F1200301FA03F1DC
:100D100000F0004302D5494260EB4000B0F5000FFF
:100D200013D3B0F1807F06D340084FEA310102F1BE
:100D30000102FE2A51D2B1F1004F40EBC25008BF70
:100D400020F0010040EA03007047490040EB00003A
:100D5000013A28BFB0F5000FEDD2B0FA80FCACF13B
:100D6000080CB2EB0C0200FA0CF0AABF00EBC25068
:100D700052421843BCBFD0401843704792F0000F56
:100D800081F4000106BF80F400000132013BB5E7A9
:100D90004FEA41037FEA226C18BF7FEA236C21D01F
:100DA00092EA030F04D092F0000F08BF0846704784
:100DB00090EA010F1CBF0020704712F07F4F04D152
:100DC000400028BF40F00040704712F100723CBF65
:100DD00000F50000704700F0004343F0FE4040F48F
:100DE000000070477FEA226216BF08467FEA23634D
:100DF0000146420206BF5FEA412390EA010F40F438
:100E0000800070474FF0000304E000BF10F0004383
:100E100048BF40425FEA000C08BF704743F096436A
:100E200001464FF000001CE050EA010208BF704785
:100E30004FF000030AE000BF50EA010208BF70470C
:100E400011F0004302D5404261EB41015FEA010C21
:100E500002BF84460146002043F0B64308BFA3F119
:100E60008053A3F50003BCFA8CF2083AA3EBC253FB
:100E700010DB01FA02FC634400FA02FCC2F120021A
:100E8000BCF1004F20FA02F243EB020008BF20F051
:100E90000100704702F1200201FA02FCC2F12002B7
:100EA00050EA4C0021FA02F243EB020008BF20EAAC
:100EB000DC70704753B94AB9002908BF00281CBF2D
:100EC0004FF0FF314FF0FF3000F0BEB9ADF1080C2C
:100ED0006DE904CE00F03CF8DDF804E0DDE9022322
:100EE00004B0704738B50022002304460D46FFF7D2
:100EF000FDFD28B920462946BDE8384000F00AB873
:100F0000204605F1004100F005F8404261EB410147
:100F100038BD00BFD0B50C4B002206460F46FFF788
:100F200073FBFFF749FE0446FFF7F4FA074B002274
:100F3000FFF76AFB02460B4630463946FFF7ACF92D
:100F4000FFF73AFE2146D0BD0000F03D0000F04121
:100F50002DE9F047089D8E4604468846002B4AD16D
:100F60008A42174662D9B2FA82F64EB1C6F1200320
:100F700001FA06F820FA03F3B74043EA0808B44040
:100F80004FEA174E1FFA87FCB8FBFEF1230C0EFB4D
:100F9000118843EA084301FB0CF29A4209D9FB1875
:100FA00001F1FF3080F0EA809A4240F2E780023996
:100FB0003B449A1AA3B2B2FBFEF00EFB102243EAA6
:100FC000024300FB0CFC9C4509D9FB1800F1FF32E1
:100FD00080F0D6809C4540F2D3803B44023840EA02
:100FE0000140A3EB0C0300211DB1F3400022C5E931
:100FF0000032BDE8F0878B4205D90DB1C5E900018B
:1010000000210846F5E7B3FA83F1002946D173457C
:1010100002D3824200F20581841A6EEB03020120A2
:101020009046002DE5D0C5E90048E2E7002A00F02F
:101030009080B2FA82F6002E40F0A4808A1A030C47
:101040004FEA174E80B2BCB20121B2FBFEFC0EFB90
:101050001C2243EA024304FB0CF29A4207D9FB1814
:101060000CF1FF3802D29A4200F2E080C4469B1A8B
:10107000B3FBFEF20EFB123340EA034302FB04F41F
:101080009C4207D9FB1802F1FF3002D29C4200F2C9
:10109000CA8002461B1B42EA0C40A5E7C1F12006AC
:1010A0008B4022FA06F71F430EFA01F420FA06F3EA
:1010B0002EFA06FE4FEA1749234300FA01F81FFAF9
:1010C00087FCBEFBF9F01C0C09FB10EE44EA0E4451
:1010D00000FB0CFEA64502FA01F209D93C1900F109
:1010E000FF3A80F09C80A64540F2998002383C444B
:1010F000A4EB0E041FFA83FEB4FBF9F309FB1344BF
:101100004EEA044403FB0CFCA44508D93C1903F146
:10111000FF3E80F08280A4457FD9023B3C4443EAF5
:101120000040A4EB0C04A0FB02EC64457346E146CE
:1011300062D35FD05DB1B8EB030264EB090404FA3B
:1011400006F622FA01F31E43CC40C5E900640021F3
:101150004FE7B1FBF2FC010C41EA0E4180B240EADC
:1011600001423B4638463C46B846BE462026B1FBC7
:10117000F7F1A2EB080241EA0C4166E7014618E7E5
:1011800010462CE7C6F120022EFA02F3B740B14018
:1011900020FA02F24FEA174E0A43B3FBFEF8BCB244
:1011A0000EFB1833110C41EA034108FB04F9B0406F
:1011B00089454FEA104380B23ED9791808F1FF3CC7
:1011C00001D289451FD8A1EB0901B1FBFEF909FB4A
:1011D00004F80EFB191192B242EA0142424529D2AB
:1011E000BA1809F1FF31C4D24245C2D2A9F10201B5
:1011F0003A44BEE7F0459DD2BEEB02036CEB070C10
:101200000138E14696E7A7EB09094944A8F1020C29
:10121000B1FBFEF909FB04F8DBE773467FE75046B4
:1012200066E70846FDE63B44023A33E7ACF1020CC0
:101230003B441CE749469CE7A1EB0901C446B1FBCE
:10124000FEF909FB04F8C4E7704700BF0000000086
:1012500080B500AF444B1B68002B7CD1434B35223B
:101260001A6043494FF00002424BC1E90023424952
:101270004FF000024FF48013C1E900233F4938A327
:10128000D3E90023C1E900233D4B14221A603C4BF3
:101290001A68364B1B6813440A333A4A1360364BBC
:1012A00093ED007BB0EE470AF0EE670A0EF088FD82
:1012B000B0EE407AF0EE607A334B83ED007B2C4B3E
:1012C000D3E900233149C1E90023304BD3E90001C0
:1012D0004FF000022E4BFFF797F902460B462D49BF
:1012E000C1E90023294B93ED007BB0EE470AF0EEF5
:1012F000670A0EF065FDB0EE407AF0EE607A264B9C
:1013000083ED007B214BD3E900232449C1E900236D
:10131000214BD3E900014FF00002214BFFF774F994
:1013200002460B461F49C1E90023144BD3E90001D3
:101330004FF000021C4BFFF791FA02460B461B4987
:10134000C1E900231A494FF000021A4BC1E90023FA
:10135000054B01221A6000BF80BD00BFAFF30080C3
:10136000182D4454FB210940FC01002000020020FC
:10137000100200200000B03C1802002020020020D3
:101380000402002008020020380200204002002051
:10139000000069404802002050020020580200204E
:1013A00000408F406002002000806640280200203C
:1013B000300200200000F87F80B582B000AF87EDDA
:1013C000000BD7E90023D7E90001FFF71DF902461A
:1013D0000B4643EC172BB0EE470AF0EE670A0837CE
:1013E000BD4680BD80B586B000AFF860B96087EDBE
:1013F000000BFB68002B06DBBB6803F10802BA6038
:10140000D3E9002303E04FF000024FF00003C7E9E7
:10141000042315E0D7E90023D7E90401FFF7F4F826
:1014200002460B4610461946BB6803F10802BA6033
:10143000D3E90023FEF732FF02460B46C7E9042337
:10144000FB68013BFB60FB68002BE3DAD7E9042370
:1014500043EC172BB0EE470AF0EE670A1837BD468B
:1014600080BD0000000000002DE9B04F2DED048B81
:1014700088B000AFF86187ED040B87ED021BBC4B11
:101480001B68002B01D1FFF7E3FEF969D7E90423BC
:10149000C1E90023F969D7E90223C1E90223FB6905
:1014A000D3E902234FF00000B249FEF7F5FE0246F1
:1014B0000B46F969C1E90423FB69D3E90245FB69DD
:1014C000D3E902234FF000004FF08041FEF7E4FE25
:1014D00002460B4620462946FFF796F802460B4681
:1014E000F969C1E90623FB69D3E90645FB6993ED78
:1014F000047BB0EE470AF0EE670AFFF75DFF53EC9E
:10150000102B20462946FFF7A9F902460B46F96938
:10151000C1E90823FB69D3E90245FB69D3E902234A
:101520004FF000004FF08041FEF7B6FE02460B463A
:1015300020462946FFF792F902460B46F969C1E9B0
:101540000A23FB69D3E90001FB69D3E90423FFF710
:101550005BF802460B46F969C1E90C23FB6993ED80
:10156000007BB0EE470AF0EE670AFFF725FF55EC67
:10157000104BFB6993ED0C7BB0EE470AF0EE670A67
:10158000FFF71AFFB0EE409AF0EE609AFB69D3E9DC
:1015900006014FF000024FF00003FFF79DFA0346EB
:1015A000002B51D1FB69D3E906014FF000024FF047
:1015B0000003FFF7B9FA0346002B17D0FB6993ED40
:1015C000067BB0EE470AF0EE670A0EF0F9FBB0EECC
:1015D000407AF0EE607AB0EE470AF0EE670A0EF05D
:1015E000ABFBB0EE408AF0EE608A18E0FB69D3E90D
:1015F00006233A6083F000437B6097ED000B0EF00A
:10160000DFFBB0EE407AF0EE607AB0EE470AF0EE23
:10161000670A0EF001FCB0EE408AF0EE608AFB69CA
:10162000D3E90623924623F0004B4BEC10AB0EF0AF
:10163000C7FB53EC102B51EC180BFFF70FF90246C8
:101640000B461046194602E04FF00000494953ECA2
:10165000192BFEF7D9FF02460B4620462946FEF716
:101660001DFE02460B46104619464FF000024FF091
:101670008043FFF7F3F802460B46F969C1E90E23F0
:101680003D4BD3E9000134A3D3E90023FEF7BCFFAF
:1016900002460B4614461D46FB69D3E902239046D9
:1016A00023F000499FED2E1B49EC108B0EF0FEFD40
:1016B00059EC108BFB69D3E902014FF000024FF0A7
:1016C0008043FFF7CBF802460B464FF00000294954
:1016D000FEF7E2FD02460B4643EC172B9FED221B63
:1016E000B0EE470AF0EE670A0EF00AFE53EC102B3C
:1016F00040464946FEF788FF02460B46104619460B
:101700004FF000024FF08043FFF7A8F802460B4667
:1017100043EC172BB0EE470AF0EE670A0EF050FBD1
:1017200053EC102B20462946FFF798F802460B464B
:10173000F969C1E91023F86900F020F8F86900F0B0
:101740006FF8F86900F0C8F800BF2037BD46BDEC5F
:10175000048BBDE8B08F00BF9A9999999999B93FC8
:10176000FCA9F1D24D62503F000000000000F03FA4
:10177000FC0100200000F03F500200202DE99043C2
:1017800087B000AF786000237B6100233B610523B5
:10179000FB6039E0FB68C3F10503FA689342A8BF18
:1017A0001346BB607B69DB001C4A1A447B6893EDDF
:1017B0000A7BB0EE470AF0EE670A1146B868FFF7F9
:1017C00011FE59EC108B7A69BB6813440133134A3C
:1017D000DB001344D3E900233C69611C39614046B6
:1017E0004946FFF73BF802460B46786804F10901C9
:1017F000C9000144C1E90023BB6802337A6913447C
:101800007B61FB68013BFB60FB68002BC2DA00BF19
:1018100000BF1C37BD46BDE8908300BF18250108F6
:101820002DE9904389B000AF78600023FB6100236D
:10183000BB6101237B6143E005233B6139E03B69E8
:10184000C3F105033A699342A8BF1346FB60FB69E5
:10185000DB00204A1A447B6893ED0A7BB0EE470A0E
:10186000F0EE670A1146F868FFF7BCFD59EC108BE3
:10187000FA69FB6813440133164ADB001344D3E9C9
:101880000023BC69611CB96140464946FEF7E6FF8A
:1018900002460B46786804F10F01C9000144C1E912
:1018A0000023FB680233FA691344FB613B69013B87
:1018B0003B613A697B699A42C1DA7B6901337B619A
:1018C0007B69052BB8DD00BF00BF2437BD46BDE8EE
:1018D000908300BFA82501082DE9904389B000AF8F
:1018E00078600023FB610023BB6100237B613FE044
:1018F00005233B6135E03B69C3F10503FB60FB69F0
:10190000DB00204A1A447B6893ED0A7BB0EE470A5D
:10191000F0EE670A1146F868FFF764FD59EC108B8A
:10192000FA69FB6813440133164ADB001344D3E918
:101930000023BC69611CB96140464946FEF78EFF31
:1019400002460B46786804F11E01C9000144C1E952
:101950000023FB680233FA691344FB613B69013BD6
:101960003B613A697B699A42C5DA7B6901337B61E5
:101970007B69052BBCDD00BF00BF2437BD46BDE839
:10198000908300BF1027010880B485B000AF786055
:101990000023FB730023BB607B681B78242B0DD1D5
:1019A0007B6801337B6009E0BB687A6813441A786E
:1019B000FB7B5340FB73BB680133BB60BB687A6839
:1019C00013441B78002B05D0BB687A6813441B783E
:1019D0002A2BE9D1FB7B18461437BD465DF8047B02
:1019E0007047000080B5C6B002AF07F58873A3F555
:1019F0008673186007F58873A3F586731B681B78D8
:101A0000242B11D007F58873A3F5867307F188009E
:101A10001B681D4A80210BF017FC07F58873A3F59E
:101A2000867307F188021A6007F58873A3F5867339
:101A30001868FFF7A9FF034687F80F3197F80F21C1
:101A400007F58873A3F5867307F1080000921B68F9
:101A50000E4A80210BF0F8FBC7F80801D7F80831CF
:101A60009AB207F108014FF47A73094808F0A0FB15
:101A70000346002B01D1002300E00123184607F59F
:101A80008877BD4680BD00BF501801085418010872
:101A90004006002080B500AF1048FFF7A3FF642088
:101AA00004F0DCFF0E48FFF79DFF642004F0D6FF32
:101AB0000C48FFF797FF642004F0D0FF0A48FFF7B7
:101AC00091FF642004F0CAFF4FF480720749084870
:101AD00008F0F9FB0023184680BD00BF601801081C
:101AE0007018010880180108901801086802002089
:101AF0004006002080B582B000AF7860786800F0C2
:101B000067F9786800F0C0F9786800F07BFC00BFE6
:101B10000837BD4680BD000080B52DED028B86B034
:101B200000AF7860786800F065FA786800F000FB34
:101B3000786800F089FB8C4B93ED008A8A4B93ED1B
:101B4000017A894BD3ED017A27EE277A864BD3EDC4
:101B5000026A854BD3ED027A66EEA77A77EE277A92
:101B6000B0EE670A0EF0FAFAF0EE407AF0EE670A8D
:101B7000B0EE480A0EF0F0FA87ED050A7A4B93EDC5
:101B8000018A794B93ED007A774BD3ED007A27EEFB
:101B9000277A754BD3ED026A734BD3ED027A66EE6A
:101BA000A77A77EE277AB0EE670A0EF0D7FAF0EE52
:101BB000407AF0EE670AB0EE480A0EF0CDFA87EDF3
:101BC000040AD7ED057A9FED697A27EE877ADFED73
:101BD000686AC7EE267A644BC3ED187AD7ED047AAB
:101BE0009FED627A27EE877ADFED616AC7EE267A8B
:101BF0005D4BC3ED1A7A5C4BD3ED187A9FED5D7A9D
:101C0000F4EEC77AF1EE10FA02DD574B5A4A1A6623
:101C1000554BD3ED187A9FED597AF4EEC77AF1EE71
:101C200010FA02D5504B564A1A664F4B93ED0C8A68
:101C300097ED050A0EF0B0FAF0EE407A28EE278A0A
:101C4000494BD3ED0E8A97ED050A0EF0E9FAF0EE56
:101C5000407A68EEA77A78EE277AC7ED037A424B8E
:101C600093ED0C8A97ED040A0EF0DAFAF0EE407A62
:101C700028EE278A97ED050A0EF0D2FAF0EE407AA8
:101C800028EE278A384BD3ED0D8A97ED040A0EF023
:101C900083FAF0EE407A68EEA77A38EE278A324B64
:101CA000D3ED0E8A97ED040A0EF0BAFAF0EE407A00
:101CB00068EEA78A97ED050A0EF06EFAF0EE407A0C
:101CC00068EEA77A78EE677AC7ED027AD7ED027AE6
:101CD000F1EE677AD7ED030AB0EE670A0EF03CFA30
:101CE000F0EE407A9FED217A27EE877ADFED206AC9
:101CF000C7EE267A1C4BC3ED197A1B4BD3ED197A2C
:101D0000F5EEC07AF1EE10FA09D5174BD3ED197A3A
:101D10009FED1C7A77EE877A134BC3ED197A124B3D
:101D20001B6E1846FEF718FC02460B46164801F0DB
:101D30006BFC0D4B5B6E1846FEF70EFC02460B4625
:101D4000124801F061FC084B9B6E1846FEF704FC3C
:101D500002460B460E4801F057FC00BF1837BD463F
:101D6000BDEC028B80BD00BF940300200000344313
:101D7000DB0F49400000B4420000B4420000B4C28E
:101D80000000B4C20000B4436419010880190108BE
:101D90009819010880B586B002AF3A601A4603462A
:101DA000FB710B46BB7113467B71FB793B73BB79AF
:101DB0007B737B7999B2642307F10C0200930223B1
:101DC000386805F04FFE00BF1037BD4680BD0000EB
:101DD00080B586B004AF7860642302930123019339
:101DE000274B009301237522D021786805F038FF36
:101DF000234B1B78712B3ED1D0237A6880216B2036
:101E0000FFF7C8FF642004F029FED0237A6801217F
:101E10006B20FFF7BFFF0A2004F020FED0237A6872
:101E200000216C20FFF7B6FFD0237A6803211A2027
:101E3000FFF7B0FFD0237A6803211920FFF7AAFF2C
:101E4000D0237A6808211B20FFF7A4FFD0237A68EB
:101E500010211C20FFF79EFFD0237A6803211D204C
:101E6000FFF798FFD0237A6802213720FFF792FF0F
:101E7000044801F0C9FB00BF0837BD4680BD00BF64
:101E800090030020B41901082DE9B04388B004AFD5
:101E9000786064230293012301934E4B0093012346
:101EA00000221821786805F0DBFE4A4B1B781946A2
:101EB000494801F0A9FB474B1B78482B40F085802F
:101EC00018237A6801210B20FFF764FF142004F027
:101ED000C5FD18237A6800210A20FFF75BFF0A205E
:101EE00004F0BCFD18237A680F210A20FFF752FF87
:101EF0000A2004F0B3FD6423029303230193374BBC
:101F00000093012310221821786805F0A9FE002310
:101F1000FB6019E0314AFB6813441B78803B07EEF5
:101F2000903AB8EEE77ADFED2E6AC7EE267AB7EE82
:101F3000007A77EE877A2B4AFB689B001344C3ED47
:101F4000007AFB680133FB60FB68022BE2DD234B68
:101F50001B781946214B5B781A46204B9B78224808
:101F600001F052FB1F4B1B681846FEF7F5FA80463E
:101F700089461C4B5B681846FEF7EEFA04460D4690
:101F8000184B9B681846FEF7E7FA02460B46CDE968
:101F90000223CDE9004542464B46144801F034FB8C
:101FA00018237A6800210A20FFF7F4FE0A2004F0C3
:101FB00055FD18237A6816210A20FFF7EBFE0A2048
:101FC00004F04CFD0A4801F01FFB00BF1037BD466E
:101FD000BDE8B08390030020CC19010880030020E5
:101FE0000000804384030020DC190108EC1901087B
:101FF000041A010880B588B004AF786064230293A6
:1020000006230193434B009301233B22D0217868A0
:1020100005F026FE0346002B03D03F4801F0F4FAFA
:1020200075E03C4B1B781BB21B021AB2394B5B7834
:102030001BB21343FB81374B9B781BB21B021AB2B6
:10204000344BDB781BB21343BB81324B1B791BB281
:102050001B021AB22F4B5B791BB213437B81B7F97A
:102060000E3007EE903AB8EEE77A2C4BD3ED037AB8
:1020700037EE677ADFED2A6AC7EE267A274BC3ED83
:10208000007AB7F90C3007EE903AB8EEE77A234BB6
:10209000D3ED047A37EE677ADFED216AC7EE267A50
:1020A0001E4BC3ED017AB7F90A3007EE903AB8EE4D
:1020B000E77A1A4BD3ED057A37EE677ADFED186AC7
:1020C000C7EE267AB7EE007A77EE877A134BC3ED28
:1020D000027A124B1B681846FEF73EFA02460B4680
:1020E000104801F091FA0D4B5B681846FEF734FA80
:1020F00002460B460C4801F087FA084B9B681846CD
:10210000FEF72AFA02460B46084801F07DFA10371E
:10211000BD4680BD68030020141A01089403002006
:1021200000008045281A01083C1A0108501A0108CD
:1021300080B588B004AF78606423029306230193CE
:102140003A4B009301234322D021786805F088FDA3
:102150000346002B03D0364801F056FA62E0334BB9
:102160001B781BB21B021AB2304B5B781BB21343B5
:10217000FB812E4B9B781BB21B021AB22B4BDB78D8
:102180001BB21343BB81294B1B791BB21B021AB232
:10219000264B5B791BB213437B81B7F90E3007EEF8
:1021A000903AB8EEE77ADFED236AC7EE267A224B43
:1021B000C3ED067AB7F90C3007EE903AB8EEE77A3D
:1021C000DFED1C6AC7EE267A1B4BC3ED077AB7F921
:1021D0000A3007EE903AB8EEE77ADFED166AC7EEFE
:1021E000267A154BC3ED087A134B9B691846FEF708
:1021F000B3F902460B46114801F006FA0E4BDB69B3
:102200001846FEF7A9F902460B460D4801F0FCF905
:10221000094B1B6A1846FEF79FF902460B46094810
:1022200001F0F2F91037BD4680BD00BF70030020F9
:10223000141A01080000834294030020641A010864
:102240007C1A0108941A010880B588B004AF786040
:1022500064230293072301935B4B00930123032222
:102260001821786805F0FCFC0346002B03D0574882
:1022700001F0CAF9A4E0544B5B781BB21B021AB2FE
:10228000514B1B781BB21343FB814F4BDB781BB2C6
:102290001B021AB24C4B9B781BB21343BB814A4BB7
:1022A0005B791BB21B021AB2474B1B791BB213435B
:1022B0007B81474B474ADA63454B474A1A64444B94
:1022C000464A5A64424B464A9A64414B454ADA644C
:1022D0003F4B454A1A65B7F90E3007EE903AB8EE13
:1022E000E77A424BD3ED007A67EE277A9FED407A8A
:1022F00027EE877A364BD3ED0F7A37EE677A344B79
:10230000D3ED127A67EE277A314BC3ED0C7AB7F929
:102310000C3007EE903AB8EEE77A344BD3ED017A01
:1023200067EE277A9FED327A27EE877A284BD3ED36
:10233000107A37EE677A264BD3ED137A67EE277A59
:10234000234BC3ED0D7AB7F90A3007EE903AB8EE99
:10235000E77A264BD3ED027A67EE277A9FED247A4F
:1023600027EE877A1A4BD3ED117A37EE677A184B3E
:10237000D3ED147A67EE277A154BC3ED0E7A144B22
:102380001B6B1846FEF7E8F802460B46194801F0A9
:102390003BF90F4B5B6B1846FEF7DEF802460B4627
:1023A000154801F031F90A4B9B6B1846FEF7D4F83B
:1023B00002460B46114801F027F9114801F024F9B3
:1023C0001037BD4680BD00BF78030020141A0108F5
:1023D000940300204A8C0542D9CE034277BE0FC237
:1023E0001748883F1C7C713F20D27F3F8403002028
:1023F0009A99193EAC1A0108C01A0108D41A0108AA
:10240000E81A01082DE9F04FD7B00AAFF8676B461C
:102410001E464FF000024FF00003C7E94A234FF079
:1024200000024FF00003C7E948234FF000024FF0CD
:102430000003C7E946234FF000024FF00003C7E94D
:1024400044234FF000024FF00003C7E942234FF04E
:1024500000024FF00003C7E940234FF47A73C7F836
:10246000CC30D7F8CC100B46013BC7F8C83000235E
:102470000C461D464FF000024FF000032B0143EACB
:10248000147322010023884699464FF000024FF052
:1024900000034FEA091343EA18734FEA08124B008E
:1024A0000733DB08DB00ADEB030D0AAB01335B0840
:1024B0005B00C7F8C430D7F8CC100B46013BC7F817
:1024C000C03000238A469B464FF000024FF00003C5
:1024D0004FEA0B1343EA1A734FEA0A1200233967D3
:1024E0007B674FF000024FF00003D7E91C452846F8
:1024F0000301204643EA1073204602014B000733D4
:10250000DB08DB00ADEB030D0AAB01335B085B00BE
:10251000C7F8BC30D7F8CC100B46013BC7F8B83031
:102520000023B966FB664FF000024FF00003D7E9C5
:102530001A4528460301204643EA1073204602014B
:10254000002339667B664FF000024FF00003D7E9A5
:10255000184528460301204643EA1073204602012D
:102560004B000733DB08DB00ADEB030D0AAB013397
:102570005B085B00C7F8B430C64801F045F84FF47B
:102580007A7004F06BFA0023C7F8FC30F3E06423A0
:10259000029306230193C04B009301234322D021D1
:1025A000F86F05F05DFB0346002B40F05F84BA4BEB
:1025B0001B781BB21B021AB2B74B5B781BB21343DA
:1025C000A7F88A30B44B9B781BB21B021AB2B24BED
:1025D000DB781BB21343A7F88830AF4B1B791BB2D3
:1025E0001B021AB2AC4B5B791BB21343A7F88630BF
:1025F000D7F8C410D7F8FC20B7F88A3021F8123089
:10260000D7F8BC10D7F8FC20B7F8883021F8123082
:10261000D7F8B410D7F8FC20B7F8863021F812307C
:10262000B7F98A30DA17BB65FA65D7E94A23D7E9E3
:10263000164521465118B96229464B41FB62D7E93C
:102640000A34C7E94A34B7F98830DA173B657A6546
:10265000D7E94823D7E9144521465118396229465C
:102660004B417B62D7E90834C7E94834B7F9863073
:10267000DA17BB64FA64D7E94623D7E91245214645
:102680005118B96129464B41FB61D7E90634C7E9C6
:1026900046346423029306230193804B0093012365
:1026A0003B22D021F86F05F0DBFA0346002B40F007
:1026B000DF837A4B1B781BB21B021AB2774B5B7815
:1026C0001BB21343A7F88430744B9B781BB21B02D8
:1026D0001AB2724BDB781BB21343A7F882306F4BF0
:1026E0001B791BB21B021AB26C4B5B791BB21343F2
:1026F000A7F88030B7F98430DA173B647A64D7E9F9
:102700004423D7E9104521465118396129464B41E8
:102710007B61D7E90434C7E94434B7F98230DA176A
:10272000BB63FA63D7E94223D7E90E452146511826
:10273000B96029464B41FB60D7E90234C7E942340E
:10274000B7F98030DA173B637A63D7E94023D7E9DA
:102750000C4521465118396029464B417B60D7E929
:102760000034C7E94034052004F078F9D7F8FC308C
:102770000133C7F8FC30D7F8FC20D7F8CC309A42A8
:10278000FFF405AFD7E94A01FEF756FB06EE900AC3
:10279000D7F8CC3007EE903AB8EE677AC6EE877A73
:1027A0003F4BC3ED097AD7E94801FEF745FB06EE3A
:1027B000900AD7F8CC3007EE903AB8EE677AC6EEBA
:1027C000877A374BC3ED0A7AD7E94601FEF734FB27
:1027D00006EE900AD7F8CC3007EE903AB8EE677A5A
:1027E000C6EE877A2E4BC3ED0B7AD7E94401FEF78C
:1027F00023FB06EE900AD7F8CC3007EE903AB8EEFD
:10280000677AC6EE877A264BC3ED037AD7E9420191
:10281000FEF712FB06EE900AD7F8CC3007EE903A9E
:10282000B8EE677AC6EE877A1D4BC3ED047AD7E916
:102830004001FEF701FB06EE900AD7F8CC3007EE18
:10284000903AB8EE677AC6EE877A154BC3ED057AF3
:102850004FF000024FF00003C7E94A234FF0000297
:102860004FF00003C7E948234FF000024FF0000388
:10287000C7E946234FF00003C7F8F8304FF00003D4
:10288000C7F8F4304FF00003C7F8F0300023C7F862
:10289000EC307EE0EC1A0108700300206803002091
:1028A00094030020D7F8C430D7F8EC2033F9123065
:1028B00007EE903AB8EEE77AB34BD3ED097A37EEEC
:1028C000677AD7F8C430D7F8EC2033F9123007EE26
:1028D000903AF8EEE76AAC4BD3ED097A76EEE77AF8
:1028E00067EE277A97ED3E7A77EE277AC7ED3E7A44
:1028F000D7F8BC30D7F8EC2033F9123007EE903A15
:10290000B8EEE77AA04BD3ED0A7A37EE677AD7F8BC
:10291000BC30D7F8EC2033F9123007EE903AF8EEDD
:10292000E76A994BD3ED0A7A76EEE77A67EE277A73
:1029300097ED3D7A77EE277AC7ED3D7AD7F8B43038
:10294000D7F8EC2033F9123007EE903AB8EEE77A78
:102950008D4BD3ED0B7A37EE677AD7F8B430D7F8D2
:10296000EC2033F9123007EE903AF8EEE76A864B26
:10297000D3ED0B7A76EEE77A67EE277A97ED3C7A1D
:1029800077EE277AC7ED3C7AD7F8EC300133C7F8F9
:10299000EC30D7F8EC20D7F8CC309A4282D3D7F875
:1029A000CC30013B07EE903AB8EE677AD7ED3E6A3D
:1029B000C6EE877AC7ED3E7AD7F8CC30013B07EEFA
:1029C000903AB8EE677AD7ED3D6AC6EE877AC7EDE2
:1029D0003D7AD7F8CC30013B07EE903AB8EE677AF3
:1029E000D7ED3C6AC6EE877AC7ED3C7A97ED3E0A92
:1029F0000DF0B4FBF0EE407A634BC3ED157A97ED22
:102A00003D0A0DF0ABFBF0EE407A5F4BC3ED167A5A
:102A100097ED3C0A0DF0A2FBF0EE407A5A4BC3ED65
:102A2000177A5A4800F0F0FD574BD3ED037A9FED2B
:102A3000587AC7EE876A16EE900AFDF78DFDC7E952
:102A40001C01514BD3ED047A9FED517AC7EE876A92
:102A500016EE900AFDF780FD04460D464A4BD3ED75
:102A6000057A9FED4B7AC7EE876A16EE900AFDF75E
:102A700073FD80468946444BD3ED097A9FED457A34
:102A8000C7EE876A16EE900AFDF766FD82468B4612
:102A90003D4BD3ED0A7A9FED3F7AC7EE876A16EE7B
:102AA000900AFDF759FDC7E91A01374BD3ED0B7AB0
:102AB0009FED387AC7EE876A16EE900AFDF74CFD57
:102AC00002460B46CDE9082397ED1A7B8DED067B78
:102AD000CDE904ABCDE90289CDE90045D7E91C2356
:102AE0002D4800F091FD284BD3ED157A9FED297A02
:102AF000C7EE876A16EE900AFDF72EFD80468946DE
:102B0000214BD3ED167A9FED237AC7EE876A16EE36
:102B1000900AFDF721FD04460D461B4BD3ED177AB5
:102B20009FED1C7AC7EE876A16EE900AFDF714FD3A
:102B300002460B46CDE90223CDE9004542464B460D
:102B4000164800F061FD164800F05EFD4FF4FA6093
:102B500003F084FF134BC7F8E830124BC7F8E4309A
:102B6000104BC7F8E030104BC7F8DC300E4BC7F8FD
:102B7000D8300D4BC7F8D4304FF47A73C7F8B03063
:102B80000023C7F8D030BFE094030020241B0108C5
:102B90000000804500008342481B01089C1B01087F
:102BA000CC1B0108286B6E4E286B6ECE64230293FB
:102BB00007230193B34B0093012303221821F86FDD
:102BC00005F04EF80346002B40F05481AD4B5B7886
:102BD0001BB21B021AB2AB4B1B781BB21343A7F8F4
:102BE0009E30A84BDB781BB21B021AB2A54B9B7818
:102BF0001BB21343A7F89C30A24B5B791BB21B029C
:102C00001AB2A04B1B791BB21343A7F89A30B7F93D
:102C10009E3007EE903AB8EEE77A9B4BD3ED007A00
:102C200067EE277AC7ED257AB7F99C3007EE903A20
:102C3000B8EEE77A944BD3ED017A67EE277AC7EDC9
:102C4000247AB7F99A3007EE903AB8EEE77A8E4BCD
:102C5000D3ED027A67EE277AC7ED237A97ED257ACE
:102C6000D7ED3A7AB4EEE77AF1EE10FA03D5D7F859
:102C70009430C7F8E83097ED257AD7ED377AB4EE7F
:102C8000E77AF1EE10FA03DDD7F89430C7F8DC30BC
:102C900097ED247AD7ED397AB4EEE77AF1EE10FAAF
:102CA00003D5D7F89030C7F8E43097ED247AD7ED04
:102CB000367AB4EEE77AF1EE10FA03DDD7F8903009
:102CC000C7F8D83097ED237AD7ED387AB4EEE77AA3
:102CD000F1EE10FA03D5D7F88C30C7F8E03097ED55
:102CE000237AD7ED357AB4EEE77AF1EE10FA03DD08
:102CF000D7F88C30C7F8D4300A2003F0AFFED7F8ED
:102D0000D0300133C7F8D030D7F8D020D7F8B03062
:102D10009A42FFF44BAF97ED377AD7ED3A7A37EE18
:102D2000277AF0EE006AC7EE267A9FED587A67EEB2
:102D3000877A574BC3ED0F7A97ED367AD7ED397A0C
:102D400037EE277AF0EE006AC7EE267A9FED4F7ACB
:102D500067EE877A4E4BC3ED107A97ED357AD7ED53
:102D6000387A37EE277AF0EE006AC7EE267A9FEDC2
:102D7000477A67EE877A464BC3ED117A97ED377A3B
:102D8000D7ED3A7A37EE677AF0EE006AC7EE267A28
:102D9000C7ED2B7A97ED367AD7ED397A37EE677A29
:102DA000F0EE006AC7EE267AC7ED2A7A97ED357AFB
:102DB000D7ED387A37EE677AF0EE006AC7EE267AFA
:102DC000C7ED297A97ED2B7AD7ED2A7A37EE277A55
:102DD000D7ED297A37EE277AF0EE086AC7EE267A21
:102DE000C7ED287AD7ED286A97ED2B7AC6EE877A59
:102DF000274BC3ED127AD7ED286A97ED2A7AC6EEF3
:102E0000877A234BC3ED137AD7ED286A97ED297A99
:102E1000C6EE877A1E4BC3ED147A1E4800F0F4FB11
:102E20001D4800F0F1FB1A4BDB6B1846FDF794FBD5
:102E300080468946164B1B6C1846FDF78DFB0446F1
:102E40000D46134B5B6C1846FDF786FB02460B469E
:102E5000CDE90223CDE9004542464B460F4800F03C
:102E6000D3FB0F4800F0D0FBB54605E000BF02E001
:102E700000BF00E000BFB54607F59A77BD46BDE844
:102E8000F08F00BF78030020840300209A99193E38
:102E900094030020081C01082C1C0108381C0108A0
:102EA000641C01080000000080B500AF03F094FD31
:102EB00000F08EF800F0C8FA00F090FA00F03AFA4C
:102EC00000F04AF900F060FA00F07CF900F0E8F850
:102ED00000F014F900F0ACF900F0E0F901F00AFCA0
:102EE000642003F0BBFDFEF7D5FD642003F0B6FDC2
:102EF0009FED2B1B9FED2C0B2D48FEF7B5FA6420A0
:102F000003F0ACFD2B492C4801F062FC642003F077
:102F1000A5FD01F0FFFB1421002001F005FC4FF49A
:102F20007A71012001F000FC244B1B78012B28D181
:102F30001421002001F0F8FB1E48FEF7EDFD2049AA
:102F40001D4803F0E5FC1C4B9B681846FDF704FB8D
:102F500002460B461B49C1E90023174B5B68184624
:102F6000FDF7FAFA02460B461749C1E90023124B56
:102F70001B681846FDF7F0FA02460B461349C1E9F3
:102F800000230E4B5B78012BCED14FF47A710120D8
:102F900001F0CAFB01F0B7FBC6E700BFAFF300804A
:102FA00028E1F3845A776B3F00000040A654584153
:102FB0009807002000040020340A00201C0A00208A
:102FC000940300206007002068070020700700209D
:102FD00080B594B000AF07F12003302200211846DD
:102FE0000AF00AFA07F10C0300221A605A609A608C
:102FF000DA601A610023BB60274B1B6C264A43F042
:1030000080531364244B1B6C03F08053BB60BB687C
:1030100000237B60214B1B68204A43F4404313602C
:103020001E4B1B6803F440437B607B6801233B62BB
:103030004FF480337B620223BB634FF48003FB6356
:103040000C233B6460237B640223BB640423FB6486
:1030500007F12003184605F0D5FB0346002B01D0ED
:1030600000F0CCFA0F23FB6002233B6100237B615D
:103070004FF48053BB610023FB6107F10C03032174
:10308000184605F037FE0346002B01D000F0B6FAD3
:1030900000BF5037BD4680BD003802400070004080
:1030A00080B500AF124B134A1A60114B124A5A6096
:1030B0000F4B00229A600E4B0022DA600C4B4FF44B
:1030C00080421A610A4B00225A61094B00229A6120
:1030D000074B0022DA61064B00221A62044804F012
:1030E0007DFB0346002B01D000F088FA00BF80BDB5
:1030F0000004002000580040A086010080B500AF09
:10310000124B134A1A60114B124A5A600F4B00229D
:103110009A600E4B0022DA600C4B4FF480421A6129
:103120000A4B00225A61094B00229A61074B002288
:10313000DA61064B00221A62044804F04FFB034692
:10314000002B01D000F05AFA00BF80BD54040020CB
:10315000005C0040A086010080B500AF174B184A04
:103160001A60164B4FF482725A60144B00229A6018
:10317000124B0022DA60114B00221A610F4B002221
:103180005A610E4B4FF400729A610C4B0022DA61C7
:103190000A4B00221A62094B00225A62074B002296
:1031A0009A62064B0A22DA62044805F0B5FF03462C
:1031B000002B01D000F022FA00BF80BDA80400203F
:1031C0000030014080B500AF174B184A1A60164B0B
:1031D0004FF482725A60144B00229A60124B002204
:1031E000DA60114B00221A610F4B00225A610E4B1C
:1031F00000229A610C4B0022DA610B4B00221A620A
:10320000094B00225A62084B00229A62064B0A229E
:10321000DA62054805F080FF0346002B01D000F07C
:10322000EDF900BF80BD00BF000500200038004060
:1032300080B500AF174B184A1A60164B4FF48272D4
:103240005A60144B00229A60124B0022DA60114B34
:1032500000221A610F4B00225A610E4B00229A6124
:103260000C4B0022DA610B4B00221A62094B002240
:103270005A62084B00229A62064B0A22DA6205481B
:1032800005F04AFF0346002B01D000F0B7F900BF5C
:1032900080BD00BF58050020003C004080B586B0CE
:1032A00000AF07F1080300221A605A609A60DA60E2
:1032B0003B4600221A605A601D4B4FF080421A6054
:1032C0001B4B42F20F725A60194B00229A60184B46
:1032D0006322DA60164B00221A61154B00229A61B4
:1032E000134806F0E1FA0346002B01D000F086F9FE
:1032F0004FF48053BB6007F1080319460C4806F0F1
:1033000075FC0346002B01D000F078F900233B60E8
:1033100000237B603B461946054806F077FE0346CE
:10332000002B01D000F06AF900BF1837BD4680BD00
:10333000B005002080B500AF114B124A1A60104B47
:103340004FF4E1325A600E4B00229A600C4B00227F
:10335000DA600B4B00221A61094B0C225A61084BB0
:1033600000229A61064B0022DA61054806F0D0FE81
:103370000346002B01D000F041F900BF80BD00BF23
:10338000F80500200010014080B500AF114B124A33
:103390001A60104B4FF4E1325A600E4B00229A60D3
:1033A0000C4B0022DA600B4B00221A61094B0C22F5
:1033B0005A61084B00229A61064B0022DA610548E7
:1033C00006F0A6FE0346002B01D000F017F900BF5F
:1033D00080BD00BF400600200044004080B582B0A0
:1033E00000AF00237B60174B1B6B164A43F400139E
:1033F0001363144B1B6B03F400137B607B68002387
:103400003B60104B1B6B0F4A43F4800313630D4B5F
:103410001B6B03F480033B603B68002200211020FB
:1034200003F0F8FB102003F011FC002200214620DD
:1034300003F0F0FB462003F009FC00BF0837BD464F
:1034400080BD00BF0038024080B58AB000AF07F1F0
:10345000140300221A605A609A60DA601A6100232D
:103460003B61404B1B6B3F4A43F0040313633D4BEE
:103470001B6B03F004033B613B690023FB60394B8A
:103480001B6B384A43F080031363364B1B6B03F00E
:103490008003FB60FB680023BB60324B1B6B314A2F
:1034A00043F0010313632F4B1B6B03F00103BB605D
:1034B000BB6800237B602B4B1B6B2A4A43F0020343
:1034C0001363284B1B6B03F002037B607B680022B5
:1034D0004FF40051244804F04DF9002210212348F4
:1034E00004F048F900220321214804F043F94FF485
:1034F00000537B610123BB610023FB6100233B621E
:1035000007F114031946184803F0B0FF01237B614B
:103510000023BB610023FB6107F114031946134824
:1035200003F0A4FF10237B610123BB610023FB6137
:1035300000233B6207F1140319460C4803F096FF81
:1035400003237B610123BB610023FB6100233B62FA
:1035500007F114031946064803F088FF00BF283717
:10356000BD4680BD00380240000802400000024015
:103570000004024080B582B000AF78600B467B80CB
:103580007B681B680D4A934214D14FF400510C48DC
:1035900004F009F94FF480720A490B4806F093FED3
:1035A0007B68DB6B1B681A687B68DB6B1B6822F02F
:1035B00008021A6000BF0837BD4680BD00440040C5
:1035C00000080240680200204006002080B582B05A
:1035D00000AF78607B681B68B3F1804F01D101F0C8
:1035E000C5F87B681B68044A934201D103F016FAC0
:1035F00000BF0837BD4680BD0008004080B400AF62
:1036000072B600BF00BFFDE70FB480B582B000AF57
:1036100007F114033B603B683A698021104809F0C8
:10362000DDFE78607B68802B05DD80237B6002E017
:10363000012003F013FA0B4B93F84130DBB2202B3F
:10364000F6D17B689AB264230549064806F0B0FDBE
:1036500000BF0837BD46BDE8804004B0704700BFDA
:1036600030090020F805002080B500AF00221021AD
:10367000024804F07FF800BF80BD00BF0000024098
:1036800080B500AF01221021024804F073F800BF9A
:1036900080BD00BF0000024080B500AF00220121C4
:1036A000064804F067F8052003F0D8F9012201214B
:1036B000024804F05FF800BF80BD00BF0004024074
:1036C00080B582B000AF0346FB710022022107489B
:1036D00004F050F8F91D4FF0FF330122044805F0C3
:1036E000A4FD00BF0837BD4680BD00BF00040240F6
:1036F000A804002080B582B000AF78603960012254
:103700000221074804F036F83B689AB24FF0FF33C5
:103710007968044805F089FD00BF0837BD4680BDC3
:1037200000040240A804002080B584B000AF786097
:103730007B685A1C7A601B78FB7334E07B685A1CE8
:103740007A601B78FB72FB7A1846FFF7B9FF7B683B
:103750005A1C7A601B78BB72BB7A9BB203F0800361
:10376000BB81BB7A03F07F03BB72BB7A002B08D00E
:10377000BB7A19467868FFF7BDFFBB7A7A681344B5
:103780007B60BB89002B0ED07B685A1C7A601B784B
:10379000BB81BB89FF2B02D14FF4FA73BB81BB897C
:1037A000184603F05BF9FB7B5A1EFA73002BC5D158
:1037B00000BF00BF1037BD4680BD90B585B000AFDB
:1037C0000446084611461A462346FB710346BB7160
:1037D0000B467B7113463B712A20FFF771FF0023D4
:1037E0003B73FB790133DBB27B730023BB737B79C3
:1037F0000133DBB2FB7307F10C0304211846FFF71A
:1038000079FF2B20FFF75CFFBB790233DBB27B73C0
:103810003B790233DBB2FB7307F10C03042118463A
:10382000FFF768FF2C20FFF74BFF00BF1437BD46A2
:1038300090BD000080B500AFFFF716FFFFF72CFF2B
:103840000648FFF771FF0648FFF76EFF0548FFF7D0
:103850006BFFFFF715FF00BF80BD00BF782901088F
:10386000B4290108C429010882B090B589B000AF1D
:103870007B630346FB800B46BB801346FB70FB88D3
:10388000D8B2BB88D9B2FB88DAB297F83430134487
:10389000DBB2013BDCB2BB88DAB297F835301344B7
:1038A000DBB2013BDBB22246FFF787FF0023FB615F
:1038B00043E0BA6BFB78203B97F8351001FB03F32C
:1038C0001946FB690B445B0013441B887B61002392
:1038D000BB6129E07A69BB6902FA03F303F4004390
:1038E000002B0ED0BB8F1B0A9BB2DBB23B74BB8F8D
:1038F000DBB27B7407F1100302211846FFF7FAFED2
:103900000FE0B7F840301B0A9BB2DBB23B73B7F84D
:103910004030DBB27B7307F10C0302211846FFF73E
:10392000E9FEBB690133BB6197F834301A46BB69C5
:103930009342CFD3FB690133FB6197F835301A46C8
:10394000FB699342B5D300BF00BF2437BD46BDE835
:10395000904002B0704782B080B586B004AF3A6044
:103960007B610346FB800B46BB80FFF77DFE2DE0AD
:10397000FB883A7D13449F2B13DD0023FB807B7D66
:103980001A46BB881344BB80BB887A7D13447F2BC7
:1039900021DC3B681B78202B03D13B6801333B6063
:1039A00014E03B681A78B988F8883B8C0293BB8B8B
:1039B0000193BB6900937B69FFF756FF3B7D1A4675
:1039C000FB881344FB803B6801333B603B681B78FA
:1039D000002BCDD100E000BFFFF752FE00BF08373B
:1039E000BD46BDE8804002B07047000090B585B08C
:1039F00000AF0446084611461A462346FB8003469C
:103A0000BB800B467B8013463B80FB889F2B57D89F
:103A1000BB887F2B54D8FA887B881344A02B03DD06
:103A2000FB88C3F1A0037B80BA883B881344802BBA
:103A300003DDBB88C3F180033B80FFF715FEFB88E5
:103A4000D8B2BB88D9B2FB88DAB27B88DBB2134428
:103A5000DBB2013BDCB2BB88DAB23B88DBB2134499
:103A6000DBB2013BDBB22246FFF7A7FE3B8C1B0A11
:103A70009BB2DBB23B733B8CDBB27B730122022136
:103A8000114803F077FE3B88BB8013E07B88FB8006
:103A90000AE007F10C014FF0FF3302220B4805F05A
:103AA000C4FBFB88013BFB80FB88002BF1D1BB886A
:103AB000013BBB80BB88002BE8D1FFF7E1FD00E0B4
:103AC00000BF1437BD4690BD00040240A80400208A
:103AD00080B584B002AF0346FB80FB88009380234F
:103AE000A02200210020FFF781FF00BF0837BD465C
:103AF00080BD000080B483B000AF00237B60104B1A
:103B00005B6C0F4A43F4804353640D4B5B6C03F4CE
:103B100080437B607B6800233B60094B1B6C084A39
:103B200043F080531364064B1B6C03F080533B60DF
:103B30003B6800BF0C37BD465DF8047B704700BF93
:103B40000038024080B58CB000AF786007F11C03EC
:103B500000221A605A609A60DA601A617B681B68FA
:103B60004B4A93423ED10023BB614A4B1B6B494AEF
:103B700043F002031363474B1B6B03F00203BB616B
:103B8000BB694FF48063FB6112233B6200237B62BD
:103B90000323BB620423FB6207F11C0319463E4862
:103BA00003F064FC4FF40073FB6112233B620023BB
:103BB0007B620323BB620923FB6207F11C031946E6
:103BC000354803F053FC00237B61324B1B6C314AB8
:103BD00043F4800313642F4B1B6C03F480037B615D
:103BE0007B6950E07B681B682C4A93424BD10023D1
:103BF0003B61284B1B6B274A43F001031363254BA2
:103C00001B6B03F001033B613B690023FB60214B0D
:103C10001B6B204A43F0020313631E4B1B6B03F024
:103C20000203FB60FB684FF48073FB6112233B626D
:103C300000237B620323BB620423FB6207F11C03A6
:103C40001946174803F012FC4FF48073FB611223EE
:103C50003B6200237B620323BB620923FB6207F103
:103C60001C0319460C4803F001FC0023BB60094B00
:103C70001B6C084A43F400031364064B1B6C03F4EB
:103C80000003BB60BB6800BF3037BD4680BD00BFCE
:103C9000005800400038024000040240005C004030
:103CA0000000024080B58EB000AF786007F12403B9
:103CB00000221A605A609A60DA601A617B681B6899
:103CC0005F4A934234D100233B625E4B5B6C5D4A9A
:103CD00043F4805353645B4B5B6C03F480533B624F
:103CE0003B6A0023FB61574B1B6B564A43F00103B1
:103CF0001363544B1B6B03F00103FB61FB69A023AF
:103D00007B620223BB620023FB6203233B63052328
:103D10007B6307F1240319464B4803F0A7FB0022FD
:103D20000021232002F076FF232002F08FFF82E0A3
:103D30007B681B68454A93422DD10023BB61414BF0
:103D40001B6C404A43F4804313643E4B1B6C03F4EA
:103D50008043BB61BB6900237B613A4B1B6B394AD3
:103D600043F002031363374B1B6B03F002037B61C9
:103D70007B694FF470437B620223BB620023FB62CA
:103D800003233B6305237B6307F124031946304873
:103D900003F06CFB4FE07B681B682E4A93424AD1CC
:103DA00000233B61274B1B6C264A43F400431364FA
:103DB000244B1B6C03F400433B613B690023FB6015
:103DC000204B1B6B1F4A43F0010313631D4B1B6BFE
:103DD00003F00103FB60FB680023BB60194B1B6B06
:103DE000184A43F002031363164B1B6B03F00203E4
:103DF000BB60BB684FF400437B620223BB620023BD
:103E0000FB6203233B6306237B6307F1240319460C
:103E10000D4803F02BFB38237B620223BB62002397
:103E2000FB6203233B6306237B6307F124031946EC
:103E3000074803F01BFB00BF3837BD4680BD00BFFD
:103E400000300140003802400000024000380040CD
:103E500000040240003C004080B584B000AF7860B0
:103E60007B681B68B3F1804F15D10023FB600C4BBE
:103E70001B6C0B4A43F001031364094B1B6C03F0EA
:103E80000103FB60FB68002200211C2002F0C2FE3F
:103E90001C2002F0DBFE00BF1037BD4680BD00BF16
:103EA0000038024080B58CB000AF786007F11C0389
:103EB00000221A605A609A60DA601A617B681B6897
:103EC000684A934262D10023BB61674B5B6C664AD0
:103ED00043F010035364644B5B6C03F01003BB614D
:103EE000BB6900237B61604B1B6B5F4A43F002039D
:103EF00013635D4B1B6B03F002037B617B69C02383
:103F0000FB6102233B6200237B620323BB62072326
:103F1000FB6207F11C031946544803F0A7FA544BFF
:103F2000544A1A60524B4FF000625A60504B402284
:103F30009A604F4B0022DA604D4B4FF480621A6159
:103F40004B4B00225A614A4B00229A61484B002297
:103F5000DA61474B00221A62454B00225A624448FC
:103F600002F082FE0346002B01D0FFF747FB7B687F
:103F70003F4A9A633E4A7B689363002200212520D2
:103F800002F048FE252002F061FE66E07B681B68B7
:103F9000394A934261D100233B61334B1B6C324A57
:103FA00043F400331364304B1B6C03F400333B6168
:103FB0003B690023FB602C4B1B6B2B4A43F0010336
:103FC0001363294B1B6B03F00103FB60FB680C239D
:103FD000FB6102233B6200237B620323BB62072356
:103FE000FB6207F11C031946244803F03FFA244BF7
:103FF000244A1A60224B4FF000625A60204B002284
:104000009A601F4B0022DA601D4B4FF480621A61E8
:104010001B4B00225A611A4B00229A61184B002256
:10402000DA61174B00221A62154B00225A621448BB
:1040300002F01AFE0346002B01D0FFF7DFFA7B687F
:104040000F4ADA630E4A7B68936300220021262020
:1040500002F0E0FD262002F0F9FD00BF3037BD463A
:1040600080BD00BF00100140003802400004024043
:1040700088060020B864024000440040000002406E
:10408000E80600208860024080B58EB000AF7860FE
:104090000023FB620023BB620023FB60334B1B6CDD
:1040A000324A43F004031364304B1B6C03F00403E7
:1040B000FB60FB6807F1100207F114031146184674
:1040C00004F0F8FF3B6AFB62FB6A002B03D104F0AB
:1040D000C9FF786304E004F0C5FF03465B007B631F
:1040E0007B6B234AA2FB03239B0C013BBB62214B4E
:1040F000214A1A601F4B40F2E732DA601D4ABB6A60
:1041000053601C4B00221A611A4B00229A60194B13
:1041100000229A61174805F0C7FB034687F8333041
:1041200097F83330002B1BD1124805F00DFC0346E5
:1041300087F8333097F83330002B11D11E2002F06E
:1041400085FD7B680F2B08D8002279681E2002F0BD
:1041500061FD0A4A7B68136002E0012387F833306F
:1041600097F8333018463837BD4680BD00380240D6
:1041700083DE1B43B0090020000800400C00002033
:1041800080B400AF00BFFDE780B400AF00BFFDE723
:1041900080B400AF00BFFDE780B400AF00BFFDE713
:1041A00080B400AF00BFFDE780B400AF00BFBD46E4
:1041B0005DF8047B704780B400AF00BFBD465DF87A
:1041C000047B704780B400AF00BFBD465DF8047B40
:1041D000704780B400AF00BFBD465DF8047B7047F8
:1041E00080B500AF024802F0D7FE00BF80BD00BF1F
:1041F000E806002080B500AF024805F007FC00BFCC
:1042000080BD00BFB005002080B500AF024805F0BA
:10421000FDFB00BF80BD00BFB009002080B500AF2E
:10422000024805F047F900BF80BD00BFA804002088
:1042300080B500AF024806F09FF800BF80BD00BF08
:10424000F805002080B500AF024806F095F800BFE1
:1042500080BD00BF4006002080B500AF024802F0DC
:104260009BFE00BF80BD00BF8806002080B483B0E5
:1042700000AF0346FB710F4B1B680E4A43F080737F
:1042800013600D4B1B680C4A43F00103136000BF21
:104290004FF060431B6803F00103002BF8D04FF090
:1042A0006042FB79136000BF0C37BD465DF8047BAC
:1042B000704700BFFCED00E0000E00E080B400AFEE
:1042C00001231846BD465DF8047B704780B582B077
:1042D00000AF7860396009F003F9034616221A60CE
:1042E0004FF0FF3318460837BD4680BD80B582B019
:1042F00000AF78604FF0FF317868FFF7E7FF00BF4D
:10430000FDE780B586B000AFF860B9607A60002341
:104310007B610AE0AFF300800146BB685A1CBA60BB
:10432000CAB21A707B6901337B617A697B689A42F1
:10433000F0DB7B6818461837BD4680BD80B586B077
:1043400000AFF860B9607A6000237B6109E0BB6868
:104350005A1CBA601B781846FFF788FF7B69013347
:104360007B617A697B689A42F1DB7B681846183773
:10437000BD4680BD80B483B000AF78604FF0FF339E
:1043800018460C37BD465DF8047B704780B483B097
:1043900000AF786039603B684FF400525A600023E8
:1043A00018460C37BD465DF8047B704780B483B077
:1043B00000AF7860012318460C37BD465DF8047BDA
:1043C000704780B485B000AFF860B9607A600023B0
:1043D00018461437BD465DF8047B704780B586B03B
:1043E00000AF7860144A154BD31A7B617B693B613F
:1043F000134B1B68002B02D1114B124A1A60104B51
:104400001A687B6813443A699A4207D209F068F83F
:1044100003460C221A604FF0FF3309E0084B1B687B
:10442000FB60074B1A687B681344054A1360FB68FE
:1044300018461837BD4680BD000002200004000069
:10444000F80900202811002080B400AF064BD3F8F3
:104450008830054A43F47003C2F8883000BFBD4677
:104460005DF8047B704700BF00ED00E080B586B0CA
:1044700004AF0023FB80894BD3E90023CDE900235F
:10448000874A2021874808F0DFFEFB880A33FB803B
:10449000854BF9880022029240F2FF7201925A681D
:1044A00000921B687F4A0020FFF755FA7F4BD3E943
:1044B0000023CDE900237E4A20217A4808F0C4FE7B
:1044C000FB880A33FB80784BF9880022029240F285
:1044D000FF7201925A6800921B68724A0020FFF72F
:1044E0003AFA744BD3E90023CDE90023724A202124
:1044F0006C4808F0A9FEFB880A33FB806A4BF988F8
:104500000022029240F2FF7201925A6800921B68E8
:10451000644A0020FFF71FFA684BD3E90023CDE976
:104520000023674A20215F4808F08EFEFB880A338B
:10453000FB805D4BF988002202924FF61F02019228
:104540005A6800921B68574A0020FFF704FA5D4B37
:10455000D3E90023CDE900235B4A2021514808F02C
:1045600073FEFB880A33FB804F4BF98800220292CE
:104570004FF61F0201925A6800921B68494A0020B8
:10458000FFF7E9F9514BD3E90023CDE90023504A65
:104590002021444808F058FEFB880A33FB80424B38
:1045A000F988002202924FF61F0201925A68009287
:1045B0001B683C4A0020FFF7CEF9464BD3E90023A5
:1045C000CDE90023444A2021364808F03DFEFB880F
:1045D0000C33FB80344BF988002202924FF4FC62CA
:1045E00001925A6800921B682E4A0020FFF7B3F927
:1045F0003A4BD3E90023CDE90023394A2021294849
:1046000008F022FEFB880A33FB80274BF988002242
:1046100002924FF4FC6201925A6800921B68214A90
:104620000020FFF798F92F4BD3E90023CDE90023B1
:104630002D4A20211B4808F007FEFB880A33FB8027
:10464000194BF988002202924FF4FC6201925A68D9
:1046500000921B68134A0020FFF77DF9234BD3E932
:104660000023CDE90023224A20210E4808F0ECFD6A
:10467000FB880A33FB800C4BF988002202924FF42E
:10468000FC6201925A6800921B68064A0020FFF7FC
:1046900062F900BF0837BD4680BD00BF4807002053
:1046A000941C0108FC090020000000205007002095
:1046B000A41C010858070020B41C01086007002052
:1046C000C41C010868070020D41C010870070020E2
:1046D000E41C010878070020F41C01088007002072
:1046E000041D010888070020141D01089007002000
:1046F000241D010880B500AFFFF79CF80020FFF7EC
:10470000E7F900BF80BD80B500AFFFF7AFFE00BF87
:1047100080BD000080B500AF024805F015F900BF6C
:1047200080BD00BFB005002080B483B000AF7860CA
:1047300039600B4A7B68134400221A703B68094AAF
:1047400082FB03129210DB17D21A07497B6841F8EB
:10475000232000BF0C37BD465DF8047B704700BFC7
:104760001C0A002067666666200A002080B483B0B9
:1047700000AF00237B601CE0134A7B6852F82330B3
:10478000002B13DD104A7B6852F823305A1E0E4965
:104790007B6841F823200C4A7B6852F82330002BB9
:1047A00004DC0A4A7B68134401221A707B680133D7
:1047B0007B607B68032BDFDD00BF00BF0C37BD468D
:1047C0005DF8047B704700BF200A00201C0A00200F
:1047D000B0B58CB000AF786039603868FDF78AF901
:1047E0007B68074AC3F8B0227B68054AC3F8E42215
:1047F0007B6803F5B463034A1A600123FB6215E08A
:104800003BAAAA3E0AD7A33C7A68FB6AAC339B005A
:104810001344D54A1A607A68FB6AB8339B00134484
:104820000433D14A1A60FB6A0133FB62FB6A0C2B2A
:10483000EADDCE4B5B6A1846FBF78EFEC8A3D3E9D0
:104840000023FCF70BF802460B4614461D46C74BE7
:104850005B6A1846FBF780FEC1A3D3E90023FBF790
:10486000FDFF02460B4620462946FBF7CDFE0246D9
:104870000B4614461D467B6803F5B4631B68184657
:10488000FBF76AFE02460B4620462946FBF7BCFEB4
:1048900002460B4614461D467B6803F5B4631B684D
:1048A0001846FBF759FE02460B4620462946FBF701
:1048B000ABFE02460B4614461D46AC4BD3ED157AB3
:1048C000DFEDAB6A87EEA67AA84BD3ED156A9FEDB4
:1048D000A86AC6EE867A27EE277A7B6803F5B4636A
:1048E000D3ED007A27EE277A7B6803F5B463D3ED26
:1048F000007A67EE277A17EE900AFBF72DFE024644
:104900000B4620462946FBF7C9FC02460B461046DB
:104910001946FCF771F902467B68C3F8A820934B4F
:104920009B6A1846FBF718FE8DA3D3E90023FBF71B
:1049300095FF02460B4614461D468C4B9B6A184653
:10494000FBF70AFE86A3D3E90023FBF787FF0246A5
:104950000B4620462946FBF757FE02460B461446F7
:104960001D467B6803F5B4631B681846FBF7F4FD2E
:1049700002460B4620462946FBF746FE02460B46FA
:1049800014461D467B6803F5B4631B681846FBF7A5
:10499000E3FD02460B4620462946FBF735FE02465C
:1049A0000B4614461D46714BD3ED167ADFED706A47
:1049B00087EEA67A6D4BD3ED166A9FED6D6AC6EE53
:1049C000867A27EE277A7B6803F5B463D3ED007A05
:1049D00027EE277A7B6803F5B463D3ED007A67EEA0
:1049E000277A17EE900AFBF7B7FD02460B462046E2
:1049F0002946FBF753FC02460B4610461946FCF7C6
:104A0000FBF802467B68C3F8C420584BDB6A1846A3
:104A1000FBF7A2FD52A3D3E90023FBF71FFF0246D9
:104A20000B4614461D46514BDB6A1846FBF794FDB6
:104A30004BA3D3E90023FBF711FF02460B462046A8
:104A40002946FBF7E1FD02460B4614461D467B68EE
:104A500003F5B4631B681846FBF77EFD02460B4660
:104A600020462946FBF7D0FD02460B4614461D465C
:104A70007B6803F5B4631B681846FBF76DFD0246BF
:104A80000B4620462946FBF7BFFD02460B4614465F
:104A90001D46364BD3ED177ADFED356A87EEA67AE1
:104AA000324BD3ED176A9FED326AC6EE867A27EE57
:104AB000277A7B6803F5B463D3ED007A27EE277A73
:104AC0007B6803F5B463D3ED007A67EE277A17EEBF
:104AD000900AFBF741FD02460B4620462946FBF7AC
:104AE000DDFB02460B4610461946FCF785F80246E8
:104AF0007B68C3F8E0201D4B5B6A1846FBF72CFD72
:104B000017A3D3E90023FBF7A9FE02460B46144680
:104B10001D46164B5B6A1846FBF71EFD10A3D3E932
:104B20000023FBF79BFE02460B4620462946FBF777
:104B30006BFD02460B4614461D460C4BD3ED157A11
:104B4000DFED0B6A87EEA67A084BD3ED156A9FED71
:104B5000086AC6EE867A67EE277A0BE0AFF300802C
:104B60000000000000605040398E633D9403002037
:104B70000000834217EE900AFBF7EEFC02460B465C
:104B800020462946FBF78AFB02460B46104619468B
:104B9000FCF732F802467B68C3F8FC20B04B9B6AF6
:104BA0001846FBF7D9FCACA3D3E90023FBF756FE6C
:104BB00002460B4614461D46A94B9B6A1846FBF756
:104BC000CBFCA5A3D3E90023FBF748FE02460B4626
:104BD00020462946FBF718FD02460B4614461D46A3
:104BE0009F4BD3ED167ADFED9F6A87EEA67A9C4B3A
:104BF000D3ED166A9FED9B6AC6EE867A67EE277A3A
:104C000017EE900AFBF7A8FC02460B462046294601
:104C1000FBF744FB02460B4610461946FBF7ECFF38
:104C200002467B68C3F818218D4BDB6A1846FBF7F8
:104C300093FC89A3D3E90023FBF710FE02460B4641
:104C400014461D46864BDB6A1846FBF785FC82A39B
:104C5000D3E90023FBF702FE02460B462046294615
:104C6000FBF7D2FC02460B4614461D467C4BD3EDA7
:104C7000177ADFED7C6A87EEA67A794BD3ED176A57
:104C80009FED786AC6EE867A67EE277A17EE900A6D
:104C9000FBF762FC02460B4620462946FBF7FEFA6C
:104CA00002460B4610461946FBF7A6FF02467B68F4
:104CB000C3F834210023BB621DE000237B6214E0B3
:104CC000BA6A7B6A9A420DD07968BA6A13465B0069
:104CD00013445B007A6A13442A339B000B444FF061
:104CE00000021A607B6A01337B627B6A052BE7DD79
:104CF000BB6A0133BB62BB6A052BDEDD5A48FEF797
:104D000083FC00233B6222E00023FB6116E079680C
:104D10003A6A13465B0013445B00FA6913442A3372
:104D20009B000B441B681846FBF716FC02460B461B
:104D30004E48FEF769FCFB690133FB61FB69052BFB
:104D4000E5DD4B48FEF760FC3B6A01333B623B6AA2
:104D5000052BD9DD7B68474AC3F838217B68454A73
:104D6000C3F84C217B68444AC3F860217B68434AFE
:104D7000C3F874210023BB611AE000237B6111E0BA
:104D8000BA697B699A420AD07A68BB6999007B69E3
:104D90000B444E339B0013444FF000021A607B69B2
:104DA00001337B617B69032BEADDBB690133BB61A6
:104DB000BB69032BE1DD7B68314A1A607B68314AAD
:104DC0005A607B68304A9A607B68304ADA607B6858
:104DD0002C4A1A617B682E4A5A617B682D4A9A6177
:104DE0007B682C4A5A637B682B4A1A657B682B4A7E
:104DF000DA667B68294AC3F888207B68274AC3F8AB
:104E0000A42000233B611DE00023FB6014E03A690D
:104E1000FB689A420DD079683A6913465B001344E7
:104E20005B00FA68134406339B000B444FF000020A
:104E30001A60FB680133FB60FB68052BE7DD3B690B
:104E400001333B613B69052BDEDD00BF00BF30371E
:104E5000BD46B0BDAFF300800000000000605040D0
:104E60009403002000008342341D01083C1D01080A
:104E7000441D01080AD7233CCDCC4C3D0000104115
:104E80003333933F85EB11BF3D0A374085EB113F2C
:104E9000E17A943E295C37411F8589410AD7A33CBA
:104EA00090B589B000AF786039600023FB619BE06A
:104EB0000023BB6179E0FA6913465B001344DB0011
:104EC0001A467B681A44BB699B0013441B687B61CC
:104ED00000233B6124E0FA6913465B001344DB00C6
:104EE0001A463B681A443B699B00134493ED007AD1
:104EF000BA6913465B001344DB001A463B681A4448
:104F00003B699B001344D3ED007A67EE277A97ED57
:104F1000057A77EE677AC7ED057A3B6901333B6125
:104F20003A69BB699A42D6DBFA69BB699A421BD1DE
:104F3000DFED320A97ED050A0BF030FAF0EE407A19
:104F4000FA6913465B001344DB001A463B689C1861
:104F5000B0EE670A0BF002F9F0EE407ABB699B00F5
:104F60002344C3ED007A1DE0BA6913465B00134485
:104F7000DB001A463B681A44BB699B00134493ED5F
:104F8000007AFA6913465B001344DB001A463B685B
:104F90001A44D7ED056AC6EE877ABB699B001344B5
:104FA000C3ED007ABB690133BB61BA69FB699A4200
:104FB00081DDFB690133FB6010E0FA6913465B0099
:104FC0001344DB001A463B681A44FB689B001344F9
:104FD0004FF000021A60FB680133FB60FB68052B91
:104FE000EBDDFB690133FB61FB69052B7FF760AFEC
:104FF00000BF00BF2437BD4690BD00BF00000000C9
:1050000080B5AAB000AF78607B68183307F10C0256
:1050100011461846FFF744FF404BC7F89C307B68A9
:1050200003F5BC7379681822184608F086FA002345
:10503000C7F8A43069E00023C7F8A0305CE07A68C4
:10504000D7F8A0309B00134493ED007AD7F8A02046
:1050500013465B0013445B00D7F8A42013449B0065
:10506000A8333B449C3BD3ED006AD7ED277A66EE2C
:10507000A77AD7F8A4305A1C77EE277A79681346B6
:105080005B0013445B00D7F8A02013445E339B0001
:105090000B44C3ED007A7A68D7F8A0309B00134424
:1050A00093ED007AD7F8A02013465B0013445B0011
:1050B000D7F8A42013449B00A8333B449C3BD3ED7A
:1050C000006AD7ED277A66EEA77AD7F8A430DA1D02
:1050D00077EE677A796813465B0013445B00D7F874
:1050E000A02013445E339B000B44C3ED007AD7F835
:1050F000A0300133C7F8A030D7F8A030052B9EDDD3
:10510000D7F8A4300133C7F8A430D7F8A430052B62
:1051100091DD00BF00BFA837BD4680BD0000404004
:1051200080B58AB000AF786039607868FFF768FFB3
:1051300000237B628FE079687A6A13465B00134430
:10514000DB000B4403F5BC7393ED007A3B68D3EDB1
:10515000066A79687A6A13465B001344DB000B44E5
:1051600003F5C273D3ED007A76EEE76A7B6803F548
:10517000B463D3ED007A66EEA77A77EE277A796882
:105180007A6A13465B001344DB000B4403F5BC73DF
:10519000C3ED007A79687A6A13465B001344DB003A
:1051A0000B4403F5BE7393ED007A3B68D3ED076AB9
:1051B00079687A6A13465B001344DB000B4403F5FD
:1051C000C473D3ED007A76EEE76A7B6803F5B463C7
:1051D000D3ED007A66EEA77A77EE277A79687A6A55
:1051E00013465B001344DB000B4403F5BE73C3EDB1
:1051F000007A79687A6A13465B001344DB000B443B
:1052000003F5C07393ED007A3B68D3ED086A7968C3
:105210007A6A13465B001344DB000B4403F5C67344
:10522000D3ED007A76EEE76A7B6803F5B463D3EDDD
:10523000007A66EEA77A77EE277A79687A6A13465B
:105240005B001344DB000B4403F5C073C3ED007A2D
:105250007B6A01337B627B6A0C2B7FF76CAF002388
:105260003B6239E07A683B6AC6339B0013444FF0D7
:1052700000021A600023FB6128E07A683B6AC633AB
:105280009B00134493ED007A7A68FB69AC339B0072
:105290001344D3ED006A7968FA6913465B0013443E
:1052A0005B003A6A13445E339B000B44D3ED007AF3
:1052B00066EEA77A77EE277A7A683B6AC6339B0058
:1052C0001344C3ED007AFB690133FB61FB690C2BCE
:1052D000D3DD3B6A01333B623B6A052BC2DD09E04B
:1052E0007B68D3EDC67A9FED6C7A77EEC77A7B68E0
:1052F000C3EDC67A7B68D3EDC67A9FED687AF4EE8B
:10530000C77AF1EE10FAEBDC09E07B68D3EDC67AE0
:105310009FED617A77EE877A7B68C3EDC67A7B680A
:10532000D3EDC67A9FED5E7AF4EEC77AF1EE10FA0D
:10533000EBD47B68D3EDC77A9FED5A7AF4EEC77A47
:10534000F1EE10FA03DD7B68574AC3F81C237B6833
:10535000D3EDC77A9FED557AF4EEC77AF1EE10FAE5
:1053600003D57B68524AC3F81C230023BB6189E044
:1053700000237B617FE07968BA6913465B001344C0
:105380005B007A6913442A339B000B4419687868E0
:10539000BA6913465B0013445B007A691344CC334B
:1053A0009B000344196000233B615EE079683A6921
:1053B00013465B0013445B00BA6913445E339B00E1
:1053C0000B4493ED007A7A68BB69C6339B001344A3
:1053D000D3ED007A77EE677AC7ED037A79683A6998
:1053E00013465B0013445B007A6913445E339B00F1
:1053F0000B4493ED007A7A687B69C6339B001344B3
:10540000D3ED007A77EE677AC7ED027A7968BA69E8
:1054100013465B0013445B007A691344CC339B0052
:105420000B4493ED007A7A683B69B8339B001344D0
:105430000433D3ED006AD7ED037A66EEA76AD7EDA1
:10544000027A66EEA77A77EE277A7968BA69134608
:105450005B0013445B007A691344CC339B000B441C
:10546000C3ED007A3B6901333B613B690C2B9DDD49
:105470007B6901337B617B69052B7FF77CAFBB695F
:105480000133BB61BB69052B7FF772AF00BF00BF63
:105490002837BD4680BD00BF0000B4430000344340
:1054A000000034C30000B4420000B4420000B4C2A3
:1054B0000000B4C280B52DED028BC8B000AF07F577
:1054C0009073A3F58E73186007F59073A3F590732E
:1054D00019600023C7F81C31A2E007F59073A3F50B
:1054E0008E731968D7F81C2113465B001344DB0048
:1054F0000B4403F5BC73D3ED007A9FEDE27A27EEFF
:10550000877ADFEDE16AC7EE267AC7ED2D7A07F5D7
:105510009073A3F58E731968D7F81C2113465B00AE
:105520001344DB000B4403F5BE73D3ED007A9FED0B
:10553000D57A27EE877ADFEDD46AC7EE267AC7EDF3
:105540002C7A97ED2C0A0AF06BFE87ED2B0A97ED6B
:105550002D0A0AF065FEB0EE408A97ED2C0A0AF09B
:105560001BFEF0EE407A68EE277AC7ED2A7A97EDB7
:105570002D0A0AF011FEB0EE408A97ED2C0A0AF0CF
:105580000BFEF0EE407A68EE277AC7ED297A07F530
:105590009073A3F58E731A68D7F81C313C331B0146
:1055A0001344D7F8AC201A6007F59073A3F58E73F7
:1055B0001A68D7F81C311B01134403F57173D7F82F
:1055C000A8201A6007F59073A3F58E731A68D7F8B0
:1055D0001C311B01134403F57273D7F8A4201A6021
:1055E00007F59073A3F58E731968D7F81C2113463D
:1055F0005B001344DB000B4403F5C0731A6807F526
:105600009073A3F58E731968D7F81C311B010B44F6
:1056100003F573731A60D7F81C310133C7F81C31D6
:10562000D7F81C310C2B7FF758AF07F194030022F9
:105630001A605A609A60DA600023C7F8183143E0B4
:105640000023C7F8143136E0D7F818319B0003F572
:1056500090733B448C3B93ED007A07F59073A3F570
:105660008E731A68D7F81431AC339B001344D3ED12
:10567000006A07F59073A3F58E731A68D7F8143192
:105680009900D7F818310B44F0339B001344D3ED45
:10569000007A66EEA77A77EE277AD7F818319B0062
:1056A00003F590733B448C3BC3ED007AD7F814317B
:1056B0000133C7F81431D7F814310C2BC4DDD7F8F7
:1056C00018310133C7F81831D7F81831032BB7DD7B
:1056D0000023C7F81031B1E00023C7F80C31A3E074
:1056E00007F59073A3F58E731A68D7F810319900F7
:1056F000D7F80C310B444E339B0013441A6807F55E
:105700009073A3F58E731968D7F810319800D7F805
:105710000C31034403F592739B000B441A60002381
:10572000C7F8083177E007F59073A3F58E731A6810
:10573000D7F808319900D7F810310B44F0339B00AB
:10574000134493ED007AD7F810319B0003F5907362
:105750003B448C3BD3ED007A77EE677AC7ED2F7A26
:1057600007F59073A3F58E731A68D7F8083199007E
:10577000D7F80C310B44F0339B00134493ED007ABF
:10578000D7F80C319B0003F590733B448C3BD3ED71
:10579000007A77EE677AC7ED2E7A07F59073A3F556
:1057A0008E731A68D7F810319900D7F80C310B4472
:1057B00003F592739B00134493ED007A07F5907301
:1057C000A3F58E731A68D7F80831B8339B001344D9
:1057D0000433D3ED006AD7ED2F7A66EEA76AD7EDD2
:1057E0002E7A66EEA77A77EE277A07F59073A3F5FF
:1057F0008E731A68D7F810319900D7F80C310B4422
:1058000003F592739B001344C3ED007AD7F8083177
:105810000133C7F80831D7F808310C2B83DDD7F8EE
:105820000C310133C7F80C31D7F80C31032B7FF75B
:1058300057AFD7F810310133C7F81031D7F810310E
:10584000032B7FF749AF0023C7F80431B0E00023F2
:10585000C7F80031A2E007F59073A3F58E731A68BC
:10586000D7F804319900D7F800310B4403F59A7347
:105870009B0013444FF000021A600023C7F8FC306D
:1058800082E000BFDB0F49400000344307F590730E
:10589000A3F58E731968D7F8FC2013465B001344F8
:1058A0005B00D7F8042113445E339B000B4493ED57
:1058B000007A07F59073A3F58E731A68D7F8043150
:1058C000C6339B001344D3ED007A77EE677AC7EDB9
:1058D000317A07F59073A3F58E731A68D7F8FC3008
:1058E0009900D7F800310B44F0339B00134493ED3B
:1058F000007AD7F800319B0003F590733B448C3B52
:10590000D3ED007A77EE677AC7ED307A07F59073BA
:10591000A3F58E731A68D7F804319900D7F80031CF
:105920000B4403F59A739B00134493ED007A07F53B
:105930009073A3F58E731A68D7F8FC30B8339B00C8
:1059400013440433D3ED006AD7ED317A66EEA76ACB
:10595000D7ED307A66EEA77A77EE277A07F590735F
:10596000A3F58E731A68D7F804319900D7F800317F
:105970000B4403F59A739B001344C3ED007AD7F8E8
:10598000FC300133C7F8FC30D7F8FC300C2B7FF724
:105990007DAFD7F800310133C7F80031D7F80031B7
:1059A000032B7FF758AFD7F804310133C7F8043120
:1059B000D7F80431052B7FF74AAF07F59073A3F5AD
:1059C0008E731B6803F5926207F154031146184663
:1059D00000F022FA0346002BC0F216820023C7F81B
:1059E000F83074E00023C7F8F43067E007F59073EF
:1059F000A3F58E731A68D7F8F8309900D7F8F43009
:105A00000B4403F5A6739B0013444FF000021A6089
:105A10000023C7F8F03048E007F59073A3F58E73C4
:105A20001A68D7F8F8309900D7F8F4300B4403F52A
:105A3000A6739B00134493ED007A07F59073A3F5CA
:105A40008E731A68D7F8F8309900D7F8F0300B4405
:105A500003F59A739B001344D3ED006AD7F8F03036
:105A60009A00D7F8F43013449B0003F590733B443D
:105A7000CC3BD3ED007A66EEA77A77EE277A07F56E
:105A80009073A3F58E731A68D7F8F8309900D7F899
:105A9000F4300B4403F5A6739B001344C3ED007A66
:105AA000D7F8F0300133C7F8F030D7F8F030032BD7
:105AB000B2DDD7F8F4300133C7F8F430D7F8F4305A
:105AC000032B93DDD7F8F8300133C7F8F830D7F857
:105AD000F830052B86DD07F59073A3F590731B68EE
:105AE0001A6807F59073A3F58E731B6803F5B2630C
:105AF0001A6007F59073A3F590731B685A6807F551
:105B00009073A3F58E731B6803F294531A6007F524
:105B10009073A3F590731B689A6807F59073A3F5CB
:105B20008E731B6803F5B3631A6007F59073A3F5D2
:105B300090731B685A6E07F59073A3F58E731B68FC
:105B400003F29C531A600023C7F8EC3061E04FF079
:105B50000003C7F8E8300023C7F8E43035E007F564
:105B60009073A3F58E731A68D7F8EC309900D7F8C4
:105B7000E4300B4403F5A6739B00134493ED007AC5
:105B800007F59073A3F58E731A68D7F8E43003F520
:105B9000B2739B001344D3ED006AD7F8E4309B0046
:105BA00003F590733B448C3BD3ED007A76EEE77AB5
:105BB00067EE277A97ED3A7A77EE277AC7ED3A7A49
:105BC000D7F8E4300133C7F8E430D7F8E430032BDA
:105BD000C5DD07F59073A3F58E731A68D7F8EC301E
:105BE000C6339B00134493ED007AD7ED3A7A77EEF3
:105BF000277A07F59073A3F58E731A68D7F8EC30FF
:105C00009B001344C3ED007AD7F8EC300133C7F89A
:105C1000EC30D7F8EC30052B99DD0023C7F8E030E5
:105C200075E00023C7F8DC3068E007F59073A3F552
:105C30008A71D7F8E02013465B001344D7F8DC20C4
:105C400013449B000B444FF000021A600023C7F876
:105C5000D8304AE007F59073A3F58A71D7F8E020B1
:105C600013465B001344D7F8DC2013449B000B441D
:105C700093ED007A07F59073A3F58E731A68D7F841
:105C8000E0309900D7F8D8300B4403F5A6739B0099
:105C90001344D3ED006A07F59073A3F58E731A6869
:105CA000D7F8D8309900D7F8DC300B4403F592735D
:105CB0009B001344D3ED007A66EEA77A77EE277A3D
:105CC00007F59073A3F58A71D7F8E02013465B00BF
:105CD0001344D7F8DC2013449B000B44C3ED007A37
:105CE000D7F8D8300133C7F8D830D7F8D830032BDD
:105CF000B0DDD7F8DC300133C7F8DC30D7F8DC3062
:105D0000032B92DDD7F8E0300133C7F8E030D7F845
:105D1000E030052B85DD0023C7F8D4306FE0002389
:105D2000C7F8D03062E007F59073A3F58E73196859
:105D3000D7F8D42013465B0013445B00D7F8D0207B
:105D40001344CC339B000B441B68C7F8CC300023B2
:105D5000C7F8C8302DE007F59073A3F58A71D7F81E
:105D6000D42013465B001344D7F8C82013449B008B
:105D70000B4493ED007A07F59073A3F58E731A68C0
:105D8000D7F8D0309900D7F8C8300B4403F5A67384
:105D90009B001344D3ED007A67EE277A97ED337AB0
:105DA00077EE677AC7ED337AD7F8C8300133C7F892
:105DB000C830D7F8C830032BCDDD07F59073A3F5B5
:105DC0008E731968D7F8D42013465B0013445B0028
:105DD000D7F8D020134406339B000B44D7F8CC20CF
:105DE0001A60D7F8D0300133C7F8D030D7F8D030A8
:105DF000052B98DDD7F8D4300133C7F8D430D7F865
:105E0000D430052B8BDD00E000BF07F59077BD4651
:105E1000BDEC028B80BD00BF80B495B000AF786050
:105E200039603B681B68FB643B685B68BB643B682C
:105E30009B687B643B68DB683B643B6810331B6892
:105E4000FB633B6810335B68BB633B6810339B6844
:105E50007B633B681033DB683B633B6820331B6824
:105E6000FB623B6820335B68BB623B6820339B6806
:105E70007B623B682033DB683B623B6830331B68E6
:105E8000FB613B6830335B68BB613B6830339B68C8
:105E90007B613B683033DB683B6197ED097AD7ED76
:105EA000047A27EE277AD7ED056AD7ED087A66EEF1
:105EB000A77A37EE677AD7ED0E7A27EE277AD7EDF5
:105EC0000A6AD7ED047A66EEA76A97ED066AD7EDFF
:105ED000087A66EE277A76EEE76AD7ED0D7A66EEF7
:105EE000A77A37EE677AD7ED0A6AD7ED057A66EEBC
:105EF000A76A97ED066AD7ED097A66EE277A76EEFD
:105F0000E76AD7ED0C7A66EEA77A37EE277AD7EDF7
:105F1000137A27EE277AD7ED096AD7ED047A66EE71
:105F2000A76A97ED056AD7ED087A66EE277A76EECE
:105F3000E76AD7ED0F7A66EEA76A97ED0B6AD7EDA1
:105F4000047A26EE276AD7ED075AD7ED087A65EE70
:105F5000A77A36EE676AD7ED0D7A66EE277A76EE87
:105F6000E76A97ED0B6AD7ED057A26EE276AD7ED3B
:105F7000075AD7ED097A65EEA77A36EE676AD7ED4C
:105F80000C7A66EE277A76EEA76AD7ED127A66EE7D
:105F9000A77A37EE677AD7ED0A6AD7ED047A66EE0C
:105FA000A76A97ED066AD7ED087A66EE277A76EE4D
:105FB000E76AD7ED0F7A66EEA76A97ED0B6AD7ED21
:105FC000047A26EE276AD7ED075AD7ED087A65EEF0
:105FD000A77A36EE676AD7ED0E7A66EE277A76EE06
:105FE000E76A97ED0B6AD7ED067A26EE276AD7EDBA
:105FF000075AD7ED0A7A65EEA77A36EE676AD7EDCB
:106000000C7A66EE277A76EEA76AD7ED117A66EEFD
:10601000A77A37EE277AD7ED0A6AD7ED057A66EECA
:10602000A76A97ED066AD7ED097A66EE277A76EECB
:10603000E76AD7ED0F7A66EEA76A97ED0B6AD7EDA0
:10604000057A26EE276AD7ED075AD7ED097A65EE6D
:10605000A77A36EE676AD7ED0E7A66EE277A76EE85
:10606000E76A97ED0B6AD7ED067A26EE276AD7ED39
:10607000075AD7ED0A7A65EEA77A36EE676AD7ED4A
:106080000D7A66EE277A76EEA76AD7ED107A66EE7D
:10609000A77A77EE677AC7ED037AF7EE006A97ED95
:1060A000037AC6EE877AC7ED027A97ED097AD7EDC3
:1060B000047A27EE277AD7ED056AD7ED087A66EEDF
:1060C000A77A37EE677AD7ED0E7A27EE277AD7EDE3
:1060D0000A6AD7ED047A66EEA76A97ED066AD7EDED
:1060E000087A66EE277A76EEE76AD7ED0D7A66EEE5
:1060F000A77A37EE677AD7ED0A6AD7ED057A66EEAA
:10610000A76A97ED066AD7ED097A66EE277A76EEEA
:10611000E76AD7ED0C7A66EEA77A37EE277AD7EDE5
:10612000027A67EE277A7B68C3ED007A97ED097AE9
:10613000D7ED047A27EE277AD7ED056AD7ED087AEE
:1061400066EEA77A37EE677AD7ED127A27EE277ACE
:10615000D7ED0A6AD7ED047A66EEA76A97ED066A6C
:10616000D7ED087A66EE277A76EEE76AD7ED117AF0
:1061700066EEA77A37EE677AD7ED0A6AD7ED057A29
:1061800066EEA76A97ED066AD7ED097A66EE277A7A
:1061900076EEE76AD7ED107A66EEA77A77EE277A81
:1061A000B1EE677AD7ED027A67EE277A7B68C3EDA6
:1061B000017A97ED0D7AD7ED047A27EE277AD7ED9D
:1061C000056AD7ED0C7A66EEA77A37EE677AD7EDD7
:1061D000127A27EE277AD7ED0E6AD7ED047A66EEAB
:1061E000A76A97ED066AD7ED0C7A66EE277A76EE07
:1061F000E76AD7ED117A66EEA77A37EE677AD7EDC0
:106200000E6AD7ED057A66EEA76A97ED066AD7EDB6
:106210000D7A66EE277A76EEE76AD7ED107A66EEAB
:10622000A77A37EE277AD7ED027A67EE277A7B686E
:10623000C3ED027A97ED0D7AD7ED087A27EE277A2B
:10624000D7ED096AD7ED0C7A66EEA77A37EE677A52
:10625000D7ED127A27EE277AD7ED0E6AD7ED087AB6
:1062600066EEA76A97ED0A6AD7ED0C7A66EE277A92
:1062700076EEE76AD7ED117A66EEA77A37EE677A9F
:10628000D7ED0E6AD7ED097A66EEA76A97ED0A6A2E
:10629000D7ED0D7A66EE277A76EEE76AD7ED107ABB
:1062A00066EEA77A77EE277AB1EE677AD7ED027AB3
:1062B00067EE277A7B68C3ED037A97ED097AD7ED0D
:1062C000047A27EE277AD7ED056AD7ED087A66EECD
:1062D000A77A37EE677AD7ED0F7A27EE277AD7EDD0
:1062E0000B6AD7ED047A66EEA76A97ED076AD7EDD9
:1062F000087A66EE277A76EEE76AD7ED0D7A66EED3
:10630000A77A37EE677AD7ED0B6AD7ED057A66EE96
:10631000A76A97ED076AD7ED097A66EE277A76EED7
:10632000E76AD7ED0C7A66EEA77A77EE277AB1EEB8
:10633000677A7B681033D7ED027A67EE277AC3ED70
:10634000007A97ED097AD7ED047A27EE277AD7ED10
:10635000056AD7ED087A66EEA77A37EE677AD7ED49
:10636000137A27EE277AD7ED0B6AD7ED047A66EE1B
:10637000A76A97ED076AD7ED087A66EE277A76EE78
:10638000E76AD7ED117A66EEA77A37EE677AD7ED2E
:106390000B6AD7ED057A66EEA76A97ED076AD7ED27
:1063A000097A66EE277A76EEE76AD7ED107A66EE1E
:1063B000A77A37EE277A7B681033D7ED027A67EE3B
:1063C000277AC3ED017A97ED0D7AD7ED047A27EE9F
:1063D000277AD7ED056AD7ED0C7A66EEA77A37EE05
:1063E000677AD7ED137A27EE277AD7ED0F6AD7EDC4
:1063F000047A66EEA76A97ED076AD7ED0C7A66EE27
:10640000277A76EEE76AD7ED117A66EEA77A37EE4D
:10641000677AD7ED0F6AD7ED057A66EEA76A97ED32
:10642000076AD7ED0D7A66EE277A76EEE76AD7ED42
:10643000107A66EEA77A77EE277AB1EE677A7B68F4
:106440001033D7ED027A67EE277AC3ED027A97ED23
:106450000D7AD7ED087A27EE277AD7ED096AD7EDBE
:106460000C7A66EEA77A37EE677AD7ED137A27EEC5
:10647000277AD7ED0F6AD7ED087A66EEA76A97ED0F
:106480000B6AD7ED0C7A66EE277A76EEE76AD7EDDF
:10649000117A66EEA77A37EE677AD7ED0F6AD7EDF5
:1064A000097A66EEA76A97ED0B6AD7ED0D7A66EE6C
:1064B000277A76EEE76AD7ED107A66EEA77A37EE9E
:1064C000277A7B681033D7ED027A67EE277AC3ED1F
:1064D000037A97ED0A7AD7ED047A27EE277AD7ED7B
:1064E000066AD7ED087A66EEA77A37EE677AD7EDB7
:1064F0000F7A27EE277AD7ED0B6AD7ED047A66EE8E
:10650000A76A97ED076AD7ED087A66EE277A76EEE6
:10651000E76AD7ED0E7A66EEA77A37EE677AD7ED9F
:106520000B6AD7ED067A66EEA76A97ED076AD7ED94
:106530000A7A66EE277A76EEE76AD7ED0C7A66EE8F
:10654000A77A37EE277A7B682033D7ED027A67EE99
:10655000277AC3ED007A97ED0A7AD7ED047A27EE11
:10656000277AD7ED066AD7ED087A66EEA77A37EE76
:10657000677AD7ED137A27EE277AD7ED0B6AD7ED36
:10658000047A66EEA76A97ED076AD7ED087A66EE99
:10659000277A76EEE76AD7ED127A66EEA77A37EEBB
:1065A000677AD7ED0B6AD7ED067A66EEA76A97EDA4
:1065B000076AD7ED0A7A66EE277A76EEE76AD7EDB4
:1065C000107A66EEA77A77EE277AB1EE677A7B6863
:1065D0002033D7ED027A67EE277AC3ED017A97ED83
:1065E0000E7AD7ED047A27EE277AD7ED066AD7ED33
:1065F0000C7A66EEA77A37EE677AD7ED137A27EE34
:10660000277AD7ED0F6AD7ED047A66EEA76A97ED81
:10661000076AD7ED0C7A66EE277A76EEE76AD7ED51
:10662000127A66EEA77A37EE677AD7ED0F6AD7ED62
:10663000067A66EEA76A97ED076AD7ED0E7A66EEE0
:10664000277A76EEE76AD7ED107A66EEA77A37EE0C
:10665000277A7B682033D7ED027A67EE277AC3ED7D
:10666000027A97ED0E7AD7ED087A27EE277AD7EDE2
:106670000A6AD7ED0C7A66EEA77A37EE677AD7ED1D
:10668000137A27EE277AD7ED0F6AD7ED087A66EEF0
:10669000A76A97ED0B6AD7ED0C7A66EE277A76EE4D
:1066A000E76AD7ED127A66EEA77A37EE677AD7ED0A
:1066B0000F6AD7ED0A7A66EEA76A97ED0B6AD7EDF7
:1066C0000E7A66EE277A76EEE76AD7ED107A66EEF6
:1066D000A77A77EE277AB1EE677A7B682033D7ED19
:1066E000027A67EE277AC3ED037A97ED0A7AD7ED3F
:1066F000057A27EE277AD7ED066AD7ED097A66EE96
:10670000A77A37EE677AD7ED0F7A27EE277AD7ED9B
:106710000B6AD7ED057A66EEA76A97ED076AD7EDA3
:10672000097A66EE277A76EEE76AD7ED0E7A66EE9C
:10673000A77A37EE677AD7ED0B6AD7ED067A66EE61
:10674000A76A97ED076AD7ED0A7A66EE277A76EEA2
:10675000E76AD7ED0D7A66EEA77A77EE277AB1EE83
:10676000677A7B683033D7ED027A67EE277AC3ED1C
:10677000007A97ED0A7AD7ED057A27EE277AD7EDDA
:10678000066AD7ED097A66EEA77A37EE677AD7ED13
:10679000137A27EE277AD7ED0B6AD7ED057A66EEE6
:1067A000A76A97ED076AD7ED097A66EE277A76EE43
:1067B000E76AD7ED127A66EEA77A37EE677AD7EDF9
:1067C0000B6AD7ED067A66EEA76A97ED076AD7EDF2
:1067D0000A7A66EE277A76EEE76AD7ED117A66EEE8
:1067E000A77A37EE277A7B683033D7ED027A67EEE7
:1067F000277AC3ED017A97ED0E7AD7ED057A27EE69
:10680000277AD7ED066AD7ED0D7A66EEA77A37EECE
:10681000677AD7ED137A27EE277AD7ED0F6AD7ED8F
:10682000057A66EEA76A97ED076AD7ED0D7A66EEF0
:10683000277A76EEE76AD7ED127A66EEA77A37EE18
:10684000677AD7ED0F6AD7ED067A66EEA76A97EDFD
:10685000076AD7ED0E7A66EE277A76EEE76AD7ED0D
:10686000117A66EEA77A77EE277AB1EE677A7B68BF
:106870003033D7ED027A67EE277AC3ED027A97EDCF
:106880000E7AD7ED097A27EE277AD7ED0A6AD7ED87
:106890000D7A66EEA77A37EE677AD7ED137A27EE90
:1068A000277AD7ED0F6AD7ED097A66EEA76A97EDDA
:1068B0000B6AD7ED0D7A66EE277A76EEE76AD7EDAA
:1068C000127A66EEA77A37EE677AD7ED0F6AD7EDC0
:1068D0000A7A66EEA76A97ED0B6AD7ED0E7A66EE36
:1068E000277A76EEE76AD7ED117A66EEA77A37EE69
:1068F000277A7B683033D7ED027A67EE277AC3EDCB
:10690000037A002318465437BD465DF8047B704770
:1069100080B582B000AF7860396039687868FEF77A
:10692000FFFB39687868FEF7C5FD7B685B68184631
:10693000F9F712FE02460B460E48FCF765FE7B682F
:106940009B681846F9F708FE02460B460A48FCF712
:106950005BFE7B681B681846F9F7FEFD02460B4696
:106960000648FCF751FE0648FCF74EFE00BF08370C
:10697000BD4680BD481D0108681D0108841D010831
:10698000A41D0108DFF834D0FDF75EFD0C480D4969
:106990000D4A002302E0D458C4500433C4188C427A
:1069A000F9D30A4A0A4C002301E013600432A242E0
:1069B000FBD306F09BFDFCF777FA7047000002203E
:1069C00000000020DC010020A0320108E0010020CE
:1069D00028110020FEE7000080B500AF0E4B1B68B9
:1069E0000D4A43F4007313600B4B1B680A4A43F4CF
:1069F00080631360084B1B68074A43F4807313607D
:106A0000032000F0FCF80F20FDF73EFBFDF772F8C5
:106A10000023184680BD00BF003C024080B400AF98
:106A2000064B1B781A46064B1B681344044A136036
:106A300000BFBD465DF8047B704700BF100000201A
:106A4000D80F002080B400AF034B1B681846BD462A
:106A50005DF8047B704700BFD80F002080B584B07C
:106A600000AF7860FFF7EEFFB8607B68FB60FB6803
:106A7000B3F1FF3F05D00A4B1B781A46FB6813445D
:106A8000FB6000BFFFF7DEFF0246BB68D31AFA685F
:106A90009A42F7D800BF00BF1037BD4680BD00BF87
:106AA0001000002080B485B000AF78607B6803F0F0
:106AB0000703FB600C4BDB68BB60BA684FF6FF0353
:106AC0001340BB60FB681A02BB68134343F0BF630B
:106AD00043F40033BB60044ABB68D36000BF143783
:106AE000BD465DF8047B704700ED00E080B400AF68
:106AF000044BDB681B0A03F007031846BD465DF82C
:106B0000047B704700ED00E080B483B000AF034623
:106B1000FB7197F90730002B0BDBFB7903F01F02A9
:106B2000074997F907305B09012000FA02F241F8A2
:106B3000232000BF0C37BD465DF8047B704700BFC3
:106B400000E100E080B483B000AF03463960FB7120
:106B500097F90730002B0ADB3B68DAB20C4997F94A
:106B600007301201D2B20B4483F800230AE03B68DD
:106B7000DAB20849FB7903F00F03043B1201D2B2E9
:106B80000B441A7600BF0C37BD465DF8047B704796
:106B900000E100E000ED00E080B489B000AFF860F3
:106BA000B9607A60FB6803F00703FB61FB69C3F11E
:106BB0000703042B28BF0423BB61FB690433062BA6
:106BC00002D9FB69033B00E000237B614FF0FF32F9
:106BD000BB6902FA03F3DA43BB681A407B699A4047
:106BE0004FF0FF317B6901FA03F3D9437B680B4017
:106BF000134318462437BD465DF8047B704780B5C3
:106C000082B000AF78607868FFF74CFF00BF0837AC
:106C1000BD4680BD80B586B000AF0346B9607A60DE
:106C2000FB7300237B61FFF761FF78617A68B968C5
:106C30007869FFF7B1FF024697F90F301146184601
:106C4000FFF780FF00BF1837BD4680BD80B582B01A
:106C500000AF0346FB7197F907301846FFF754FF62
:106C600000BF0837BD4680BD80B586B000AF7860F4
:106C700000237B61FFF7E6FE38617B68002B01D1C2
:106C8000012399E07B68022283F835207B6800228B
:106C900083F834207B681B681A687B681B6822F0C5
:106CA00001021A600FE0FFF7CDFE02463B69D31ADE
:106CB000052B08D97B6820225A657B68032283F85C
:106CC0003520032378E07B681B681B6803F0010311
:106CD000002BE8D17B681B681B687B617A69384BA5
:106CE00013407B617B685A687B689B681A437B68AA
:106CF000DB681A437B681B691A437B685B691A432C
:106D00007B689B691A437B68DB691A437B681B6A53
:106D100013437A6913437B617B685B6A042B07D159
:106D20007B68DA6A7B681B6B13437A6913437B6168
:106D30007B681B687A691A607B681B685B697B618A
:106D40007B6923F007037B617B685B6A7A69134385
:106D50007B617B685B6A042B17D17B689B6A7A69CD
:106D600013437B617B68DB6A002B0ED0786800F0F0
:106D700001FB0346002B08D07B6840225A657B68E4
:106D8000012283F83520012316E07B681B687A69AD
:106D90005A61786800F0B8FA0346FB607B68DB6DE7
:106DA0003F229A40FB689A607B6800225A657B68A4
:106DB000012283F83520002318461837BD4680BDD0
:106DC0003F8010F080B586B000AFF860B9607A609F
:106DD0003B600023FB75FB689B6D3B61FB6893F890
:106DE0003430012B01D1022340E0FB68012283F8FB
:106DF0003420FB6893F83530DBB2012B2FD1FB68D0
:106E0000022283F83520FB6800225A653B687A68C5
:106E1000B968F86800F04AFAFB68DB6D3F229A40D7
:106E20003B699A60FB681B681A68FB681B6842F044
:106E300016021A60FB681B6C002B07D0FB681B68EE
:106E40001A68FB681B6842F008021A60FB681B683E
:106E50001A68FB681B6842F001021A6005E0FB68D3
:106E6000002283F834200223FB75FB7D1846183777
:106E7000BD4680BD80B584B000AF78607B689B6DF7
:106E8000FB60FFF7DFFDB8607B6893F83530DBB25D
:106E9000022B08D07B6880225A657B68002283F829
:106EA0003420012352E07B681B681A687B681B68EA
:106EB00022F016021A607B681B685A697B681B689F
:106EC00022F080025A617B681B6C002B03D17B6827
:106ED0009B6C002B07D07B681B681A687B681B685B
:106EE00022F008021A607B681B681A687B681B68BE
:106EF00022F001021A6013E0FFF7A4FD0246BB680E
:106F0000D31A052B0CD97B6820225A657B68032293
:106F100083F835207B68002283F83420032315E0B2
:106F20007B681B681B6803F00103002BE4D17B68BE
:106F3000DB6D3F229A40FB689A607B68012283F8F0
:106F400035207B68002283F8342000231846103750
:106F5000BD4680BD80B483B000AF78607B6893F895
:106F60003530DBB2022B04D07B6880225A650123C6
:106F70000CE07B68052283F835207B681B681A6863
:106F80007B681B6822F001021A60002318460C3748
:106F9000BD465DF8047B704780B586B000AF786071
:106FA0000023BB608E4B1B688E4AA2FB03239B0A07
:106FB0007B617B689B6D3B613B691B68FB607B6809
:106FC000DB6D08229A40FB681340002B1AD07B68C7
:106FD0001B681B6803F00403002B13D07B681B683D
:106FE0001A687B681B6822F004021A607B68DB6DFC
:106FF00008229A403B699A607B685B6D43F001020E
:107000007B685A657B68DB6D01229A40FB68134000
:10701000002B12D07B681B685B6903F08003002B98
:107020000BD07B68DB6D01229A403B699A607B68DC
:107030005B6D43F002027B685A657B68DB6D04225E
:107040009A40FB681340002B12D07B681B681B68BA
:1070500003F00203002B0BD07B68DB6D04229A4007
:107060003B699A607B685B6D43F004027B685A65FC
:107070007B68DB6D10229A40FB681340002B43D0E5
:107080007B681B681B6803F00803002B3CD07B68FF
:10709000DB6D10229A403B699A607B681B681B6815
:1070A00003F48023002B18D07B681B681B6803F453
:1070B0000023002B08D17B681B6C002B24D07B683D
:1070C0001B6C786898471FE07B689B6C002B1BD07B
:1070D0007B689B6C7868984716E07B681B681B6828
:1070E00003F48073002B07D17B681B681A687B68E8
:1070F0001B6822F008021A607B681B6C002B03D00F
:107100007B681B6C786898477B68DB6D20229A400F
:10711000FB681340002B00F08F807B681B681B68A6
:1071200003F01003002B00F087807B68DB6D2022CA
:107130009A403B699A607B6893F83530DBB2052B47
:1071400036D17B681B681A687B681B6822F01602C0
:107150001A607B681B685A697B681B6822F0800292
:107160005A617B681B6C002B03D17B689B6C002BE6
:1071700007D07B681B681A687B681B6822F00802CE
:107180001A607B68DB6D3F229A403B699A607B689E
:10719000012283F835207B68002283F834207B6845
:1071A0001B6D002B7ED07B681B6D7868984779E05B
:1071B0007B681B681B6803F48023002B1DD07B6851
:1071C0001B681B6803F40023002B0DD17B685B6CEC
:1071D000002B31D07B685B6C786898472CE000BF4F
:1071E00008000020B5814E1B7B68DB6B002B23D091
:1071F0007B68DB6B786898471EE07B681B681B68C0
:1072000003F48073002B0FD17B681B681A687B68BE
:107210001B6822F010021A607B68012283F8352077
:107220007B68002283F834207B68DB6B002B03D063
:107230007B68DB6B786898477B685B6D002B32D08E
:107240007B685B6D03F00103002B22D07B68052275
:1072500083F835207B681B681A687B681B6822F0FE
:1072600001021A60BB680133BB607A699A4207D396
:107270007B681B681B6803F00103002BF2D100E060
:1072800000BF7B68012283F835207B68002283F8E9
:1072900034207B68DB6C002B05D07B68DB6C786866
:1072A000984700E000BF1837BD4680BD80B485B068
:1072B00000AFF860B9607A603B60FB681B681A68D1
:1072C000FB681B6822F480221A60FB681B683A681E
:1072D0005A60FB689B68402B08D1FB681B687A6882
:1072E0009A60FB681B68BA68DA6007E0FB681B6895
:1072F000BA689A60FB681B687A68DA6000BF143766
:10730000BD465DF8047B704780B485B000AF7860FF
:107310007B681B68DBB2103B144AA2FB03231B09EA
:10732000FB60134AFB6813441B781A467B68DA65D6
:10733000FB68032B09D97B681B6823F47F7323F058
:1073400003031A1D7B689A6507E07B681B6823F4BA
:107350007F7323F003037A6893657B689B6D1846FF
:107360001437BD465DF8047B704700BFABAAAAAADC
:10737000082A010880B485B000AF78600023FB7351
:107380007B689B6ABB607B689B69002B1FD1BB68D5
:10739000032B56D801A252F823F000BFAD730008AA
:1073A000BF730008AD730008437400087B68DB6A94
:1073B00003F08073002B46D00123FB7343E07B680E
:1073C000DB6AB3F1C07F40D10123FB733DE07B68F2
:1073D0009B69B3F5005F21D1BB68032B37D801A2AD
:1073E00052F823F0F5730008FB730008F5730008EA
:1073F0000D7400080123FB7330E07B68DB6A03F047
:107400008073002B25D00123FB7322E07B68DB6AAD
:10741000B3F1C07F1FD10123FB731CE0BB68022BBB
:1074200003D9BB68032B03D018E00123FB7315E0DD
:107430007B68DB6A03F08073002B0ED00123FB73A3
:107440000BE000BF0AE000BF08E000BF06E000BF9D
:1074500004E000BF02E000BF00E000BFFB7B184675
:107460001437BD465DF8047B704700BF80B489B017
:1074700000AF7860396000237B6100233B6100230B
:10748000BB610023FB6159E10122FB6902FA03F3AE
:107490007B613B681B687A6913403B613A697B6991
:1074A0009A4240F048813B685B6803F00303012B7C
:1074B00005D03B685B6803F00303022B30D17B6887
:1074C0009B68BB61FB695B00032202FA03F3DB43A9
:1074D000BA691340BB613B68DA68FB695B0002FA7A
:1074E00003F3BA691343BB617B68BA699A607B682E
:1074F0005B68BB610122FB6902FA03F3DB43BA69F3
:107500001340BB613B685B681B0903F00102FB6928
:1075100002FA03F3BA691343BB617B68BA695A6024
:107520003B685B6803F00303032B17D07B68DB68C1
:10753000BB61FB695B00032202FA03F3DB43BA6918
:107540001340BB613B689A68FB695B0002FA03F376
:10755000BA691343BB617B68BA69DA603B685B68F0
:1075600003F00303022B23D1FB69DA087B6808329E
:1075700053F82230BB61FB6903F007039B000F2225
:1075800002FA03F3DB43BA691340BB613B681A6933
:10759000FB6903F007039B0002FA03F3BA69134384
:1075A000BB61FB69DA087B680832B96943F82210CD
:1075B0007B681B68BB61FB695B00032202FA03F373
:1075C000DB43BA691340BB613B685B6803F00302AD
:1075D000FB695B0002FA03F3BA691343BB617B6882
:1075E000BA691A603B685B6803F44033002B00F013
:1075F000A2800023FB60574B5B6C564A43F48043E8
:107600005364544B5B6C03F48043FB60FB68524A49
:10761000FB699B08023352F82330BB61FB6903F01E
:1076200003039B000F2202FA03F3DB43BA69134002
:10763000BB617B68494A934219D07B68484A9342B0
:1076400013D07B68474A93420DD07B68464A9342E9
:1076500007D07B68454A934201D1042308E0072301
:1076600006E0032304E0022302E0012300E00023FC
:10767000FA6902F0030292009340BA691343BB61B6
:107680003549FB699B080233BA6941F82320384B1E
:107690009B68BB613B69DB43BA691340BB613B68D4
:1076A0005B6803F48013002B03D0BA693B69134372
:1076B000BB612F4ABB6993602D4BDB68BB613B69A3
:1076C000DB43BA691340BB613B685B6803F400139A
:1076D000002B03D0BA693B691343BB61244ABB69E1
:1076E000D360234B5B68BB613B69DB43BA691340E2
:1076F000BB613B685B6803F40033002B03D0BA69BD
:107700003B691343BB611A4ABB695360184B1B6842
:10771000BB613B69DB43BA691340BB613B685B6893
:1077200003F48033002B03D0BA693B691343BB6178
:107730000F4ABB691360FB690133FB61FB690F2BC7
:107740007FF6A2AE00BF00BF2437BD465DF8047BC4
:10775000704700BF0038024000380140000002407E
:107760000004024000080240000C024000100240E9
:10777000003C014080B483B000AF78600B467B8052
:1077800013467B707B78002B03D07A887B689A61E4
:1077900003E07B881A047B689A6100BF0C37BD4602
:1077A0005DF8047B704780B485B000AF78600B460D
:1077B0007B807B685B69FB607A88FB6813401A04F6
:1077C000FB68D9437B880B401A437B689A6100BFF2
:1077D0001437BD465DF8047B7047000080B584B067
:1077E00000AF78607B68002B01D101232BE17B681F
:1077F00093F83D30DBB2002B06D17B68002283F882
:107800003C207868FCF79EF97B68242283F83D20B1
:107810007B681B681A687B681B6822F001021A608B
:107820007B681B681A687B681B6842F400421A6018
:107830007B681B681A687B681B6822F400421A6028
:1078400001F010FCF8607B685B68814A934207D8BE
:10785000FB68804A934294BF01230023DBB206E019
:10786000FB687D4A934294BF01230023DBB2002BC7
:1078700001D00123E7E0FB68784AA2FB03239B0CBD
:10788000BB607B681B685B6823F03F017B681B68FB
:10789000BA680A435A607B681B681B6A23F03F0181
:1078A0007B685B686A4A934202D8BB68013309E08F
:1078B000BB684FF4967202FB03F3694AA2FB0323F1
:1078C0009B0901337A6812680B4313627B681B685B
:1078D000DB6923F44F4222F0FF027B685B685C495E
:1078E0008B4219D8FB68591E7B685B685B00B1FB53
:1078F000F3F3591C40F6FC730B40002B0AD0FB68D5
:10790000591E7B685B685B00B1FBF3F30133C3F383
:107910000B0351E004234FE07B689B68002B11D1DF
:10792000FB68581E7B6859680B465B000B44B0FB34
:10793000F3F30133C3F30B03002B0CBF012300232C
:10794000DBB212E0FB68581E7B6859680B469B004F
:107950000B4499000B44B0FBF3F30133C3F30B0367
:10796000002B0CBF01230023DBB2002B01D001232D
:1079700022E07B689B68002B0ED1FB68581E7B6859
:1079800059680B465B000B44B0FBF3F30133C3F3C0
:107990000B0343F400430FE0FB68581E7B685968F3
:1079A0000B469B000B4499000B44B0FBF3F30133EF
:1079B000C3F30B0343F44043796809681343CB6175
:1079C0007B681B681B6823F0C0017B68DA697B68F1
:1079D0001B6A1A437B681B680A431A607B681B6832
:1079E0009B6823F4034323F0FF037A6811697A68E4
:1079F000D26811437A6812680B4393607B681B68F6
:107A0000DB6823F0FF017B685A697B689B691A4336
:107A10007B681B680A43DA607B681B681A687B68AE
:107A20001B6842F001021A607B6800221A647B68BE
:107A3000202283F83D207B6800221A637B680022A5
:107A400083F83E20002318461037BD4680BD00BF96
:107A5000A08601007F841E00FF083D0083DE1B43DB
:107A6000D34D621080B588B002AFF8607A601A46D4
:107A70000B467B8113463B81FEF7E4FF7861FB6890
:107A800093F83D30DBB2202B40F0E0807B6900931F
:107A9000192301227049F86800F07EFC0346002B90
:107AA00001D00223D3E0FB6893F83C30012B01D1D5
:107AB0000223CCE0FB68012283F83C20FB681B68B2
:107AC0001B6803F00103012B07D0FB681B681A68D1
:107AD000FB681B6842F001021A60FB681B681A68A9
:107AE000FB681B6822F400621A60FB68212283F89D
:107AF0003D20FB68102283F83E20FB6800221A64B8
:107B0000FB687A685A62FB683A895A85FB685B8D24
:107B10009AB2FB681A85FB68504ADA6279897B69F8
:107B20003A6AF86800F0CEFA0346002B01D0012330
:107B30008DE000233B61FB681B685B693B61FB6870
:107B40001B689B693B613B6966E07A69396AF86842
:107B500000F03CFD0346002B0DD0FB681B6C042B92
:107B600007D1FB681B681A68FB681B6842F4007247
:107B70001A6001236BE0FB685B6A1A78FB681B687C
:107B80001A61FB685B6A5A1CFB685A62FB685B8D72
:107B90009BB2013B9AB2FB685A85FB681B8D013B87
:107BA0009AB2FB681A85FB681B685B6903F00403E3
:107BB000042B1BD1FB681B8D002B17D0FB685B6A65
:107BC0001A78FB681B681A61FB685B6A5A1CFB68C1
:107BD0005A62FB685B8D9BB2013B9AB2FB685A8587
:107BE000FB681B8D013B9AB2FB681A857A69396A7A
:107BF000F86800F033FD0346002B0DD0FB681B6CCA
:107C0000042B07D1FB681B681A68FB681B6842F4E9
:107C100000721A6001231AE0FB681B8D002B94D1BF
:107C2000FB681B681A68FB681B6842F400721A60E4
:107C3000FB68202283F83D20FB68002283F83E2069
:107C4000FB68002283F83C20002300E00223184652
:107C50001837BD4680BD00BF020010000000FFFFC6
:107C600080B58CB002AFF860084611461A4603464C
:107C70007B810B463B811346FB80FEF7E3FE786277
:107C8000FB6893F83D30DBB2202B40F014827B6A16
:107C90000093192301227B49F86800F07DFB03461D
:107CA000002B01D0022307E2FB6893F83C30012B44
:107CB00001D1022300E2FB68012283F83C20FB682B
:107CC0001B681B6803F00103012B07D0FB681B68CE
:107CD0001A68FB681B6842F001021A60FB681B68A7
:107CE0001A68FB681B6822F400621A60FB68222293
:107CF00083F83D20FB68402283F83E20FB68002289
:107D00001A64FB683A6B5A62FB68BA8E5A85FB6844
:107D10005B8D9AB2FB681A85FB685B4ADA62F88869
:107D20003A8979897B6A0193BB6B00930346F868B3
:107D300000F04AFA0346002B01D00123BCE1FB68A6
:107D40001B8D002B13D100233B62FB681B685B6912
:107D50003B62FB681B689B693B623B6AFB681B6874
:107D60001A68FB681B6842F400721A6090E1FB68B5
:107D70001B8D012B1BD1FB681B681A68FB681B68F5
:107D800022F480621A600023FB61FB681B685B6958
:107D9000FB61FB681B689B69FB61FB69FB681B68F7
:107DA0001A68FB681B6842F400721A6070E1FB6895
:107DB0001B8D022B1BD1FB681B681A68FB681B68B4
:107DC00022F480621A60FB681B681A68FB681B68F3
:107DD00042F400621A600023BB61FB681B685B69A8
:107DE000BB61FB681B689B69BB61BB6950E10023F9
:107DF0007B61FB681B685B697B61FB681B689B6937
:107E00007B617B6944E1FB681B8D032B00F2F180F1
:107E1000FB681B8D012B23D17A6AB96BF86800F0DF
:107E200065FC0346002B01D0012345E1FB681B687C
:107E30001A69FB685B6AD2B21A70FB685B6A5A1CEB
:107E4000FB685A62FB681B8D013B9AB2FB681A857E
:107E5000FB685B8D9BB2013B9AB2FB685A8517E1C8
:107E6000FB681B8D022B4ED17B6A0093BB6B0022FB
:107E70000649F86800F090FA0346002B08D0012369
:107E80001AE100BF020010000000FFFF0400010023
:107E9000FB681B681A68FB681B6842F400721A6072
:107EA000FB681B681A69FB685B6AD2B21A70FB68D0
:107EB0005B6A5A1CFB685A62FB681B8D013B9AB2D5
:107EC000FB681A85FB685B8D9BB2013B9AB2FB682D
:107ED0005A85FB681B681A69FB685B6AD2B21A7024
:107EE000FB685B6A5A1CFB685A62FB681B8D013B8E
:107EF0009AB2FB681A85FB685B8D9BB2013B9AB214
:107F0000FB685A85C4E07B6A0093BB6B00226C4916
:107F1000F86800F041FA0346002B01D00123CBE0C2
:107F2000FB681B681A68FB681B6822F480621A6091
:107F3000FB681B681A69FB685B6AD2B21A70FB683F
:107F40005B6A5A1CFB685A62FB681B8D013B9AB244
:107F5000FB681A85FB685B8D9BB2013B9AB2FB689C
:107F60005A857B6A0093BB6B00225549F86800F084
:107F700013FA0346002B01D001239DE0FB681B6828
:107F80001A68FB681B6842F400721A60FB681B6881
:107F90001A69FB685B6AD2B21A70FB685B6A5A1C8A
:107FA000FB685A62FB681B8D013B9AB2FB681A851D
:107FB000FB685B8D9BB2013B9AB2FB685A85FB68FC
:107FC0001B681A69FB685B6AD2B21A70FB685B6A4D
:107FD0005A1CFB685A62FB681B8D013B9AB2FB6816
:107FE0001A85FB685B8D9BB2013B9AB2FB685A8590
:107FF0004EE07A6AB96BF86800F078FB0346002B14
:1080000001D0012358E0FB681B681A69FB685B6AB2
:10801000D2B21A70FB685B6A5A1CFB685A62FB6832
:108020001B8D013B9AB2FB681A85FB685B8D9BB286
:10803000013B9AB2FB685A85FB681B685B6903F0D9
:108040000403042B24D1FB681B8D032B07D1FB6891
:108050001B681A68FB681B6822F480621A60FB6860
:108060001B681A69FB685B6AD2B21A70FB685B6AAC
:108070005A1CFB685A62FB681B8D013B9AB2FB6875
:108080001A85FB685B8D9BB2013B9AB2FB685A85EF
:10809000FB681B8D002B7FF4B6AEFB68202283F8B3
:1080A0003D20FB68002283F83E20FB68002283F815
:1080B0003C20002300E0022318462837BD4680BD3F
:1080C0000400010080B588B002AFF8607A603B60C0
:1080D0000B467B81FB68DB6A7B617B69082B06D0E2
:1080E0007B69012B03D07B6913F5803F08D1FB68C6
:1080F0001B681A68FB681B6842F480721A600BE008
:10810000FB681B6B122B07D1FB681B681A68FB68A6
:108110001B6842F480721A603B6800937B680022FF
:108120004FF00111F86800F037F90346002B0DD02D
:10813000FB681B681B6803F48073B3F5807F03D171
:10814000FB684FF400721A64032335E0FB681B6977
:10815000B3F5804F08D17B89DBB21A46FB681B68F8
:1081600002F0FE021A611BE07B89DB11DBB203F037
:108170000603DBB263F00F03DAB2FB681B681A6117
:108180003B687A680E49F86800F080F90346002BD6
:1081900001D0012310E07B89DAB2FB681B681A6109
:1081A0003B687A680749F86800F070F90346002BCD
:1081B00001D0012300E0002318461837BD4680BDDA
:1081C000080001000200010080B588B002AFF8602D
:1081D000084611461A4603467B810B463B811346EF
:1081E000FB80FB681B681A68FB681B6842F48062AE
:1081F0001A60FB681B681A68FB681B6842F480728F
:108200001A607B6A00933B6A00224FF00111F86804
:1082100000F0C2F80346002B0DD0FB681B681B68FA
:1082200003F48073B3F5807F03D1FB684FF40072D1
:108230001A640323AAE07B89DBB21A46FB681B6839
:1082400002F0FE021A617B6A3A6A5249F86800F04D
:108250001DF90346002B01D0012397E000237B6129
:10826000FB681B685B697B61FB681B689B697B61C2
:108270007B697A6A396AF86800F0A8F90346002B2E
:108280000DD0FB681B6C042B07D1FB681B681A68B8
:10829000FB681B6842F400721A60012376E0FB88D9
:1082A000012B05D13B89DAB2FB681B681A6121E01A
:1082B0003B891B0A9BB2DAB2FB681B681A617A6AB7
:1082C000396AF86800F082F90346002B0DD0FB688C
:1082D0001B6C042B07D1FB681B681A68FB681B68C2
:1082E00042F400721A60012350E03B89DAB2FB6865
:1082F0001B681A617A6A396AF86800F067F9034600
:10830000002B0DD0FB681B6C042B07D1FB681B688E
:108310001A68FB681B6842F400721A60012335E09A
:10832000FB681B681A68FB681B6842F480721A605D
:108330007B6A00933B6A00224FF00111F86800F05D
:108340002BF80346002B0DD0FB681B681B6803F459
:108350008073B3F5807F03D1FB684FF400721A6419
:10836000032313E07B89DBB243F00103DAB2FB683D
:108370001B681A617B6A3A6A0649F86800F086F859
:108380000346002B01D0012300E0002318461837D4
:10839000BD4680BD0200010080B584B000AFF8602A
:1083A000B9603B601346FB7148E03B68B3F1FF3FA7
:1083B00044D0FEF747FB0246BB69D31A3A689A429B
:1083C00002D33B68002B39D1BB681B0CDBB2012BFD
:1083D0000DD1FB681B685B69DA43BB6813409BB235
:1083E000002B0CBF01230023DBB21A460CE0FB6814
:1083F0001B689B69DA43BB6813409BB2002B0CBF20
:1084000001230023DBB21A46FB799A4216D1FB689E
:1084100000221A63FB68202283F83D20FB680022BB
:1084200083F83E20FB681B6C43F02002FB681A6453
:10843000FB68002283F83C20012323E0BB681B0C6F
:10844000DBB2012B0DD1FB681B685B69DA43BB68AB
:1084500013409BB2002B0CBF01230023DBB21A4652
:108460000CE0FB681B689B69DA43BB6813409BB256
:10847000002B0CBF01230023DBB21A46FB799A4282
:1084800093D0002318461037BD4680BD80B584B018
:1084900000AFF860B9607A603B6071E0FB681B6810
:1084A0005B6903F48063B3F5806F23D1FB681B68BD
:1084B0001A68FB681B6842F400721A60FB681B684C
:1084C0006FF480625A61FB6800221A63FB68202205
:1084D00083F83D20FB68002283F83E20FB681B6C7C
:1084E00043F00402FB681A64FB68002283F83C2016
:1084F000012367E07B68B3F1FF3F41D0FEF7A2FAAA
:1085000002463B68D31A7A689A4202D37B68002BF2
:1085100036D1BB681B0CDBB2012B0CD1FB681B688E
:108520005B69DA43BB6813409BB2002B14BF012385
:108530000023DBB20BE0FB681B689B69DA43BB6876
:1085400013409BB2002B14BF01230023DBB2002B8E
:1085500016D0FB6800221A63FB68202283F83D20B6
:10856000FB68002283F83E20FB681B6C43F020026E
:10857000FB681A64FB68002283F83C20012321E099
:10858000BB681B0CDBB2012B0CD1FB681B685B6961
:10859000DA43BB6813409BB2002B14BF01230023B6
:1085A000DBB20BE0FB681B689B69DA43BB681340D6
:1085B0009BB2002B14BF01230023DBB2002B7FF4FE
:1085C0006DAF002318461037BD4680BD80B584B01E
:1085D00000AFF860B9607A6034E0F86800F0E3F862
:1085E0000346002B01D0012334E0BB68B3F1FF3F09
:1085F00028D0FEF727FA02467B68D31ABA689A4257
:1086000002D3BB68002B1DD1FB681B685B6903F0BC
:108610008003802B16D0FB6800221A63FB6820229F
:1086200083F83D20FB68002283F83E20FB681B6C2A
:1086300043F02002FB681A64FB68002283F83C20A8
:10864000012307E0FB681B685B6903F08003802B54
:10865000C3D1002318461037BD4680BD80B584B015
:1086600000AFF860B9607A6034E0F86800F09BF819
:108670000346002B01D0012334E0BB68B3F1FF3F78
:1086800028D0FEF7DFF902467B68D31ABA689A420F
:1086900002D3BB68002B1DD1FB681B685B6903F02C
:1086A0000403042B16D0FB6800221A63FB68202207
:1086B00083F83D20FB68002283F83E20FB681B6C9A
:1086C00043F02002FB681A64FB68002283F83C2018
:1086D000012307E0FB681B685B6903F00403042BBC
:1086E000C3D1002318461037BD4680BD80B584B085
:1086F00000AFF860B9607A6049E0FB681B685B69AD
:1087000003F01003102B19D1FB681B686FF01002E7
:108710005A61FB6800221A63FB68202283F83D201F
:10872000FB68002283F83E20FB681A6CFB681A6421
:10873000FB68002283F83C20012330E0FEF782F939
:1087400002467B68D31ABA689A4202D3BB68002BF0
:108750001DD1FB681B685B6903F04003402B16D0FA
:10876000FB6800221A63FB68202283F83D20FB6827
:10877000002283F83E20FB681B6C43F02002FB685C
:108780001A64FB68002283F83C20012307E0FB68A1
:108790001B685B6903F04003402BAED100231846F1
:1087A0001037BD4680BD80B483B000AF78607B6871
:1087B0001B685B6903F48063B3F5806F1BD17B6832
:1087C0001B686FF480625A617B6800221A637B68C1
:1087D000202283F83D207B68002283F83E207B68BE
:1087E0001B6C43F004027B681A647B68002283F8E8
:1087F0003C20012300E0002318460C37BD465DF8FD
:10880000047B704780B586B000AF78607B68002B32
:1088100001D1012367E27B681B6803F00103002B91
:1088200075D0884B9B6803F00C03042B0CD0854B50
:108830009B6803F00C03082B12D1824B5B6803F496
:108840008003B3F5800F0BD17E4B1B6803F400331C
:10885000002B5BD07B685B68002B57D1012342E281
:108860007B685B68B3F5803F06D1764B1B68754A21
:1088700043F4803313601DE07B685B68B3F5A02F81
:108880000CD1704B1B686F4A43F4802313606D4B0F
:108890001B686C4A43F4803313600BE0694B1B6820
:1088A000684A23F480331360664B1B68654A23F4DF
:1088B000802313607B685B68002B13D0FEF7C2F83F
:1088C000386108E0FEF7BEF802463B69D31A642B14
:1088D00001D9032307E25B4B1B6803F40033002B31
:1088E000F0D014E0FEF7AEF8386108E0FEF7AAF821
:1088F00002463B69D31A642B01D90323F3E1514BA0
:108900001B6803F40033002BF0D100E000BF7B684C
:108910001B6803F00203002B63D04A4B9B6803F0F3
:108920000C03002B0BD0474B9B6803F00C03082B68
:108930001CD1444B5B6803F48003002B16D1414BE0
:108940001B6803F00203002B05D07B68DB68012B5A
:1089500001D00123C7E13B4B1B6823F0F8027B6881
:108960001B69DB00374913430B603AE07B68DB6827
:10897000002B20D0344B01221A60FEF763F83861D7
:1089800008E0FEF75FF802463B69D31A022B01D9D3
:108990000323A8E12B4B1B6803F00203002BF0D04C
:1089A000284B1B6823F0F8027B681B69DB00254914
:1089B00013430B6015E0244B00221A60FEF742F8C7
:1089C000386108E0FEF73EF802463B69D31A022BF5
:1089D00001D9032387E11B4B1B6803F00203002B23
:1089E000F0D17B681B6803F00803002B36D07B684E
:1089F0005B69002B16D0154B01221A60FEF722F896
:108A0000386108E0FEF71EF802463B69D31A022BD4
:108A100001D9032367E10B4B5B6F03F00203002BCB
:108A2000F0D01BE0094B00221A60FEF70BF838610A
:108A30000EE0FEF707F802463B69D31A022B07D96E
:108A4000032350E10038024000004742800E4742B5
:108A5000884B5B6F03F00203002BEAD17B681B6835
:108A600003F00403002B00F097800023FB75814B7B
:108A70001B6C03F08053002B0FD10023BB607D4B98
:108A80001B6C7C4A43F0805313647A4B1B6C03F0DD
:108A90008053BB60BB680123FB75774B1B6803F4F5
:108AA0008073002B18D1744B1B68734A43F4807396
:108AB0001360FDF7C7FF386108E0FDF7C3FF02460A
:108AC0003B69D31A022B01D903230CE16A4B1B68C3
:108AD00003F48073002BF0D07B689B68012B06D1D8
:108AE000644B1B6F634A43F0010313671CE07B6810
:108AF0009B68052B0CD15F4B1B6F5E4A43F0040350
:108B000013675C4B1B6F5B4A43F0010313670BE079
:108B1000584B1B6F574A23F001031367554B1B6FCC
:108B2000544A23F0040313677B689B68002B15D01D
:108B3000FDF788FF38610AE0FDF784FF02463B69D4
:108B4000D31A41F28832934201D90323CBE0494B37
:108B50001B6F03F00203002BEED014E0FDF772FF51
:108B600038610AE0FDF76EFF02463B69D31A41F215
:108B70008832934201D90323B5E03E4B1B6F03F0CB
:108B80000203002BEED1FB7D012B05D1394B1B6C71
:108B9000384A23F0805313647B689B69002B00F0F4
:108BA000A180344B9B6803F00C03082B5CD07B68DE
:108BB0009B69022B41D1314B00221A60FDF742FF25
:108BC000386108E0FDF73EFF02463B69D31A022BED
:108BD00001D9032387E0274B1B6803F00073002BA8
:108BE000F0D17B68DA697B681B6A1A437B685B6A31
:108BF0009B011A437B689B6A5B08013B1B041A4379
:108C00007B68DB6A1B061B4913434B601B4B01222D
:108C10001A60FDF717FF386108E0FDF713FF024601
:108C20003B69D31A022B01D903235CE0114B1B686B
:108C300003F00073002BF0D054E0104B00221A60B8
:108C4000FDF700FF386108E0FDF7FCFE02463B69D6
:108C5000D31A022B01D9032345E0064B1B6803F00E
:108C60000073002BF0D13DE07B689B69012B07D19D
:108C7000012338E0003802400070004060004742A5
:108C80001B4B5B68FB607B689B69012B28D0FB68F2
:108C900003F480027B68DB699A4221D1FB6803F010
:108CA0003F027B681B6A9A421AD1FA6847F6C07382
:108CB00013407A68526A9201934211D1FB6803F41F
:108CC00040327B689B6A5B08013B1B049A4207D1D8
:108CD000FB6803F070627B68DB6A1B069A4201D076
:108CE000012300E0002318461837BD4680BD00BFB1
:108CF0000038024080B584B000AF786039607B688E
:108D0000002B01D10123CCE0684B1B6803F0070363
:108D10003A689A420CD9654B3A68D2B21A70634BE2
:108D20001B6803F007033A689A4201D00123B8E0B8
:108D30007B681B6803F00203002B20D07B681B6854
:108D400003F00403002B05D0594B9B68584A43F4A9
:108D5000E05393607B681B6803F00803002B05D089
:108D6000534B9B68524A43F460439360504B9B685B
:108D700023F0F0027B689B684D4913438B607B684E
:108D80001B6803F00103002B44D07B685B68012B58
:108D900007D1474B1B6803F40033002B19D1012383
:108DA0007FE07B685B68022B03D07B685B68032BEA
:108DB00007D13F4B1B6803F00073002B09D101233F
:108DC0006FE03B4B1B6803F00203002B01D1012332
:108DD00067E0374B9B6823F003027B685B6834498C
:108DE00013438B60FDF72EFEF8600AE0FDF72AFEC4
:108DF0000246FB68D31A41F28832934201D9032319
:108E00004FE02B4B9B6803F00C027B685B689B0078
:108E10009A42EBD1254B1B6803F007033A689A424C
:108E20000CD2224B3A68D2B21A70204B1B6803F066
:108E300007033A689A4201D0012332E07B681B683D
:108E400003F00403002B08D0194B9B6823F4E05275
:108E50007B68DB68164913438B607B681B6803F0F3
:108E60000803002B09D0124B9B6823F460427B68F7
:108E70001B69DB000E4913438B6000F021F80246AA
:108E80000B4B9B681B0903F00F030A49CB5C22FACA
:108E900003F3094A1360094B1B681846FBF7F4F803
:108EA000002318461037BD4680BD00BF003C02407D
:108EB00000380240F0290108080000200C000020C2
:108EC0002DE9B04F90B000AF00237B630023FB631C
:108ED00000233B630023BB63594B9B6803F00C03E7
:108EE000082B0DD0082B00F2A180002B02D0042B00
:108EF00003D09BE0534BBB639BE0534BBB6398E0B9
:108F00004F4B5B6803F03F037B634D4B5B6803F49F
:108F10008003002B28D04A4B5B689B0900223B62F0
:108F20007A623B6AC3F308000021474B03FB01F25E
:108F3000002300FB03F31344434AA0FB0212FA622E
:108F40000A46BA62FA6A1344FB627B6B0022BB6179
:108F5000FA61D7E90623D7E90A01F7F7ABFF024622
:108F60000B461346FB6353E0354B5B689B090022BD
:108F70003B617A613B69C3F3080A4FF0000B52462C
:108F80005B464FF000004FF00001590141EAD26109
:108F9000500102460B46B2EB0A0863EB0B094FF097
:108FA00000024FF000034FEA891343EA98634FEA47
:108FB0008812B2EB080463EB09054FF000024FF092
:108FC0000003EB0043EA5473E20014461D4614EB21
:108FD0000A033B6045EB0B037B604FF000024FF050
:108FE0000003D7E9004529468B02214643EA915305
:108FF00021468A02104619467B6B0022BB60FA604C
:10900000D7E90223F7F756FF02460B461346FB63E8
:109010000B4B5B681B0C03F0030301335B003B63EA
:10902000FA6B3B6BB2FBF3F3BB6302E0054BBB6334
:1090300000BFBB6B18464037BD46BDE8B08F00BFD0
:10904000003802400024F40040787D0180B400AF75
:10905000034B1B681846BD465DF8047B704700BF94
:109060000800002080B500AFFFF7F0FF0246054B77
:109070009B689B0A03F007030349CB5C22FA03F3C6
:10908000184680BD00380240002A010880B500AFB4
:10909000FFF7DCFF0246054B9B685B0B03F0070301
:1090A0000349CB5C22FA03F3184680BD0038024026
:1090B000002A010880B483B000AF786039607B6813
:1090C0000F221A60124B9B6803F003027B685A6000
:1090D0000F4B9B6803F0F0027B689A600C4B9B6817
:1090E00003F4E0527B68DA60094B9B68DB0803F409
:1090F000E0527B681A61074B1B6803F007023B686C
:109100001A6000BF0C37BD465DF8047B704700BF96
:1091100000380240003C024080B582B000AF786069
:109120007B68002B01D101237BE07B685B6A002B0D
:1091300008D17B685B68B3F5827F09D07B68002229
:10914000DA6105E07B6800221A617B6800225A61BF
:109150007B6800229A627B6893F85130DBB2002B67
:1091600006D17B68002283F850207868FAF79AFDD0
:109170007B68022283F851207B681B681A687B6831
:109180001B6822F040021A607B685B6803F48272FD
:109190007B689B6803F404431A437B68DB6803F431
:1091A00000631A437B681B6903F002031A437B6860
:1091B0005B6903F001031A437B689B6903F4007346
:1091C0001A437B68DB6903F038031A437B681B6A28
:1091D00003F0800342EA03017B689B6A03F40052B8
:1091E0007B681B680A431A607B689B691B0C03F051
:1091F00004017B685B6A03F010027B681B680A430A
:109200005A607B681B68DA697B681B6822F400621D
:10921000DA617B6800225A657B68012283F851205D
:10922000002318460837BD4680BD80B588B000AF22
:10923000F860B9603B601346FB80FDF703FCF86102
:10924000FB887B83FB6893F85130DBB2012B01D0A4
:1092500002232AE1BB68002B02D0FB88002B01D13E
:10926000012322E1FB6893F85030012B01D1022346
:109270001BE1FB68012283F85020FB68032283F87E
:109280005120FB6800225A65FB68BA681A63FB68C4
:10929000FA889A86FB68FA88DA86FB6800229A6365
:1092A000FB6800229A87FB680022DA87FB680022AD
:1092B0005A64FB6800221A64FB689B68B3F5004F90
:1092C0000FD1FB681B681A68FB681B6822F040021C
:1092D0001A60FB681B681A68FB681B6842F48042CE
:1092E0001A60FB681B681B6803F04003402B07D023
:1092F000FB681B681A68FB681B6842F040021A6032
:10930000FB68DB68B3F5006F52D1FB685B68002B2C
:1093100002D07B8B012B45D1FB681B6B1A88FB6845
:109320001B68DA60FB681B6B9A1CFB681A63FB689E
:10933000DB8E9BB2013B9AB2FB68DA8632E0FB68B7
:109340001B689B6803F00203022B12D1FB681B6BA6
:109350001A88FB681B68DA60FB681B6B9A1CFB6849
:109360001A63FB68DB8E9BB2013B9AB2FB68DA861C
:1093700018E0FDF767FB0246FB69D31A3A689A4288
:1093800003D83B68B3F1FF3F02D13B68002B09D102
:10939000FB68012283F85120FB68002283F85020EB
:1093A000032382E0FB68DB8E9BB2002BC7D153E026
:1093B000FB685B68002B02D07B8B012B47D1FB68DD
:1093C0001A6BFB681B680C3312781A70FB681B6BF6
:1093D0005A1CFB681A63FB68DB8E9BB2013B9AB296
:1093E000FB68DA8633E0FB681B689B6803F00203C6
:1093F000022B13D1FB681A6BFB681B680C331278C5
:109400001A70FB681B6B5A1CFB681A63FB68DB8EC7
:109410009BB2013B9AB2FB68DA8618E0FDF712FBBB
:109420000246FB69D31A3A689A4203D83B68B3F103
:10943000FF3F02D13B68002B09D1FB68012283F872
:109440005120FB68002283F8502003232DE0FB68A5
:10945000DB8E9BB2002BC6D1FA693968F86800F040
:10946000CFF90346002B02D0FB6820225A65FB6827
:109470009B68002B0AD100237B61FB681B68DB68BB
:109480007B61FB681B689B687B617B69FB680122D1
:1094900083F85120FB68002283F85020FB685B6D45
:1094A000002B01D0012300E0002318462037BD46E1
:1094B00080BD000080B588B000AF78607B681B6815
:1094C0005B68FB617B681B689B68BB61BB699B0930
:1094D00003F00103002B0FD1BB6903F00103002B44
:1094E0000AD0FB699B0903F00103002B04D07B68C1
:1094F0001B6C78689847D7E0BB695B0803F00103F1
:10950000002B0AD0FB69DB0903F00103002B04D018
:109510007B685B6C78689847C6E0BB695B0903F0C1
:109520000103002B0CD1BB699B0903F00103002B45
:1095300006D1BB691B0A03F00103002B00F0B480C5
:10954000FB695B0903F00103002B00F0AD80BB69F0
:109550009B0903F00103002B23D07B6893F8513063
:10956000DBB2032B11D07B685B6D43F004027B6898
:109570005A6500237B617B681B68DB687B617B68C5
:109580001B689B687B617B690BE000233B617B6808
:109590001B68DB683B617B681B689B683B613B69C0
:1095A00082E0BB695B0903F00103002B14D07B68E8
:1095B0005B6D43F001027B685A650023FB607B68AA
:1095C0001B689B68FB607B681B681A687B681B686C
:1095D00022F040021A60FB68BB691B0A03F001031A
:1095E000002B0CD07B685B6D43F008027B685A65EA
:1095F0000023BB607B681B689B68BB60BB687B68A3
:109600005B6D002B4FD07B681B685A687B681B68BA
:1096100022F0E0025A607B68012283F85120FB6946
:1096200003F00203002B04D1FB6903F00103002BBC
:1096300034D07B681B685A687B681B6822F0030281
:109640005A607B68DB6C002B11D07B68DB6C184A9E
:109650001A657B68DB6C1846FDF77CFC0346002B23
:1096600005D07B685B6D43F040027B685A657B6880
:109670009B6C002B16D07B689B6C0D4A1A657B682F
:109680009B6C1846FDF766FC0346002B0AD07B68EE
:109690005B6D43F040027B685A6503E0786800F038
:1096A00009F800E000BF00BF2037BD4680BD00BF05
:1096B000C996000880B483B000AF786000BF0C3753
:1096C000BD465DF8047B704780B584B000AF78601C
:1096D0007B689B6BFB60FB680022DA87FB680022DB
:1096E000DA86F868FFF7E6FF00BF1037BD4680BD99
:1096F00080B588B000AFF860B9603B601346FB717D
:10970000FDF7A0F90246BB6A9B1A3A681344FB6155
:10971000FDF798F9B861394B1B685B011B0DFA69BD
:1097200002FB03F37B6155E03B68B3F1FF3F51D08F
:10973000FDF788F90246BB69D31AFA699A4202D941
:10974000FB69002B3DD1FB681B685A68FB681B68EE
:1097500022F0E0025A60FB685B68B3F5827F11D1AA
:10976000FB689B68B3F5004F04D0FB689B68B3F5BA
:10977000806F07D1FB681B681A68FB681B6822F0C2
:1097800040021A60FB689B6AB3F5005F0FD1FB686B
:109790001B681A68FB681B6822F400521A60FB6899
:1097A0001B681A68FB681B6842F400521A60FB6869
:1097B000012283F85120FB68002283F85020032304
:1097C00018E07B69002B02D10023FB6102E07B697A
:1097D000013B7B61FB681B689A68BB681340BA68F1
:1097E0009A420CBF01230023DBB21A46FB799A424E
:1097F0009AD1002318462037BD4680BD08000020BE
:1098000080B588B002AFF860B9607A607B68009379
:10981000BB6801220221F868FFF76AFF0346002BAC
:1098200007D0FB685B6D43F02002FB685A65032399
:1098300032E01B4B1B681B4AA2FB03235B0D4FF45A
:109840007A7202FB03F37B61FB685B68B3F5827F8E
:1098500012D17B680093BB6800228021F868FFF773
:1098600047FF0346002B16D0FB685B6D43F02002D8
:10987000FB685A6503230FE07B69002B0AD07B69E4
:10988000013B7B61FB681B689B6803F08003802BB6
:10989000F2D000E000BF002318461837BD4680BD57
:1098A00008000020819F5E1680B582B000AF78600E
:1098B0007B68002B01D1012341E07B6893F83D30A8
:1098C000DBB2002B06D17B68002283F83C2078684D
:1098D000FAF7C2FA7B68022283F83D207B681A6897
:1098E0007B6804331946104600F070FA7B68012249
:1098F00083F846207B68012283F83E207B680122A2
:1099000083F83F207B68012283F840207B68012296
:1099100083F841207B68012283F842207B68012282
:1099200083F843207B68012283F844207B6801226E
:1099300083F845207B68012283F83D2000231846E8
:109940000837BD4680BD000080B485B000AF7860A8
:109950007B6893F83D30DBB2012B01D0012344E05A
:109960007B68022283F83D207B681B68DA687B688D
:109970001B6842F00102DA607B681B681E4A934252
:1099800018D07B681B68B3F1804F13D07B681B68CD
:109990001A4A93420ED07B681B68194A934209D039
:1099A0007B681B68174A934204D07B681B68164A81
:1099B000934211D17B681B689B6803F00703FB602F
:1099C000FB68062B10D07B681B681A687B681B68D5
:1099D00042F001021A6007E07B681B681A687B6826
:1099E0001B6842F001021A60002318461437BD4676
:1099F0005DF8047B704700BF000001400004004098
:109A000000080040000C00400040014080B584B0D8
:109A100000AF78607B681B68DB68FB607B681B6855
:109A20001B69BB60BB6803F00203002B20D0FB68FE
:109A300003F00203002B1BD07B681B686FF002024F
:109A40001A617B6801221A777B681B689B6903F0A7
:109A50000303002B03D0786800F099F905E07868DB
:109A600000F08BF9786800F09CF97B6800221A7787
:109A7000BB6803F00403002B20D0FB6803F0040351
:109A8000002B1BD07B681B686FF004021A617B6897
:109A900002221A777B681B689B6903F44073002BD2
:109AA00003D0786800F073F905E0786800F065F994
:109AB000786800F076F97B6800221A77BB6803F0BB
:109AC0000803002B20D0FB6803F00803002B1BD0F9
:109AD0007B681B686FF008021A617B6804221A77A2
:109AE0007B681B68DB6903F00303002B03D07868F5
:109AF00000F04DF905E0786800F03FF9786800F073
:109B000050F97B6800221A77BB6803F01003002B22
:109B100020D0FB6803F01003002B1BD07B681B6870
:109B20006FF010021A617B6808221A777B681B6845
:109B3000DB6903F44073002B03D0786800F027F949
:109B400005E0786800F019F9786800F02AF97B6878
:109B500000221A77BB6803F00103002B0CD0FB68CE
:109B600003F00103002B07D07B681B686FF0010234
:109B70001A617868F9F72AFDBB6803F08003002BAF
:109B80000CD0FB6803F08003002B07D07B681B68B8
:109B90006FF080021A61786800F0B0FABB6803F0D9
:109BA0004003002B0CD0FB6803F04003002B07D0D0
:109BB0007B681B686FF040021A61786800F0FBF860
:109BC000BB6803F02003002B0CD0FB6803F02003DC
:109BD000002B07D07B681B686FF020021A61786841
:109BE00000F082FA00BF1037BD4680BD80B584B05A
:109BF00000AF786039600023FB737B6893F83C30DA
:109C0000012B01D10223B4E07B68012283F83C20C0
:109C10007B68022283F83D207B681B689B68BB60E1
:109C2000BB6823F07703BB60BB6823F47F43BB6052
:109C30007B681B68BA689A603B681B68B3F5005F75
:109C40003ED0B3F5005F00F28780B3F5805F00F08F
:109C50008680B3F5805F7FD8702B1AD0702B7BD8AD
:109C6000602B50D0602B77D8502B3CD0502B73D822
:109C7000402B58D0402B6FD8302B64D0302B6BD872
:109C8000202B60D0202B67D8002B5CD0102B5AD013
:109C900062E07B6818683B6899683B685A683B6873
:109CA000DB6800F093F97B681B689B68BB60BB684E
:109CB00043F07703BB607B681B68BA689A604FE02B
:109CC0007B6818683B6899683B685A683B68DB6842
:109CD00000F07CF97B681B689A687B681B6842F41B
:109CE00080429A603CE07B6818683B6859683B6832
:109CF000DB681A4600F0F0F87B681B6850211846B4
:109D000000F049F92CE07B6818683B6859683B68AB
:109D1000DB681A4600F00FF97B681B686021184663
:109D200000F039F91CE07B6818683B6859683B68AB
:109D3000DB681A4600F0D0F87B681B6840211846A3
:109D400000F029F90CE07B681A683B681B6819462B
:109D5000104600F020F903E00123FB7300E000BF90
:109D60007B68012283F83D207B68002283F83C2039
:109D7000FB7B18461037BD4680BD80B483B000AF72
:109D8000786000BF0C37BD465DF8047B704780B437
:109D900083B000AF786000BF0C37BD465DF8047B30
:109DA000704780B483B000AF786000BF0C37BD4609
:109DB0005DF8047B704780B483B000AF786000BF6B
:109DC0000C37BD465DF8047B7047000080B485B059
:109DD00000AF786039607B681B68FB607B68374A3E
:109DE00093420FD07B68B3F1804F0BD07B68344A2D
:109DF000934207D07B68334A934203D07B68324A50
:109E0000934208D1FB6823F07003FB603B685B68FA
:109E1000FA681343FB607B68284A93421BD07B6837
:109E2000B3F1804F17D07B68254A934213D07B68EB
:109E3000244A93420FD07B68234A93420BD07B681D
:109E4000224A934207D07B68214A934203D07B6821
:109E5000204A934208D1FB6823F44073FB603B68BF
:109E6000DB68FA681343FB60FB6823F080023B6801
:109E70005B691343FB603B689A687B68DA623B6806
:109E80001A687B689A627B680C4A934203D13B68EC
:109E90001A697B681A637B681B6843F004027B685D
:109EA0001A607B6801225A617B68FA681A6000BFF9
:109EB0001437BD465DF8047B704700BF00000140C9
:109EC0000004004000080040000C00400040014039
:109ED000004401400048014080B487B000AFF86002
:109EE000B9607A60FB681B6A7B61FB681B6A23F0C0
:109EF0000102FB681A62FB689B693B613B6923F0C6
:109F0000F0033B617B681B013A6913433B617B694A
:109F100023F00A037B617A69BB6813437B61FB68AA
:109F20003A699A61FB687A691A6200BF1C37BD46BC
:109F30005DF8047B704780B487B000AFF860B9600B
:109F40007A60FB681B6A7B61FB681B6A23F0100266
:109F5000FB681A62FB689B693B613B6923F47043B1
:109F60003B617B681B033A6913433B617B6923F0C8
:109F7000A0037B61BB681B017A6913437B61FB68AB
:109F80003A699A61FB687A691A6200BF1C37BD465C
:109F90005DF8047B704780B485B000AF78603960AD
:109FA0007B689B68FB60FB6823F07003FB603A688A
:109FB000FB68134343F00703FB607B68FA689A6011
:109FC00000BF1437BD465DF8047B704780B487B08E
:109FD00000AFF860B9607A603B60FB689B687B61AA
:109FE0007B6923F47F437B613B681A027B681A43D9
:109FF000BB6813437A6913437B61FB687A699A6093
:10A0000000BF1C37BD465DF8047B704780B485B047
:10A0100000AF786039607B6893F83C30012B01D148
:10A02000022350E07B68012283F83C207B680222F7
:10A0300083F83D207B681B685B68FB607B681B685E
:10A040009B68BB60FB6823F07003FB603B681B6888
:10A05000FA681343FB607B681B68FA685A607B6888
:10A060001B681C4A934218D07B681B68B3F1804F71
:10A0700013D07B681B68184A93420ED07B681B681C
:10A08000164A934209D07B681B68154A934204D054
:10A090007B681B68134A93420CD1BB6823F0800392
:10A0A000BB603B685B68BA681343BB607B681B6836
:10A0B000BA689A607B68012283F83D207B680022A1
:10A0C00083F83C20002318461437BD465DF8047B16
:10A0D000704700BF0000014000040040000800403D
:10A0E000000C00400040014080B483B000AF7860B5
:10A0F00000BF0C37BD465DF8047B704780B483B069
:10A1000000AF786000BF0C37BD465DF8047B704738
:10A1100080B582B000AF78607B68002B01D101234D
:10A1200042E07B6893F84130DBB2002B06D17B68BC
:10A13000002283F840207868F9F7B4FE7B68242277
:10A1400083F841207B681B68DA687B681B6822F40F
:10A150000052DA60786800F0A1FF7B681B681A691A
:10A160007B681B6822F490421A617B681B685A69FD
:10A170007B681B6822F02A025A617B681B68DA68D8
:10A180007B681B6842F40052DA607B6800225A64E4
:10A190007B68202283F841207B68202283F84220BC
:10A1A0007B6800225A63002318460837BD4680BDED
:10A1B00080B58AB002AFF860B9603B601346FB809F
:10A1C00000237B61FB6893F84130DBB2202B75D113
:10A1D000BB68002B02D0FB88002B01D101236EE06D
:10A1E000FB6800225A64FB68212283F84120FCF7B7
:10A1F00029FC7861FB68FA889A84FB68FA88DA841B
:10A20000FB689B68B3F5805F08D1FB681B69002B76
:10A2100004D10023FB61BB68BB6103E0BB68FB6149
:10A220000023BB612EE03B6800937B690022802104
:10A23000F86800F071FC0346002B05D0FB68202273
:10A2400083F8412003233AE0FB69002B0BD1BB6963
:10A250001B881A46FB681B68C2F308025A60BB6978
:10A260000233BB6107E0FB691A78FB681B685A6020
:10A27000FB690133FB61FB68DB8C9BB2013B9AB24B
:10A28000FB68DA84FB68DB8C9BB2002BCBD13B688C
:10A2900000937B6900224021F86800F03DFC0346F2
:10A2A000002B05D0FB68202283F84120032306E021
:10A2B000FB68202283F84120002300E00223184697
:10A2C0002037BD4680BD80B58CB000AFF860B96066
:10A2D0001346FB80FB6893F84230DBB2202B46D15B
:10A2E000BB68002B02D0FB88002B01D101233FE08B
:10A2F000FB6801221A63FB6800225A63FB881A4636
:10A30000B968F86800F062FC034687F82F30FB68F4
:10A310001B6B012B25D100233B61FB681B681B686D
:10A320003B61FB681B685B683B613B69FB681B68C2
:10A330000C33BB61BB6953E8003F7B617B6943F031
:10A340001003BB62FB681B680C33BA6A7A623B621B
:10A35000396A7A6A41E80023FB61FB69002BE5D189
:10A3600002E0012387F82F3097F82F3000E0022316
:10A3700018463037BD4680BD80B5BAB000AF7860B2
:10A380007B681B681B68C7F8E4307B681B68DB6868
:10A39000C7F8E0307B681B685B69C7F8DC300023D6
:10A3A000C7F8D8300023C7F8D430D7F8E43003F02A
:10A3B0000F03C7F8D830D7F8D830002B0FD1D7F813
:10A3C000E43003F02003002B09D0D7F8E03003F08D
:10A3D0002003002B03D0786800F0A2FD73E2D7F8C9
:10A3E000D830002B00F0DE80D7F8DC3003F001031A
:10A3F000002B06D1D7F8E03003F49073002B00F067
:10A40000D180D7F8E43003F00103002B0BD0D7F84C
:10A41000E03003F48073002B05D07B685B6C43F065
:10A4200001027B685A64D7F8E43003F00403002B80
:10A430000BD0D7F8DC3003F00103002B05D07B688C
:10A440005B6C43F002027B685A64D7F8E43003F097
:10A450000203002B0BD0D7F8DC3003F00103002BF4
:10A4600005D07B685B6C43F004027B685A64D7F8C4
:10A47000E43003F00803002B11D0D7F8E03003F0EC
:10A480002003002B05D1D7F8DC3003F00103002BAB
:10A4900005D07B685B6C43F008027B685A647B687C
:10A4A0005B6C002B00F00A82D7F8E43003F0200345
:10A4B000002B08D0D7F8E03003F02003002B02D0A7
:10A4C000786800F02DFD7B681B685B6903F0400332
:10A4D000402B0CBF01230023DBB2C7F8D4307B68CC
:10A4E0005B6C03F00803002B03D1D7F8D430002BAA
:10A4F0004FD0786800F038FC7B681B685B6903F01C
:10A500004003402B41D17B681B681433C7F89C3053
:10A51000D7F89C3053E8003FC7F89830D7F8983008
:10A5200023F04003C7F8D0307B681B681433D7F89A
:10A53000D020C7F8A820C7F8A430D7F8A410D7F8BF
:10A54000A82041E80023C7F8A030D7F8A030002B9E
:10A55000D9D17B68DB6B002B13D07B68DB6B8A4A1D
:10A560001A657B68DB6B1846FCF7F4FC0346002B8E
:10A5700016D07B68DB6B1B6D7A68D26B10469847F0
:10A580000EE0786800F0C0F90AE0786800F0BCF9E5
:10A5900006E0786800F0B8F97B6800225A648DE123
:10A5A00000BF8BE17B681B6B012B40F06781D7F804
:10A5B000E43003F01003002B00F06081D7F8E030A6
:10A5C00003F01003002B00F059810023BB607B686F
:10A5D0001B681B68BB607B681B685B68BB60BB68F3
:10A5E0007B681B685B6903F04003402B40F0CE8022
:10A5F0007B68DB6B1B685B68A7F8BE30B7F8BE30C2
:10A60000002B00F0A9807B689B8DB7F8BE209A4292
:10A6100080F0A2807B68B7F8BE20DA857B68DB6BB0
:10A62000DB69B3F5807F00F088807B681B680C33A2
:10A63000C7F88830D7F8883053E8003FC7F884302F
:10A64000D7F8843023F48073C7F8B8307B681B6870
:10A650000C33D7F8B820C7F89420C7F89030D7F853
:10A660009010D7F8942041E80023C7F88C30D7F831
:10A670008C30002BD9D17B681B6814337B677B6FD0
:10A6800053E8003F3B673B6F23F00103C7F8B4304A
:10A690007B681B681433D7F8B420C7F88020FB67A9
:10A6A000F96FD7F8802041E80023BB67BB6F002B10
:10A6B000E1D17B681B6814333B663B6E53E8003F77
:10A6C000FB65FB6D23F04003C7F8B0307B681B6867
:10A6D0001433D7F8B020FA66BB66B96EFA6E41E85B
:10A6E00000237B667B6E002BE3D17B68202283F8FE
:10A6F00042207B6800221A637B681B680C33FB6472
:10A70000FB6C53E8003FBB64BB6C23F01003C7F83D
:10A71000AC307B681B680C33D7F8AC20BA657B651E
:10A72000796DBA6D41E800233B653B6D002BE3D1A9
:10A730007B68DB6B1846FCF79DFB7B6802225A6343
:10A740007B689A8D7B68DB8D9BB2D31A9BB21946CE
:10A750007868F8F70FFFB3E07B689B8DB7F8BE20F1
:10A760009A4240F0AD807B68DB6BDB69B3F5807F9C
:10A7700040F0A6807B6802225A637B689B8D194655
:10A780007868F8F7F7FE9BE02FAE00087B689A8D9B
:10A790007B68DB8D9BB2D31AA7F8CE307B68DB8D4C
:10A7A0009BB2002B00F08E80B7F8CE30002B00F06B
:10A7B00089807B681B680C33BB63BB6B53E8003F2D
:10A7C0007B637B6B23F49073C7F8C8307B681B688E
:10A7D0000C33D7F8C8207A643B64396C7A6C41E852
:10A7E0000023FB63FB6B002BE3D17B681B681433F6
:10A7F0007B627B6A53E8003F3B623B6A23F00103C4
:10A80000C7F8C4307B681B681433D7F8C4203A6398
:10A81000FB62F96A3A6B41E80023BB62BB6A002B1A
:10A82000E3D17B68202283F842207B6800221A63F0
:10A830007B681B680C333B613B6953E8003FFB605E
:10A84000FB6823F01003C7F8C0307B681B680C332B
:10A85000D7F8C020FA61BB61B969FA6941E8002301
:10A860007B617B69002BE3D17B6802225A63B7F8D6
:10A87000CE3019467868F8F77DFE23E0D7F8E4304B
:10A8800003F08003002B09D0D7F8E03003F08003F9
:10A89000002B03D0786800F0DBFA14E0D7F8E4303E
:10A8A00003F04003002B0ED0D7F8E03003F0400354
:10A8B000002B08D0786800F01BFB04E000BF02E02A
:10A8C00000BF00E000BFE837BD4680BD80B483B064
:10A8D00000AF786000BF0C37BD465DF8047B704761
:10A8E00080B483B000AF786000BF0C37BD465DF820
:10A8F000047B704780B483B000AF786000BF0C3732
:10A90000BD465DF8047B704780B483B000AF7860CB
:10A9100000BF0C37BD465DF8047B704780B59CB026
:10A9200000AF78607B689B6BFB667B681B681B686D
:10A9300003F48073002B72D1FB6E0022DA85FB6E6C
:10A940001B680C33FB64FB6C53E8003FBB64BB6CBF
:10A9500023F48073BB66FB6E1B680C33BA6EBA655A
:10A960007B65796DBA6D41E800233B653B6D002B3B
:10A97000E5D1FB6E1B681433BB63BB6B53E8003F30
:10A980007B637B6B23F001037B66FB6E1B681433D8
:10A990007A6E7A643B64396C7A6C41E80023FB631D
:10A9A000FB6B002BE5D1FB6E1B6814337B627B6A6B
:10A9B00053E8003F3B623B6A23F040033B66FB6E7B
:10A9C0001B6814333A6E3A63FB62F96A3A6B41E8EA
:10A9D0000023BB62BB6A002BE5D1FB6E202283F80B
:10A9E0004220FB6E1B6B012B19D1FB6E1B680C33D5
:10A9F0003B613B6953E8003FFB60FB6823F01003B9
:10AA0000FB65FB6E1B680C33FA6DFA61BB61B969BB
:10AA1000FA6941E800237B617B69002BE5D1FB6E7D
:10AA200000225A63FB6E1B6B012B06D1FB6E9B8DC4
:10AA30001946F86EF8F79EFD02E0F86EFFF750FF3A
:10AA400000BF7037BD4680BD80B584B000AF786070
:10AA50007B689B6BFB60FB6801225A63FB681B6B86
:10AA6000012B08D1FB689B8D5B089BB21946F868E7
:10AA7000F8F780FD02E0F868FFF73CFF00BF1037F1
:10AA8000BD4680BD80B584B000AF78600023FB6018
:10AA90007B689B6BBB60BB681B685B6903F08003D2
:10AAA000802B0CBF01230023DBB2FB60BB6893F853
:10AAB0004130DBB2212B08D1FB68002B05D0BB68ED
:10AAC0000022DA84B86800F027F9BB681B685B696C
:10AAD00003F04003402B0CBF01230023DBB2FB60DB
:10AAE000BB6893F84230DBB2222B08D1FB68002B05
:10AAF00005D0BB680022DA85B86800F035F9BB687C
:10AB00005B6C43F01002BB685A64B868FFF7FCFE48
:10AB100000BF1037BD4680BD80B586B000AFF8607D
:10AB2000B9603B601346FB713BE03B6AB3F1FF3F0A
:10AB300037D0FBF787FF02463B68D31A3A6A9A423E
:10AB400002D33B6A002B01D103233AE0FB681B6868
:10AB5000DB6803F00403002B23D0BB68802B20D0DC
:10AB6000BB68402B1DD0FB681B681B6803F0080303
:10AB7000082B16D100237B61FB681B681B687B6177
:10AB8000FB681B685B687B617B69F86800F0ECF828
:10AB9000FB6808225A64FB68002283F840200123E6
:10ABA0000FE0FB681B681A68BB681340BA689A42DA
:10ABB0000CBF01230023DBB21A46FB799A42B4D0C2
:10ABC000002318461837BD4680BD000080B598B0F8
:10ABD00000AFF860B9601346FB80BA68FB689A6200
:10ABE000FB68FA889A85FB6800225A64FB68222277
:10ABF00083F84220FB68DB6B444ADA63FB68DB6B5B
:10AC0000434A1A64FB68DB6B424ADA64FB68DB6B1D
:10AC100000221A6507F10803FB65FB68D86BFB6827
:10AC20001B6804331946FB6D1A68FB88FCF7CAF8E9
:10AC30000346002B08D0FB6810225A64FB682022D0
:10AC400083F8422001235DE000233B61FB681B6821
:10AC50001B683B61FB681B685B683B613B69FB6889
:10AC60001B69002B19D0FB681B680C333B643B6CE1
:10AC700053E8003FFB63FB6B43F48073BB65FB68E9
:10AC80001B680C33BA6DFA64BB64B96CFA6C41E8AA
:10AC900000237B647B6C002BE5D1FB681B681433BD
:10ACA000FB62FB6A53E8003FBB62BB6A43F00103EF
:10ACB0007B65FB681B6814337A6DBA637B63796BC1
:10ACC000BA6B41E800233B633B6B002BE5D1FB688B
:10ACD0001B681433BB61BB6953E8003F7B617B6930
:10ACE00043F040033B65FB681B6814333A6D7A629E
:10ACF0003B62396A7A6A41E80023FB61FB69002BF9
:10AD0000E5D1002318466037BD4680BD1DA9000867
:10AD100049AA000885AA000880B489B000AF78600D
:10AD20007B681B680C33FB60FB6853E8003FBB602B
:10AD3000BB6823F0C003FB617B681B680C33FA69B6
:10AD4000BA617B617969BA6941E800233B613B697B
:10AD5000002BE5D17B68202283F8412000BF2437F7
:10AD6000BD465DF8047B704780B495B000AF786055
:10AD70007B681B680C337B637B6B53E8003F3B6352
:10AD80003B6B23F49073FB647B681B680C33FA6C99
:10AD90003A64FB63F96B3A6C41E80023BB63BB6B1D
:10ADA000002BE5D17B681B6814333B623B6A53E898
:10ADB000003FFB61FB6923F00103BB647B681B68F8
:10ADC0001433BA6CFA62BB62B96AFA6A41E80023CA
:10ADD0007B627B6A002BE5D17B681B6B012B19D151
:10ADE0007B681B680C33FB60FB6853E8003FBB606B
:10ADF000BB6823F010037B647B681B680C337A6CA0
:10AE0000BA617B617969BA6941E800233B613B69BA
:10AE1000002BE5D17B68202283F842207B6800224A
:10AE20001A6300BF5437BD465DF8047B704780B598
:10AE300084B000AF78607B689B6BFB60FB6800228E
:10AE4000DA85F868FFF760FD00BF1037BD4680BDAA
:10AE500080B485B000AF78607B6893F84130DBB296
:10AE6000212B3ED17B689B68B3F5805F14D17B6852
:10AE70001B69002B10D17B681B6AFB60FB681B8879
:10AE80001A467B681B68C2F308025A607B681B6A1B
:10AE90009A1C7B681A6208E07B681B6A591C7A68F6
:10AEA00011621A787B681B685A607B68DB8C9BB2E6
:10AEB000013B9BB27A681946D184002B0FD17B6885
:10AEC0001B68DA687B681B6822F08002DA607B68A6
:10AED0001B68DA687B681B6842F04002DA60002376
:10AEE00000E0022318461437BD465DF8047B704726
:10AEF00080B582B000AF78607B681B68DA687B68D9
:10AF00001B6822F04002DA607B68202283F841202F
:10AF10007868FFF7DBFC002318460837BD4680BD84
:10AF200080B58CB000AF78600023FB620023BB6269
:10AF30007B6893F84230DBB2222B40F0AA807B681A
:10AF40009B68B3F5805F15D17B681B69002B11D11D
:10AF50007B689B6ABB627B681B685B689BB2C3F3C0
:10AF600008039AB2BB6A1A807B689B6A9A1C7B684A
:10AF70009A6224E07B689B6AFB627B689B68B3F5FE
:10AF8000805F07D07B689B68002B0AD17B681B69B8
:10AF9000002B06D17B681B685B68DAB2FB6A1A700B
:10AFA00008E07B681B685B68DBB203F07F03DAB202
:10AFB000FB6A1A707B689B6A5A1C7B689A627B6882
:10AFC000DB8D9BB2013B9BB27A681946D185002B81
:10AFD0005DD17B681B68DA687B681B6822F0200201
:10AFE000DA607B681B68DA687B681B6822F4807211
:10AFF000DA607B681B685A697B681B6822F0010273
:10B000005A617B68202283F842207B6800225A63C1
:10B010007B681B6B012B35D17B6800221A637B6830
:10B020001B680C337B617B6953E8003F3B613B69E4
:10B0300023F010037B627B681B680C337A6A3A62E8
:10B04000FB61F9693A6A41E80023BB61BB69002BE7
:10B05000E5D17B681B681B6803F01003102B0AD135
:10B060000023FB607B681B681B68FB607B681B68B8
:10B070005B68FB60FB687B689B8D19467868F8F716
:10B0800079FA02E07868FFF72BFC002302E0002346
:10B0900000E0022318463037BD4680BD2DE9B04F91
:10B0A000C0B000AFC7F8F400D7F8F4301B681B69D4
:10B0B00023F44050D7F8F430D968D7F8F4301A6840
:10B0C00040EA01031361D7F8F4309A68D7F8F430F6
:10B0D0001B691A43D7F8F4305B691A43D7F8F43088
:10B0E000DB691343C7F8F830D7F8F4301B68DB6826
:10B0F00023F4164121F00C01D7F8F4301A68D7F880
:10B10000F8300B43D360D7F8F4301B685B6923F445
:10B110004070D7F8F4309969D7F8F4301A6840EAEB
:10B1200001035361D7F8F4301A688F4B9A4205D067
:10B13000D7F8F4301A688D4B9A4204D1FDF7A6FF78
:10B14000C7F8FC0003E0FDF78DFFC7F8FC00D7F857
:10B15000F430DB69B3F5004F40F00C81D7F8FC30D8
:10B160000022C7F8E830C7F8EC20D7E93A45224674
:10B170002B469118B9655B41FB65D7E9162321463B
:10B1800012EB0108294643EB01094FF000024FF092
:10B1900000034FEAC90343EA58734FEAC8029046D6
:10B1A0009946234618EB0303C7F8E0302B4649EBDA
:10B1B0000303C7F8E430D7F8F4305B680022C7F81F
:10B1C000D830C7F8DC20D7E936120B46DB183B65D0
:10B1D000134642EB03037B65D7E91423D7E9380113
:10B1E000F5F768FE02460B46614BA3FB02235B09A1
:10B1F0001C01D7F8FC300022C7F8D030C7F8D420A3
:10B20000D7E9348942464B469118B9645B41FB64E7
:10B21000D7E91223414612EB010A494643EB010BE1
:10B220004FF000024FF000034FEACB0343EA5A739A
:10B230004FEACA0292469B4643461AEB0303C7F8FD
:10B24000C8304B464BEB0303C7F8CC30D7F8F4308B
:10B250005B680022C7F8C030C7F8C420D7E93012B5
:10B260000B46DB183B64134642EB03037B64D7E9D0
:10B270001023D7E93201F5F71DFE02460B461146B1
:10B280003B4BA3FB01235B09642202FB03F3CB1AB4
:10B29000DB0003F13202364BA3FB02235B095B00A8
:10B2A00003F4F8731C44D7F8FC300022C7F8B83018
:10B2B000C7F8BC20D7E92E8942464B469118B9639E
:10B2C0005B41FB63D7E90E23414651183963494678
:10B2D0004B417B634FF000024FF00003D7E90CAB0A
:10B2E0005946CB00514643EA51735146CA001046B5
:10B2F0001946034642469B18C7F8B0304B460A46EB
:10B3000042EB0303C7F8B430D7F8F4305B6800228F
:10B31000C7F8A830C7F8AC20D7E92A120B46DB18CB
:10B32000BB62134642EB0303FB62D7E90A23D7E96A
:10B330002C01F5F7BFFD02460B460D4BA3FB021394
:10B340005B09642101FB03F3D31ADB003233084AA3
:10B35000A2FB03235B0903F00702D7F8F4301B6854
:10B3600022449A6006E100BF001001400014014031
:10B370001F85EB51D7F8FC300022C7F8A030C7F882
:10B38000A420D7E9288942464B46911839625B418F
:10B390007B62D7E9082341465418494643EB01052F
:10B3A0004FF000024FF00003EB0043EA5473E20059
:10B3B00014461D464346E318C7F898304B4645EB04
:10B3C0000303C7F89C30D7F8F4305B680022C7F855
:10B3D0009030C7F894204FF000024FF00003D7E9F7
:10B3E000244529468B00214643EA917321468A0071
:10B3F000D7E92601F5F75EFD02460B46604BA3FB3D
:10B4000002235B091C01D7F8FC300022C7F8883002
:10B41000C7F88C20D7E9228942464B469118B9617A
:10B420005B41FB61D7E90623414651183961494622
:10B430004B417B614FF000024FF00003D7E904ABB2
:10B440005946CB00514643EA51735146CA00104653
:10B450001946034642469B18C7F880304B460A46B9
:10B4600042EB0303C7F88430D7F8F4305B6800225E
:10B47000BB67FA674FF000024FF00003D7E91E895F
:10B4800049468B00414643EA917341468A00D7E919
:10B490002001F5F70FFD02460B461146384BA3FB82
:10B4A00001235B09642202FB03F3CB1A1B01323335
:10B4B000334AA2FB03235B0903F0F0031C44D7F8D3
:10B4C000FC3000223B677A67D7E91C8942464B462D
:10B4D0009118B9605B41FB60D7E9022341465118DE
:10B4E000396049464B417B604FF000024FF000034A
:10B4F000D7E900AB5946CB00514643EA5173514658
:10B50000CA0010461946034642469B18BB664B4686
:10B510000A4642EB0303FB66D7F8F4305B6800226F
:10B520003B667A664FF000024FF00003D7E91889B6
:10B5300049468B00414643EA917341468A00D7E968
:10B540001A01F5F7B7FC02460B460D4BA3FB02139D
:10B550005B09642101FB03F3D31A1B013233084A50
:10B56000A2FB03235B0903F00F02D7F8F4301B683A
:10B5700022449A6000BF07F58077BD46BDE8B08FD2
:10B580001F85EB51024B0146186800F025B800BF3B
:10B590008C01002070B50F4E0C463168054611B97C
:10B5A00001F07CFF30602146284601F077FF431C04
:10B5B00003D14FF0FF34204670BDC41C24F00304B7
:10B5C000A042F8D0211A284601F068FF0130F2D1DC
:10B5D000EFE700BFDC0F00202DE9F843CD1C25F07C
:10B5E000030508350C2D38BF0C25002D064601DB60
:10B5F000A94204D90C2333600020BDE8F883DFF8AA
:10B60000D48000F069F8D8F800301C4644BB2946C5
:10B610003046FFF7BFFF431C044658D1D8F800401E
:10B620002746002F43D1002C4BD0236839463046A3
:10B6300004EB030901F032FF814542D121686D1A04
:10B6400029463046FFF7A6FF01303AD023682B4445
:10B650002360D8F800305A6862BBC8F800700FE069
:10B660002268521B20D40B2A17D96119A3422560E6
:10B6700018BF5960636808BFC8F8001062514B607A
:10B68000304600F02FF804F10B00231D20F00700D6
:10B69000C21A1CBF1B1AA350AFE76268A3420CBFBB
:10B6A000C8F800205A60EBE723466468AEE73C46E2
:10B6B0007F68B6E71A465B68A342FBD1002353605C
:10B6C000DEE70C233360304600F00CF894E70560A9
:10B6D000D6E700BFE00F0020014801F02CBF00BFFB
:10B6E00024110020014801F027BF00BF24110020D1
:10B6F00070B504460D4645EC104B164603F096FC1B
:10B7000051EC100B7EB1C5F30A53C3F16B03002B50
:10B7100009DD1B0503F17F55002405F54015224680
:10B720002B46F4F771FF41EC100B70BD00000000D8
:10B730002DE9F04F9FB00C46179200221A92059007
:10B740004FF0000A4FF0000B0A46199211782B298E
:10B750004AD038D80D2932D8082932D800293BD010
:10B7600000220E92199D2A78302A40F0B2806A7821
:10B7700002F0DF02582A6ED102930E9B01931AAB9E
:10B7800000938F4A05981BAB19A902F0FFFD10F03A
:10B790000F06044605D0062E28D101350023199541
:10B7A0000E93179B002B40F08E850E9BCBB152461B
:10B7B0000BF1004343EC102B1FB0BDE8F08F2029A4
:10B7C000CED10132C1E72D29CAD101210E91511CE0
:10B7D00019915278002AC5D1179B1994002B40F07B
:10B7E000708552465B46E5E70021EFE71A9A3AB1C9
:10B7F00035211CA803F014FD1A99059803F0EAF806
:10B80000013E1B9A042E06D8DFE806F014031D2023
:10B810001400DDE91CABE10548BF4BF0004B2BF0F9
:10B8200000431B0D1B05002BBBD101F059FE222349
:10B830000360B6E7DDE91CA302F2334223F4801370
:10B8400043EA025BE7E7DFF880B1E4E76FF0004B23
:10B850004FF0FF3ADFE7199B5A1C19925B78302BA7
:10B86000F9D0002B9DD0012300270893199B0C933E
:10B870000B97B9460A2219980578A5F13003D9B279
:10B88000092928D94F49012201F0BEFD002832D0F4
:10B8900000202A460A904D460346652A01D0452AD3
:10B8A00014D11DB9089A024396D00025199C621C38
:10B8B000199262782B2A7AD02D2A7ED04FF0000C74
:10B8C000A2F13001092940F2858019944FF0000857
:10B8D000A5E00023C8E7B9F1080FD8BF0B9900F124
:10B8E0000100DABF02FB01330B9302FB073709F1BA
:10B8F00001091990BFE7199B5A1C19925A78B9F19E
:10B90000000F3BD00A904D46A2F13003092B12D90B
:10B910000123C2E7199B5A1C19925A780130302A28
:10B92000F8D0A2F13103082B00F2D284199B0A90BF
:10B9300000200C930546303A00F1010318D00A9913
:10B9400019440A912E464FF00A0E711CA1EB050C0A
:10B95000634515DC20EAE0702B18082B05F1010582
:10B9600005441ADC0B990A2303FB01230B930023E4
:10B97000199A511C199152781846C5E74846CEE7E6
:10B98000082E05DC0B9E0EFB06F60B960E46DCE73A
:10B990001029D8BF0EFB07F7F8E70F2BDCBF0A23EF
:10B9A00003FB0727E3E700230A9301237AE74FF01D
:10B9B000000CA21C1992A27882E74FF0010CF8E764
:10B9C000FC2B0108102A01080000F07F199A511C75
:10B9D00019915278302AF9D0A2F1310108293FF6A5
:10B9E00075AF303A0992199A0F924FF00A08199AD6
:10B9F000561C19965278A2F1300EBEF1090F39D9B2
:10BA00000F99761A082E44F61F6803DC09998845B9
:10BA1000A8BF8846BCF1000F01D0C8F10008002D76
:10BA20004ED1089908437FF4BCAE002B7FF4D4AE0E
:10BA3000692A28D025DC492A25D04E2A7FF4CCAEAD
:10BA40009A4919A802F0C4FE00283FF4C5AE199B1C
:10BA50001B78282B2ED196491CAA19A802F0CCFEDF
:10BA6000052827D11D9BDDF870A043F0FF4B4BF458
:10BA7000E00B96E6099908FB0121A1F13002099239
:10BA8000B5E76E2ADAE78B4919A802F0A1FE002873
:10BA90003FF4A2AE199B8849013B19A8199302F003
:10BAA00097FE10B9199B01331993DFF81CB24FF0C0
:10BAB000000A76E6814801F04FFD5BEC10AB70E6C2
:10BAC0000A9B0B98A8EB0303B9F1000F08BFA94626
:10BAD000102D09932C46A8BF1024F4F71BFD092D47
:10BAE00082468B4613DC099B002B3FF45AAE099B20
:10BAF00078DD162B5FDC724901EBC301D1E900014F
:10BB000052465B46F4F780FD82468B4649E66C4B15
:10BB100003EBC40353E91223F4F776FD824638465B
:10BB20008B46F4F7F7FC02460B4650465946F4F7AD
:10BB3000B5FB0F2D82468B46D5DD099B2C1B1C4483
:10BB4000002C40F3938014F00F030AD05C4901EB02
:10BB5000C30152465B46D1E90001F4F755FD824628
:10BB60008B4634F00F0473D0B4F59A7F49DD00247E
:10BB7000A0460B94A146059ADFF84CB1222313602E
:10BB80004FF0000A0B9B002B3FF40BAE1A9905985F
:10BB900002F020FF0598494602F01CFF0598414637
:10BBA00002F018FF0B99059802F014FF0598214642
:10BBB00002F010FFF5E5099AC5F125039342BCDBBD
:10BBC0003F4CC5F10F0504EBC50152465B46D1E978
:10BBD0000001F4F719FD099B5D1B04EBC504D4E9D2
:10BBE00000238FE71633A8DB0A9BA3EB0808344B2E
:10BBF00003EBC808D8E9002350465946F4F72EFE57
:10BC000082E700232F4F2411504659461E46012C2F
:10BC100021DC0BB182468B462A49ABF1547B01EB08
:10BC2000C60152465B46D1E90001F4F7EDFC264B14
:10BC30000A460B4025498B42824698D8A1F58011CF
:10BC40008B4286BFDFF888B04FF0FF3A02F1547B99
:10BC50000023089376E0E20704D5D7E90023F4F740
:10BC6000D3FC0123013664100837D0E7F0D06442DA
:10BC700014F00F020AD0124B03EBC2035046594690
:10BC8000D3E90023F4F7EAFD82468B462411DFD086
:10BC90001F2C1FDD0024A0460B94A146059A2223E9
:10BCA0004FF0000A4FF0000B13606BE71F2A0108EA
:10BCB000E82B0108172A0108562A0108E52B01087C
:10BCC000702D0108482D01080000F07F0000A07CC5
:10BCD000FFFFEF7F14F0100318BF6A23A94E0893EB
:10BCE000504659460023E70704D5D6E90023F4F768
:10BCF0008BFC0123641006F10806F4D10BB18246D7
:10BD00008B46089BB3B1CBF30A52C2F16B03002BF5
:10BD100059460FDD1F2B56DD342BDEBF4FF0FF33AE
:10BD2000C2F14B0293404FF0000ACCBF4FF05C7B56
:10BD300003EA010B0022002350465946F4F7CCFEDB
:10BD40000028A7D10B9B00930C9905982B464A46D7
:10BD500002F0A8FE0B9000283FF409AF099A0A9B55
:10BD6000002AA3EB0803A8BF00231293002422EAB1
:10BD7000E2731693A0460B9B0598596802F0EAFD02
:10BD8000814600283FF4F7AE0B9B1A69023203F19B
:10BD90000C0192000C3001F0D0FB4BEC10AB05987D
:10BDA0001CAA1BA9CDE90CAB03F0B0F91A9000282E
:10BDB0003FF4E1AE0598012102F00AFF804648B940
:10BDC0004FF00008D7E64FF0FF3202FA03F303EA20
:10BDD0000A0AAFE71B9D1C9A002DABBF129B169B56
:10BDE000169E129FACBFEF185E1B089BED1A154400
:10BDF000654B013D9D42C2F1360250DA5B1B1F2BA1
:10BE0000A2EB03024FF001013DDC01FA03F31393AF
:10BE100000231093BD18089BAF4216441E443B46B6
:10BE2000A8BF2B46B342A8BF3346002BC2BFED1AB2
:10BE3000F61AFF1A129B002B16DD414605981A468A
:10BE400002F07EFF80460028BAD001461A9A059873
:10BE500002F0D4FE0A9000283FF48DAE1A9905989E
:10BE600002F0B8FD0A9B1A93002D1DDC099B002BE4
:10BE700023DD4946169A059802F062FF8146E0B933
:10BE80004FF0000977E6C5F17F4505F57F0505F51B
:10BE90007B45E23501FA05F310931391BAE70023CD
:10BEA000109301231393B5E71A9905982A4602F0D7
:10BEB000A1FF1A900028D9D15DE6002E07DD494682
:10BEC0000598324602F096FF81460028D8D0002F10
:10BED00008DD414605983A4602F08CFF804600286E
:10BEE0003FF449AE1A9905984A4603F00BF8044608
:10BEF00000283FF440AEC3680F930023C36041465F
:10BF000002F0E4FF002845DA0F9B53EA0A036BD1E5
:10BF1000CBF31303002B67D12BF000431B0D1B0544
:10BF2000B3F1D66F60D9636913B92369012B5BDD67
:10BF300021460122059802F05DFF4146044602F0C9
:10BF4000C5FF002850DD2BF00043089A1B0D1B0590
:10BF5000002A6AD0B3F1D66F67D8B3F15C7F7FF661
:10BF60009DAE0A4B504659460022F4F74DFB084B54
:10BF70000B4082468B46002B7FF408AE059A2223A5
:10BF8000136003E6102C010802FCFFFF000050398B
:10BF90000000F07FCDF828B065D10F9ACBF31303E2
:10BFA0005AB39F4A93422BD1089B514603B39D4BF2
:10BFB0005A461340B3F1D46F4FF0FF321BD81B0D1C
:10BFC000C3F16B0302FA03F3994219D1964B0A9A13
:10BFD0009A4202D101313FF4CEAD924B0A9A1A40F7
:10BFE00002F5801B4FF0000A089B002BB9D1CDE56C
:10BFF0004FF0FF33E8E71346E6E753EA0A03A2D01F
:10C00000109BDBB10A9A1342EED00F9B089A504660
:10C010005946BBB1FFF76CFBDDE90C0153EC102B6B
:10C02000F4F73CF982468B46DEE7A3F580136FEA0E
:10C03000135B6FEA0B5B4FF0FF3AD5E7139B13EAF4
:10C040000A0FE1E7FFF754FBDDE90C0153EC102B7D
:10C05000F4F722F90022002382468B46F4F73CFDD8
:10C060000028C1D01AE64146204603F0A7F857EC55
:10C07000106B00224FF0804330463946F4F740FD04
:10C0800000286FD00F9B002B7AD1BAF1000F58D146
:10C090000A9BC3F31303002B5AD1644B0022304692
:10C0A0003946F4F723FD002859D130463946604B14
:10C0B0000022F4F7A9FA06460F4607F10043069658
:10C0C0000793DDE90623574DCDE910230A9B1D4058
:10C0D000584B9D4240F0B2800A9BA3F1547B4BEC3D
:10C0E00010AB02F0A3FFDDE9062351EC100BF4F7CF
:10C0F0008BFA52465B46F4F7D1F80B4649494E4A53
:10C1000019409142824642D90D9A474B9A4203D137
:10C110000C9B01333FF42FADDFF80CB14FF0FF3A29
:10C120001A99059802F056FC0598494602F052FC0F
:10C130000598414602F04EFC0598214602F04AFC63
:10C1400019E6BAF1010F03D10A9B002B3FF4A6AD0B
:10C150009FED2B7B354F8DED067B0026B1E7344FED
:10C160000026AAE7324B304639460022F4F74CFA53
:10C170000F9B06460F46002B9FD0CDE90667A0E730
:10C180009FED217B8DED067B57EC176B99E703F153
:10C19000547B089BCDF828B0002BC1D12BF0004375
:10C1A0001B0D1B059D42BBD130463946F4F79AFE64
:10C1B000F4F7FCF902460B4630463946F4F76CF8C2
:10C1C0000B460246CDE90C23CBF313060F9B46EA40
:10C1D0000A061E436FD00EA3D3E90023F4F786FCB2
:10C1E00000287FF4D3AC0CA3D3E90023DDE90C01D4
:10C1F000F4F79AFC002893D0C8E400BFAFF30080A6
:10C20000000000000000F0BF000000000000F03F50
:10C210009535A094FFFFDF3F35E5AF350000E03FE7
:10C22000FFFF0F000000F07FFFFFEF7F0000F03FF7
:10C230000000E03F0000E07FFFFF9F7C089B23B3EE
:10C24000B5F1D46F21D828A3D3E90023304639466D
:10C25000F4F756FCA0B139463046F4F7ADFC01289E
:10C2600038BF0120F4F756F90F9B06460F46FBB97D
:10C2700001F1004314901593DDE91423CDE9102357
:10C28000119B03F1D6635B1B11939DED0C0BDDE954
:10C2900010AB02F0CBFE504653EC102B5946F4F78E
:10C2A000B3F9DDE90C23F3F7F9FF82468B4670E71B
:10C2B000CDE91467E0E70EA3D3E90023F4F716FCF9
:10C2C00098E700230E93179A199B1360FFF76DBA36
:10C2D000652A3FF468AB452A3FF465AB0123FFF7BD
:10C2E000A0BB00BFAFF300800000C0FFFFFFDF4135
:10C2F0009535A094FFFFCF3F014BFFF719BA00BF60
:10C3000020000020242B2DE9F0478646904601D8D6
:10C31000012B06D101F0E4F8162303600020BDE8EC
:10C32000F08734480D462A4615F8014B065D16F095
:10C330000806F8D12D2C10D12C780126951C33F04D
:10C34000100215D1302C0DD12A7802F0DF02582AC4
:10C3500008D16C78023510230AE02B2C04BF2C780E
:10C36000951CECE7002BF6D1302C14BF0A230823D0
:10C3700006F1004C0CF1FF3C0022BCFBF3F9104627
:10C3800003FB19CAA4F13007092F0FD83C46A3427A
:10C390001BDD571C07D0814514D301D1A24511DB09
:10C3A00000FB0340012215F8014BEBE7A4F1410724
:10C3B000192F01D8373CEAE7A4F16107192F04D8F7
:10C3C000573CE4E74FF0FF32EDE7531C08D122233E
:10C3D000CEF800306046B8F1000FA0D0691E06E02C
:10C3E00006B14042B8F1000F99D0002AF6D1C8F842
:10C3F000001094E7392C0108FFF784BF2DE9FF47AF
:10C4000057EC106B002F0C4619463B46BBBF07F19B
:10C4100000431F4600232D230B700D9BDDF830A039
:10C42000914623F02008BCBF32461646B8F1460FAD
:10C4300005D0B8F1450F00D10134022100E00321FD
:10C4400003AB019302AB009347EC106B53462246BB
:10C4500001F01AF9B8F1470F054619D119F0010F8B
:10C460000ED000EB04090022002330463946F4F7D1
:10C4700033FB08B1CDF80C903022039B4B451ED303
:10C48000039B0E9A5B1B2846136004B0BDE8F0873F
:10C49000B8F1460F00EB0409E5D10378302B0AD13F
:10C4A0000022002330463946F4F716FB18B9C4F1D0
:10C4B0000104CAF80040DAF800309944D3E7591C67
:10C4C00003911A70D9E7F7B50029BABF49422D2365
:10C4D0002B2309290270437029DD0DF107031D4646
:10C4E0000A271A46B1FBF7F607FB1614303402F898
:10C4F000014C0C46632C03F1FF333146F1DC303143
:10C50000941E03F8011C411C2346AB420AD30DF1D3
:10C5100009039B1AAC4288BF002302330344181A54
:10C5200003B0F0BD13F8016B01F8016FEDE73023A4
:10C5300030318370C170031DF1E700002DE9F04F29
:10C540008DB00C46DDF8588016461F46054600F0B3
:10C550006DFF036804931846F3F792FE00230A93D5
:10C56000D8F800300590073323F0070303F10802E1
:10C5700094F818A0D4F800B0C8F80020D3E90089D6
:10C5800029F000430793CDF81880C4E91289DDE94A
:10C5900006019C4B4FF0FF32F4F7D0FA70BBDDE997
:10C5A0000601984B4FF0FF32F4F7AAFA30BB002295
:10C5B000002340464946F4F799FA10B12D2384F838
:10C5C0004330914A914BBAF1470F8CBF9046984641
:10C5D000032323612BF0040323604FF0000900972D
:10C5E00033460BAA2146284600F0D2F9013040F02C
:10C5F0008D804FF0FF300DB0BDE8F08F42464B46C6
:10C6000040464946F4F79AFA40B14B46002BBCBF6E
:10C610002D2384F843307E4A7E4BD4E763680AF0CA
:10C62000DF0206925A1C3BD1062363604BF4806202
:10C630000023226003930AABCDE901A309AB009369
:10C64000616849EC108B0DF123032846FFF7D6FEF5
:10C65000069B0999472B804629D1C81C02DB6368D9
:10C66000994241DDAAF1020A5FFA8AFA013952467B
:10C6700004F150000991FFF726FF0A9A1318012AC6
:10C680008146236102DC2268D20701D50133236190
:10C690009DF82330002BA2D02D2384F843309EE751
:10C6A000069A472AC2D1002BC0D10123BDE7BAF1B7
:10C6B000650FDBD9BAF1660F18D1002963680BDD6D
:10C6C000216113B92268D00702D501330B442361DD
:10C6D000A1654FF00009DBE713B92268D20701D545
:10C6E0000233F4E70123F2E74FF0670A0A9B99420D
:10C6F00005DB23682161D807EAD54B1CE7E7002951
:10C70000D4BFC1F1020201221344E0E723685A05B5
:10C7100007D42369424631462846B84701302BD119
:10C7200067E7BAF1650F40F2DD80D4E9120100221B
:10C730000023F4F7D1F9002833D0374A01233146DA
:10C740002846B84701303FF454AFDDE90938434586
:10C7500002DB2368D8070FD5DDE9042331462846DC
:10C76000B84701303FF445AF4FF0000908F1FF38FA
:10C7700004F11A0AC84509DC23689B0700F103810C
:10C78000E0680B9B9842B8BF184634E70123524635
:10C7900031462846B84701303FF42BAF09F1010973
:10C7A000E8E7099B002B39DC1B4A01233146284668
:10C7B000B84701303FF41DAFDDE9093959EA0303F9
:10C7C00002D12368D907D7D5DDE9042331462846AD
:10C7D000B84701303FF40DAF4FF0000A04F11A0BD7
:10C7E000099B5B42534501DC4B4693E701235A46C4
:10C7F00031462846B84701303FF4FBAE0AF1010A42
:10C80000EEE700BFFFFFEF7F162A0108122A01089A
:10C810001E2A01081A2A0108222A0108A36DDDF840
:10C8200028A05345A8BF5346002B994636DC4FF04D
:10C83000000B29EAE97904F11A02A36D0693A3EB30
:10C8400009035B4531DC099B9A453ADC2368DA072A
:10C8500037D4099BAAEB0309069BAAEB030399456E
:10C86000A8BF9946B9F1000F33DC4FF0000829EA60
:10C87000E97904F11A0B099BAAEB0303A3EB090363
:10C8800043457FF779AF01235A4631462846B847DA
:10C8900001303FF4AEAE08F10108ECE74246314604
:10C8A0002846B8470130C2D1A3E6012331462846C5
:10C8B0000692B84701303FF49CAE069A0BF1010B8B
:10C8C000BBE7DDE9042331462846B8470130C0D133
:10C8D0008FE6069A4B46424431462846B847013017
:10C8E000C3D186E6DDF828A0BAF1010F01DCDB0731
:10C8F00036D50123424631462846B84701303FF439
:10C9000078AEDDE9042331462846B84701303FF4CC
:10C9100070AED4E91201002200230AF1FF3AF4F7C5
:10C92000DBF8C0B9534608F1010231462846B84742
:10C9300001300CD15DE601235A4631462846B847FE
:10C9400001303FF456AE08F10108D045F3DB4B4609
:10C9500004F15002DFE64FF0000804F11A0BF4E78F
:10C9600001234246E1E701234A4631462846B847BB
:10C9700001303FF43EAE08F10108E3680B995B1A01
:10C980004345F0DCFCE64FF0000804F11909F4E738
:10C990002DE9F047164698468A680B69DDF8209025
:10C9A0009342B8BF1346336091F8432007460C46C4
:10C9B0000AB1013333602368990642BF33680233FA
:10C9C0003360256815F0060506D104F1190AE368FD
:10C9D00032689B1AAB4226DC94F843302268003B55
:10C9E00018BF012392062BD404F143024146384676
:10C9F000C84701301ED02368226903F00603042BC8
:10CA000002BFE5683368ED1AA3680CBF25EAE57537
:10CA100000259342C4BF9B1AED1800261A34B54274
:10CA20001AD1002008E00123524641463846C84743
:10CA3000013003D14FF0FF30BDE8F0870135C6E784
:10CA4000E1185A1C302081F84300224494F8451024
:10CA500082F843100233C7E7012322464146384695
:10CA6000C8470130E6D00136D9E700002DE9FF477D
:10CA70000F7E0C9E782F914680460C469A4601F117
:10CA8000430207D8622F0AD8002F00F0D180582F18
:10CA900000F0B88004F1420684F842703AE0A7F151
:10CAA0006303152BF6D801A151F823F005CB00083C
:10CAB00019CB000895CA000895CA000895CA000855
:10CAC00095CA000819CB000895CA000895CA000845
:10CAD00095CA000895CA000817CC000843CB000887
:10CAE000D1CB000895CA000895CA000839CC0008C7
:10CAF00095CA000843CB000895CA000895CA0008EB
:10CB0000D9CB000833681A1D1B68326004F1420655
:10CB100084F8423001239CE033682068191D31609D
:10CB2000060601D51D6803E04506FBD5B3F90050A4
:10CB3000002D03DA2D236D4284F8433058480A2330
:10CB400011E021683368080653F8045B02D44906F3
:10CB500048BFADB26F2F5248336014BF0A23082379
:10CB6000002184F843106668A660002E05DB21686A
:10CB70002E4321F0040121604BD01646B5FBF3F1A2
:10CB800003FB1157C75D06F8017D2F46BB420D46DA
:10CB9000F4D9082B0BD12368DF0708D52369616816
:10CBA0009942DEBF302306F8013C06F1FF36921BA6
:10CBB0002261CDF800A04B4603AA21464046FFF76C
:10CBC000E7FE01304AD14FF0FF3004B0BDE8F087F6
:10CBD000236843F0200323603248782784F84570A7
:10CBE000236831681F0651F8045B02D45F0648BF12
:10CBF000ADB23160D90744BF43F0200323601DB1BB
:10CC00001023ADE72648E9E7236823F020032360DB
:10CC1000F6E71646BDE7336825686169181D306080
:10CC20002E061B6801D5196002E06806FBD5198045
:10CC3000002323611646BCE733681A1D32601E6864
:10CC4000626800213046F3F7CBFA08B1801B6060C0
:10CC500063682361002384F84330AAE723693246DE
:10CC600049464046D0470130ADD023689B0713D4D6
:10CC7000E068039B9842B8BF1846A6E701233246F6
:10CC800049464046D04701309DD00135E3680399BD
:10CC90005B1AAB42F2DCEBE7002504F11906F5E77D
:10CCA000242A0108352A01082DE9F04F87B0914662
:10CCB00003938B685A1EB2F5AE7F81BF6FF4AE75D9
:10CCC00003EB050B40F25D138B600B680A464FF0D7
:10CCD000000543F4F06342F81C3BCDE9045580465F
:10CCE0000C4698BF4FF0000B01921646AA462F46FD
:10CCF0000295A2685AB1D9F800301B784E2B63D840
:10CD0000402B3BD8A3F12B01C8B20E2839D91FB153
:10CD1000236823F4807323600AF1FF3ABAF1010F0C
:10CD200000F21481019B9E4200F20581012007B0B0
:10CD3000BDE8F08FA3F161020D2AE8D801A151F8F6
:10CD400022F000BF8DCE00080FCD00080FCD0008E7
:10CD50000FCD0008E9CE0008C3CE00080FCD0008B3
:10CD60000FCD00089BCE00080FCD00080FCD0008A6
:10CD70000FCD00080FCD000857CE0008A3F14102E7
:10CD8000DAE70E29C3D801A050F821F047CE0008F9
:10CD90000FCD000847CE0008D7CE00080FCD000801
:10CDA000E9CD00082DCE00082DCE00082DCE0008BC
:10CDB0002DCE00082DCE00082DCE00082DCE000867
:10CDC0002DCE00082DCE00086E2B09D8602BB1D8CF
:10CDD000542B7BD0592B9AD1072D98D108252FE0C1
:10CDE000742B73D0792BF6E72168C8051ED521F086
:10CDF000800121600137BBF1000F03D001320BF13C
:10CE0000FF3BA260A368013BA36023690133236158
:10CE1000D9F80430013B002BC9F8043040F382807C
:10CE2000D9F800300133C9F8003062E71AEB050188
:10CE30007FF46DAF226822F4C07222600D468A46EC
:10CE400006F8013BDEE7226810067FF560AF22F0AE
:10CE500080022260F4E7BAF1000F0CD177B92268A2
:10CE600002F4E061B1F5E06F08D122F4F0622260D3
:10CE70004FF0010AE4E7BAF1020F50D0012D02D0C1
:10CE8000042D7FF444AF0135EDB2D9E7BAF1010FBB
:10CE90007FF43DAF4FF0020AD2E775B9002F7FF45F
:10CEA00037AF226802F4E061B1F5E06F40F0038132
:10CEB00022F4F06222600125C2E7032DE3D0052DA4
:10CEC000DFE7022D7FF423AF0325B9E7062D7FF4BA
:10CED0001EAF0725B4E7226891057FF518AF22F44D
:10CEE000207222600297ABE7226802F4A061B1F5DC
:10CEF000806F05D050057FF50AAF002F00F0DB8072
:10CF0000910558BF029922F4F06258BF791A42F491
:10CF1000C07258BFCDE904162260002790E74FF099
:10CF2000030A8DE7D4F880314946404698470028E7
:10CF30003FF4DFAEEBE6D4F87C3116F8011D4A462B
:10CF4000404698472369013B2361EBE66B1E062BA5
:10CF500024D8022D36D8019B9E427FF6E7AED4F846
:10CF60007C3116F8011D4A46404698472369013B2B
:10CF70002361F0E7D4F87C311BF8011D4A46404696
:10CF800098472369013B23610AF1FF3A5FFA8AFA65
:10CF9000BAF1020FEED1033DEDB2761B2368DA053C
:10CFA00030D55B0511D5019B9E427FF6BFAED4F80C
:10CFB0007C3116F8011D4A46404698472369013BDB
:10CFC0002361F0E7AA46B346DEE716F8011C2369A1
:10CFD000652903F1FF3306F1FF3523610CD04529A4
:10CFE0000AD0D4F87C314A4640469847236916F85F
:10CFF000021C013BB51E2361D4F87C314A464046F1
:10D0000098472E46226812F0100201D000208EE6CA
:10D010003270236803F4C063B3F5806F25D1029B9F
:10D020009F420AD0DA1B04F26F139E4228BF04F518
:10D03000B7762249304600F03DF90199002240467A
:10D04000FFF75AF9039B21681B6811F0020F57EC98
:10D05000106B03F1040215D003990A601B68C3E941
:10D060000067E3680133E360D0E7049B002BE4D062
:10D0700005990A2301314046FFF7BEF9049B059E3E
:10D08000C21AD0E711F0040F03990A60E6D11D68B7
:10D0900032463B4630463946F3F750FD28B1084842
:10D0A00000F062FA85ED000ADBE730463946F3F717
:10D0B000A3FD2860D5E700272EE600BF462A010819
:10D0C000E52B0108002310B50446C0E90033C0E990
:10D0D0000433836081814366C281836119460822DB
:10D0E0005C3000F089F90D4B63620D4BA3620D4B70
:10D0F000E3620D4B23630D4B24629C4206D003F187
:10D100006802944202D0D0339C4205D104F1580009
:10D11000BDE8104000F00EBA10BD00BFF9D2000803
:10D120001BD3000853D3000877D30008E40F002076
:10D13000024A0349034800F069B800BF1400002008
:10D1400079F600089001002041680C4B994210B517
:10D15000044601D002F090FAA168094B994202D02E
:10D16000204602F089FAE168064B994204D0204635
:10D17000BDE8104002F080BA10BD00BFE40F0020EF
:10D180004C100020B410002010B50B4B0B4C0C4A77
:10D190001A60204600220421FFF794FF04F1680082
:10D1A00001220921FFF78EFF04F1D0000222BDE821
:10D1B00010401221FFF786BF1C110020E40F002051
:10D1C00031D10008014800F0B6B900BF2511002098
:10D1D000014800F0B1B900BF2511002010B5044688
:10D1E000FFF7F0FF236A1BB1BDE81040FFF7F0BF67
:10D1F000044B2362044B1B68002BF5D1FFF7C4FFDF
:10D20000F2E700BF49D100081C1100202DE9F843C6
:10D210000746884614460026D4E90195B9F101096C
:10D2200005D52468002CF7D13046BDE8F883AB89DA
:10D23000012B07D9B5F90E30013303D02946384602
:10D24000C04706436835E9E70CB430B5184B0C1EEF
:10D250001D689DB008DA8B232B604FF0FF301DB0A6
:10D26000BDE8304002B070474FF40273ADF814309F
:10D270004FF000031B9314BF04F1FF3323460493C4
:10D2800007934FF6FF7302900690ADF81630209A80
:10D2900021AB02A92846019302F06EF8431CBCBFE3
:10D2A0008B232B60002CDAD0029B00221A70D6E769
:10D2B0008C0100200EB410B59DB01FAB02900690FB
:10D2C0006FF000410A48079104910A4953F8042B72
:10D2D0000591002402A9006801931B9402F04CF808
:10D2E000029B1C701DB0BDE8104003B0704700BF2A
:10D2F0008C0100200802FFFF10B50C46B1F90E109A
:10D3000000F0BAF80028ABBF636DA3891B1823F4A3
:10D310008053ACBF6365A38110BD2DE9F0411F466A
:10D320008B89DB0505460C46164605D5B1F90E106E
:10D330000223002200F08EF8A389B4F90E1023F422
:10D340008053A38132463B462846BDE8F04100F0B9
:10D35000B5B810B50C46B1F90E1000F07BF8431CBF
:10D36000A38915BF606523F4805343F48053A381E0
:10D3700018BFA38110BDB1F90E1000F05BB830B535
:10D380001446002C9BB005461A4605DA8B23036031
:10D390004FF0FF301BB030BD4FF40273ADF80C30CE
:10D3A0004FF00003199314BF04F1FF332346029397
:10D3B00005934FF6FF7300910491ADF80E30694666
:10D3C0001E9B01F0D9FF431CBCBF8B232B60002C9C
:10D3D000E0D0009B00221A70DCE7000007B5009344
:10D3E00013460A46014603480068FFF7C8FF03B02A
:10D3F0005DF804FB8C01002002440346934200D1F7
:10D40000704703F8011BF9E710B56AB101398418B8
:10D4100010F8012B11F8013F9A4203D1A04201D02C
:10D42000002AF5D1D01A10BD1046FCE7004870471D
:10D430001001002038B5064D0023044608462B6035
:10D44000F6F798FF431C02D12B6803B1236038BD67
:10D450002011002038B5074D044608461146002229
:10D460002A601A46F6F7ADFF431C02D12B6803B1C0
:10D47000236038BD2011002038B5074D044608460A
:10D48000114600222A601A46F6F73BFF431C02D1E0
:10D490002B6803B1236038BD2011002038B5064D3C
:10D4A0000023044608462B60F6F798FF431C02D180
:10D4B0002B6803B1236038BD2011002038B5074D1B
:10D4C00004460846114600222A601A46F6F736FF3F
:10D4D000431C02D12B6803B1236038BD201100200A
:10D4E000014B1868704700BF8C01002070B50D4DCE
:10D4F0000D4C641BA4100026A64209D10B4D0C4C08
:10D5000004F09AF9641BA4100026A64205D170BD50
:10D5100055F8043B98470136EEE755F8043B984729
:10D520000136F2E798320108983201089832010872
:10D530009C3201087047704770470A44914200F1DD
:10D54000FF3300D1704710B511F8014B03F8014FBC
:10D550009142F9D110BD00009FED010B704700BF53
:10D56000000000000000F87F9FED010A704700BF37
:10D570000000C07F2DE9F74F03690C69A3420746FD
:10D580007EDB013C01F11408A30000F114050093B7
:10D5900005EB8403019358F8243055F82420013317
:10D5A0009A4208EB8409B2FBF3F62ED34FF0000A3F
:10D5B000C446AE46D3465CF8043B98B206FB00A0D6
:10D5C000020C1B0C06FB0323DEF8002080B292B293
:10D5D000121A5A44DEF800004FEA134A9BB2C3EB1A
:10D5E000224303EB104392B242EA0342E1454EF874
:10D5F000042B4FEA234BDED2009BEB582BB9019B47
:10D60000043B9D421A462FD33C61384601F05EFC34
:10D61000002825DB2946002058F8042BD1F800C04B
:10D620001FFA82FE1FFA8CF3A3EB0E030344120CC5
:10D63000C2EB234202EB1C429BB243EA0243C145C8
:10D6400041F8043B4FEA2240E6D255F8242005EB8E
:10D65000840322B9043B9D421A460BD33C61013638
:10D66000304603B0BDE8F08F1268043B002ACBD1EE
:10D67000013CC6E71268043B002AEFD1013CEAE70F
:10D680000020EEE7000000002DE9F04FC76997B0D9
:10D690008DED040B55EC104B209E079181460C92AA
:10D6A00011937FB91020FDF76DFF0246C9F81C00E9
:10D6B00020B9A94BEF21A94802F020F8C0E9017771
:10D6C0000760C760D9F81C30196859B15A684A60B8
:10D6D000012393408B60484601F07CF9D9F81C3057
:10D6E00000221A602B1EB9BF23F0004305930023CC
:10D6F0003360059F9A4BBCBF01223260BB4312D1FD
:10D70000119A42F20F731360C7F31303234300F01F
:10D710005A85219BDFF85CA2002B00F05C850AF1A2
:10D72000030300F056BD9DED047B002251EC170B66
:10D7300000238DED0A7BF3F7CFF9804658B1119A9B
:10D7400001231360219B13B1219A864B1360DFF8EC
:10D7500028A200F040BD9DED0A0B14AA15A9484669
:10D7600001F0D4FCC7F30A560290002E78D00B9B30
:10D77000CDF84880C3F31303DDE90A0143F07F537A
:10D7800043F44013A6F2FF3619460022764BF2F717
:10D7900083FD6BA3D3E90023F2F736FF6AA3D3E935
:10D7A0000023F2F77BFD044630460D46F2F7C2FE39
:10D7B00067A3D3E90023F2F727FF02460B46204672
:10D7C0002946F2F76BFD04460D46F3F7CDF900222A
:10D7D0000746002320462946F3F788F940B138462A
:10D7E000F2F7A8FE22462B46F3F776F900B9013F7F
:10D7F000162F52D85D4B03EBC703D3E90023DDE9B5
:10D800000A01F3F773F9002849D0013F0023109370
:10D81000149B9B1B5A1E45BFC3F1010300930023B9
:10D820000023069254BF00930693002F39DB069B1A
:10D830000D973B44069300230893079B092B63D85D
:10D84000052BC4BF043B0793079BA3F10203CCBF86
:10D8500000240124032B63D8DFE803F05254372B54
:10D86000DDE914631E4406F23243202BC1BFC3F12D
:10D8700040039F4006F2124324FA03F3D6BFC3F1DC
:10D88000200347EA030004FA03F0F2F743FE012203
:10D89000A1F1F873013E129276E70123B7E71090E9
:10D8A000B6E7009BDB1B00937B42089300230D939C
:10D8B000C3E7012309930C9B07EB030B0BF1010357
:10D8C000012B0393B8BF012306E0012309930C9BAE
:10D8D000002B28DD9B460393D9F81C00002104226D
:10D8E00002F114059D4226D94160484601F032F804
:10D8F0008246002842D11E4B024640F2AF11DAE6C2
:10D900000023E3E70023D5E70124002307930994CC
:10D910004FF0FF3B0022CDF80CB012230C92DBE756
:10D9200001230993F4E74FF0010BCDF80CB05B46EF
:10D93000CDF830B0D0E701315200D1E7AFF300802D
:10D9400061436F63A787D23FB3C8608B288AC63F05
:10D95000FB799F501344D33F602A0108772A0108BE
:10D960000000F07F232A01080000F83F702D010815
:10D97000CF2A01085C2A0108222A0108D9F81C30A4
:10D980001860039B0E2B00F2A180002C00F09E80FB
:10D99000002F33DD9C4B07F00F0203EBC20393ED26
:10D9A000007BF8058DED0E7B4FEA271416D5974BBB
:10D9B000DDE90A01D3E90823F2F750FFCDE90401BC
:10D9C00004F00F040326914D54B9DDE90E23DDE97F
:10D9D0000401F2F743FFCDE9040128E00226F2E753
:10D9E000E10708D5DDE90E01D5E90023F2F70CFEC9
:10D9F000CDE90E01013664100835E5E700F0AF808F
:10DA00007C42814B814D04F00F0203EBC203D3E94A
:10DA10000023DDE90A01F2F7F7FDCDE90401241145
:10DA200000230226002C40F08F80002BD3D1109BC6
:10DA3000DDE90445002B00F09480754B0022204660
:10DA40002946F3F753F8002800F08B80039B002B46
:10DA500000F08780BBF1000F34DD20466D4B0022C3
:10DA60002946F2F7D1FDCDE9040107F1FF3801366F
:10DA70005C463046F2F75EFDDDE90423F2F7C4FDB3
:10DA8000654B0022F2F70AFC0546A1F15076002C06
:10DA90006AD1DDE90401614B0022F2F7FDFB024689
:10DAA0000B46CDE904232A463346F3F73DF8002818
:10DAB00040F09882DDE904012A4606F10043F3F7BD
:10DAC00015F838BBDDE90A34CDE90434159B002B89
:10DAD000C0F257810E2F00F354814B4B03EBC70369
:10DAE00093ED007B0C9B002B8DED007B80F2E5809D
:10DAF000039B002B00F3E1800CD1484B002251EC3A
:10DB0000170BF2F781FDDDE90423F3F703F8002892
:10DB100000F06682002425460C9B56466FEA0308F7
:10DB200000272146484600F055FF002D00F0BD803B
:10DB30002FB1AF4203D03946484600F04BFF29468B
:10DB4000484600F047FFB0E0E20705D5D5E90023DD
:10DB5000F2F75AFD013601236410083562E7022608
:10DB600065E7039CB84684E7274B099903EBC40398
:10DB700053E902235444002954D029490020F2F7E4
:10DB80006DFE33462A46F2F787FBCDE90E01564675
:10DB9000DDE90401F2F7E8FF0546F2F7CBFC0246A7
:10DBA0000B46DDE90401F2F777FB303502460B4600
:10DBB000CDE9042306F8015BDDE90E23F2F796FFB9
:10DBC000002872D1DDE9042311490020F2F764FB3B
:10DBD000DDE90E23F2F78AFF002840F0B480A64268
:10DBE0003FF470AFDDE90E010A4B0022F2F70CFDA5
:10DBF000084BCDE90E010022DDE90401F2F704FD36
:10DC0000CDE90401C4E700BF702D0108482D0108CB
:10DC10000000F03F0000244000001C4000001440C1
:10DC20000000E03F31462846F2F7EEFCCDE90E0158
:10DC300013945646DDE90401F2F796FF0546F2F724
:10DC400079FC02460B46DDE90401F2F725FB30358D
:10DC500006F8015B02460B46A642CDE904234FF0CD
:10DC6000000224D1AF4BDDE90E01F2F717FB0246AB
:10DC70000B46DDE90401F2F757FF002863D1DDE927
:10DC80000E23A8490020F2F707FB02460B46DDE908
:10DC90000401F2F72BFF00283FF414AF139E731E0C
:10DCA000139316F8013C302BF8D047463BE09E4BCF
:10DCB000F2F7AAFCCDE90401BCE7DDE904455646CC
:10DCC000DDE9002320462946F2F7C8FDF2F74CFFB4
:10DCD0008046F2F72FFCDDE90023F2F795FC0246BF
:10DCE0000B462046294608F13004F2F7D5FA06F82B
:10DCF000014B039DA6EB0A04A54202460B4633D115
:10DD0000F2F7CCFADDE9002304460D46F2F70CFFEA
:10DD1000C0B9DDE9002320462946F2F7DDFE10B147
:10DD200018F0010F0ED10299484600F053FE00236F
:10DD30003370119B01371F60219B002B00F04B8239
:10DD40001E6048E2B84633461E4613F8012D392AB4
:10DD500006D19A45F8D1302208F101088AF800204E
:10DD60001A7801321A70A0E76F4B0022F2F74CFCD0
:10DD70000022002304460D46F2F7AEFE00289FD095
:10DD8000D1E7099A002A00F0EA80079A012A00F3F5
:10DD9000CD80129A002A00F0C18003F23343089C20
:10DDA000009E009A1A440092069A01211A4448469D
:10DDB000069200F00DFF054666B1069B002B09DDBB
:10DDC000B342009AA8BF3346D21A0092069AF61AB6
:10DDD000D31A0693089B0BB3099B002B00F0C68057
:10DDE000002C00F0C08029462246484600F0A8FFDB
:10DDF000029A01460546484600F000FF0299804617
:10DE0000484600F0E7FD089B1B1B089300F0B1801B
:10DE1000089A4146484600F093FF02900121484687
:10DE200000F0D6FE0D9B0446002B00F0D8811A4668
:10DE30000146484600F084FF079B012B044600F38F
:10DE40009F80049B002B40F09780059BC3F3130336
:10DE5000002B40F09380059B23F000431B0D1B0516
:10DE600033B1009B01330093069B013306930123DA
:10DE700008930D9B002B00F0B881236904EB83030A
:10DE8000186900F059FEC0F12000069B184410F0FC
:10DE90001F0000F08280C0F12003042B73DD009B83
:10DEA000C0F11C0003440093069B03440644069300
:10DEB000009B002B05DD02991A46484600F09AFFA8
:10DEC0000290069B002B05DD21461A46484600F0CD
:10DED00091FF0446109B002B61D00298214600F070
:10DEE000F5FF00285BDA002302990A22484600F079
:10DEF00093FD099B029007F1FF38002B00F077811A
:10DF0000294600230A22484600F086FDBBF1000F97
:10DF100005466FDC079B022B49DC6BE0149BC3F1C9
:10DF200036033CE70000E03F00002440039B5C1EFA
:10DF3000089BA34209DB1C1B039B002BBFF630AFE1
:10DF4000009B039A9E1A00232BE7089B0D9A0894C6
:10DF5000E31A1A44009E039B0D92002421E7089CBB
:10DF6000009E099D28E7DDF8088051E7089A02998C
:10DF700050E7CDF8088051E7002379E7049B77E765
:10DF80000023089379E793D0009A1C331A44009237
:10DF9000069A1A441E4406928AE70346F4E7039B56
:10DFA000002BB84620DC9B46079B022B1EDDBBF1F5
:10DFB000000F7FF4B1AD21465B460522484600F0D4
:10DFC0002BFD01460446029800F080FF00287FF7F1
:10DFD000A3AD5646312306F8013B08F101089FE541
:10DFE000039CB8462546F4E7DDF80CB0099B002BEE
:10DFF00000F00181002E05DD29463246484600F03A
:10E00000F9FE0546089B002B5CD06968484600F085
:10E01000A1FC064628B9824B024640F2EF21FFF7E9
:10E020004ABB2A690232920005F10C010C30FFF75D
:10E0300084FA01223146484600F0DCFE0AF1010371
:10E0400000930AEB0B030893049B03F001032F4694
:10E0500006930546009B0298214603F1FF3BFFF71C
:10E0600089FA03463033039039460298099300F049
:10E070002DFF2A4604902146484600F043FFC2681F
:10E08000099B064602BB0146029800F01FFF099B50
:10E090000246314648460C92099300F09BFC079BD0
:10E0A0000C9A009E42EA0301069B1943099B0DD17D
:10E0B000392B27D0049A002A01DD039B31338BF8DA
:10E0C00000302EE52846B9E70122E2E7049900294D
:10E0D00004DB079801430698014320D1002AEEDDB6
:10E0E000029900930122484600F084FE21460290E6
:10E0F00000F0ECFE0028009B02DCE0D1DA07DED560
:10E10000392BDAD139238BF8003033461E46013BD8
:10E1100016F8012C392A4ED001321A7001E5002A76
:10E1200003DD392BEED00133C9E7009A089902F8D4
:10E13000013C8A4228D0029900230A22484600F076
:10E140006BFCAF4202904FF000034FF00A023946D9
:10E15000484607D100F060FC07460546009B0133A6
:10E16000009377E700F058FC2946074600230A226F
:10E17000484600F051FC0546F0E7BBF1000FCCBF6C
:10E180005E46012656440027029900930122484624
:10E1900000F030FE2146029000F098FE0028B4DC2A
:10E1A00002D1009BDB07B0D433461E4613F8012D85
:10E1B000302AFAD0B5E49A45A8D1312308F10108F4
:10E1C0008AF80030ADE4219BDFF858A01BB10AF1BA
:10E1D0000803219A1360504617B0BDE8F08F079BE3
:10E1E000012B7FF72EAE0D9B089301204DE6BBF16E
:10E1F000000F7FF7D9AE564602982146FFF7BAF9CD
:10E2000000F1300306F8013BA6EB0A029345B4DDAA
:10E21000029900230A22484600F0FEFB0290EBE739
:10E22000CF2A0108532A010838B50546002941D0F4
:10E2300051F8043C0C1F002BB8BFE418FDF74CFA52
:10E240001D4A136833B9636014602846BDE838403E
:10E25000FDF748BAA34208D9206821188B4201BFB4
:10E2600019685B6809182160EDE71A465B680BB115
:10E27000A342FAD911685018A0420BD1206801447A
:10E28000501883421160E0D118685B6853600844FD
:10E290001060DAE702D90C232B60D6E7206821183A
:10E2A0008B4204BF19685B68636004BF0918216072
:10E2B0005460CAE738BD00BFE00F00200369B3EB2C
:10E2C000611F2DE9F0434FEA611200F1140445DDAE
:10E2D00011F01F0104EB830604EB82050CD100F161
:10E2E00010072946B14234D39B1A9B00EA1E96427E
:10E2F00038BF0023234415E054F82270C1F12008F0
:10E30000CF4005F1040EA1467645F44615D89A1A79
:10E310009200043A0135AE4238BF0022A318A7503C
:10E3200007B104331A1BA3424FEAA20208BF00231D
:10E33000026108BF4361BDE8F083DCF800C00CFA5D
:10E3400008FC4CEA070749F8047B5EF8047BCF40E1
:10E35000DAE751F804CB47F804CFC3E72346E1E7F7
:10E36000A0F13003092B02D82038C0B27047A0F1C9
:10E370006103052B01D84738F7E7A0F14103052BCE
:10E3800001D82738F1E70020704700002DE9F04F51
:10E3900085B08A4602930B68019090469C1CA1466A
:10E3A00014F8010B3028FAD0A9EB0303A3F1020BF8
:10E3B000FFF7D6FF0546002868D1A049012248464C
:10E3C000FFF722F80746002867D199F80100264692
:10E3D000FFF7C6FF002862D02346187830289946F8
:10E3E00003F10103F9D0FFF7BBFFB0FA80F56D0927
:10E3F0004FF0010B4A46164601323078FFF7B0FF66
:10E400000028F8D18D4901223046FEF7FDFF002893
:10E410003FD144B9741C2246164601323078FFF7CA
:10E420009FFF0028F8D1A41BA700337803F0DF0377
:10E43000502B3ED173782B2B33D02D2B34D0711C25
:10E4400000240878FFF78CFF431EDBB2182B30D86E
:10E45000A0F1100211F8010FFFF782FF00F1FF3C5D
:10E460005FFA8CFCBCF1180F4FF00A031ED904B1FF
:10E4700052421744CAF80010EDB1BBF1000F0CBFB7
:10E4800006250025284605B0BDE8F08F00252C465E
:10E49000B0E7002CC7D12746C7E74E462F460125D7
:10E4A000C3E70024B11CCCE70124FBE703FB020017
:10E4B000CEE73146DEE7A6EB0903013B2946072BF1
:10E4C0000ADC019800F046FA044640B95C4B02466B
:10E4D000E4215C4801F012F901315B10EFE700F133
:10E4E000140A002355469B46B14537D345F804BB73
:10E4F000A5EB0A05AD102561584600F01DFB6D0126
:10E50000D8F800602D1AB54254DDAD1B29462046CF
:10E5100000F0A9FE814678B16B1E591103F01F026D
:10E520005AF821104FF0010909FA02F20A4203D009
:10E530004B4536DC4FF0020929462046FFF7BEFE68
:10E540002F44D8F80830BB4242DA0198214600F047
:10E5500041FA0E9A00231360A32593E716F8012DC4
:10E560002E2A12D0202B04D145F804BB4FF0000B0B
:10E570005B4630780393FFF7F3FE039B00F00F0038
:10E5800098404BEA000B0433AEE7B145EAD82B497B
:10E59000039301223046FEF737FF039B0028E1D1A9
:10E5A000A2E7A91E204600F05EFE0028C2D04FF070
:10E5B0000309C1E709DA751B214601982A4600F0D4
:10E5C00019FC7F1B044600F1140A4FF00009B8E75C
:10E5D000D8F80450BD426FDDED1BAE4234DCD8F8F4
:10E5E0000C30022B22D0032B24D0012B15D1AE42AC
:10E5F00013D1012E0BD1029AD8F8043013600123F5
:10E600002361CAF800300E9B62251C603AE7711E38
:10E61000204600F028FE0028EDD10198214600F0A8
:10E62000D9F90E9A0023136050252BE70F9B002B7E
:10E63000F3D1E0E70F9B002BDDD1EEE7102A0108B4
:10E64000CF2A0108E02A01086F1EB9F1000F30D16E
:10E6500027B13946204600F006FE81467A11012393
:10E660005AF8222007F01F07BB40134229462046D4
:10E6700018BF49F00209FFF721FED8F80470761B95
:10E680000225B9F1000F47D0D8F80C30022B15D075
:10E69000032B17D0012B09D119F0020F06D0DAF89D
:10E6A000003049EA030919F0010F0ED145F01005B9
:10E6B00032E04FF00109D1E70125E2E70F9BC3F1FA
:10E6C00001030F930F9B002BF0D0D4F810B004F18E
:10E6D00014034FEA8B0A03EB8B014FF0000C184632
:10E6E00053F8042BB2F1FF3F1BD001320260022D20
:10E6F00004F114033CD1D8F80020013AB24209D108
:10E700007111012253F8213006F01F0602FA06F6B5
:10E710001E423AD145F020050E9B1C60029B1F60F3
:10E72000B0E6994243F804CCD9D8A3689B4517DBDF
:10E7300061680198013100F00DF9814618B91A4B52
:10E7400002468421C5E62269023204F10C019200DE
:10E750000C30FEF7F2FE2146019800F03BF94C46E2
:10E7600023695A1C04EB8303226101225A61BEE72C
:10E7700022695A450BDD01212046FFF79FFDD8F89D
:10E7800008300137BB42FFF6E0AE0125C2E716F0C4
:10E790001F06FAD05344C6F1200653F8040C00F0CB
:10E7A000CBF9B042E7DBF0E7CF2A0108C2F108025B
:10E7B000920070B5C2F120064368046803FA06F5BA
:10E7C0002C43D340046040F8043F8842F4D370BD2A
:10E7D00030B50368013311F8014B14B9036001200F
:10E7E00030BD13F8012BA2F14105192D98BF20323D
:10E7F000A242F0D00020F3E72DE9F04F0B6801684A
:10E800005E1102EB860613F01F0387B018BF0436B3
:10E810000025371F82469046019346F8045CB946AE
:10E820003C460295AB464A784B1C039342B31046D4
:10E8300005910492FFF794FD002851D1049A05999F
:10E84000202A18D8029B9B4513DD4C4506D2072D84
:10E8500004DC2A4649462046FFF7A8FF444552D922
:10E860000023A4F1040944F8043CCDF808B04C4658
:10E870001D460399D7E7292A57D10231CAF800105B
:10E88000BBF1000F51D04C4506D2072D04DC2A46BF
:10E8900049462046FFF78AFF444536D9A8F10402CD
:10E8A000234653F8041B42F8041F9F42F9D23B1B36
:10E8B00023F0030304330134033EB44288BF04232E
:10E8C0004344002243F8042B9F42FBD23B681BB910
:10E8D000474528D101233B60052007B0BDE8F08FF4
:10E8E0000135082D0BF1010B06DD4445C1D900238C
:10E8F00044F8043C0125043C226800F00F0040EA83
:10E9000002102060B5E70825B3E7019B002BDDD09E
:10E91000C3F120034FF0FF32DA4056F8043C1340B5
:10E9200046F8043CD2E7043FD0E70420D5E782B0A4
:10E9300001B901A942B14BB113780B601278101ED6
:10E9400018BF012002B070471046FBE76FF00100CE
:10E95000F8E7000070B5C66904460D4676B9102088
:10E96000FCF710FE0246E06120B9184B18486B21F5
:10E9700000F0C4FEC0E901660660C660E669F3689F
:10E9800083B1E369DB6853F82500B8B9012101FAC6
:10E9900005F6721D9200204600F0CEFE60B1C0E97F
:10E9A00001560EE021220421204600F0C5FEE36955
:10E9B000F060DB68002BE4D1002070BD026843F8F2
:10E9C00025200023C0E90333F7E700BF602A0108D0
:10E9D000402B010870B5C66905460C4676B9102073
:10E9E000FCF7D0FD0246E86120B9094B09488F21A8
:10E9F00000F084FEC0E901660660C6603CB1EB69C8
:10EA00006268DB6853F82210216043F8224070BD31
:10EA1000602A0108402B01082DE9F0410D690746E5
:10EA20000C461E4601F1140C0020DCF8003099B2AF
:10EA300002FB01611E0C0B0C02FB063389B2013094
:10EA400001EB034185424CF8041B4FEA1346ECDC12
:10EA50000EB3A368AB4219DC616838460131FFF799
:10EA600079FF804628B902460C4B0D48BA2100F0C8
:10EA700045FE2269023204F10C0192000C30FEF7CF
:10EA80005CFD21463846FFF7A5FF444604EB8503AD
:10EA900001355E6125612046BDE8F081CF2A01087D
:10EAA000402B01082DE9F8430C4615461F46092264
:10EAB0000833064693FBF2F3002101229A4209DB58
:10EAC0003046FFF747FF40B90246194B1948D3219A
:10EAD00000F014FE52000131F0E7089B4361092D5C
:10EAE0004FF00103036116DD04F10909C8462C4407
:10EAF00018F8013B0146303B0A223046FFF78CFFF5
:10EB0000A045F5D1A5F108044C442D1B6319BB4267
:10EB100004DBBDE8F8830A340925F6E714F8013B65
:10EB20000146303B0A223046FFF776FFEEE700BF92
:10EB3000CF2A0108402B0108B0F5803F034636BFBD
:10EB4000030400201020B3F1807F3CBF1B0208307B
:10EB5000B3F1805F3CBF1B010430B3F1804F3CBF79
:10EB60009B000230002B05DB13F0804F00F1010009
:10EB700008BF202070470368024613F007000BD03F
:10EB8000D90721D4980749BF5B089B08012013606F
:10EB90005CBF13600220704799B209B91B0C1020AA
:10EBA000D9B209B908301B0A190704BF1B09043080
:10EBB000990704BF9B080230D90703D45B0800F112
:10EBC000010003D013607047002070472020704779
:10EBD00010B50C460121FFF7BDFE024628B9054BD2
:10EBE000054840F2451100F089FD012344610361AD
:10EBF00010BD00BFCF2A0108402B01082DE9F04FBE
:10EC000017460A693B699A42A8BF3B468946A4BF9A
:10EC10000F4699463D69D9F810A0BB68796805EBA5
:10EC20000A06B34285B0B8BF0131FFF793FE30B991
:10EC30000246414B41484FF4B17100F05FFD00F1D5
:10EC4000140404EB860E23460022734520D307F1FB
:10EC5000140809F1140108EB850501EB8A030293FE
:10EC6000EB1B153B23F0030304331537BD4238BFBC
:10EC700004230193029B03918B420CD8002E03DDE9
:10EC80005EF8043D002B55D0066105B0BDE8F08F5D
:10EC900043F8042BD9E7B1F800A0BAF1000F1FD058
:10ECA000C446A14600275CF8042BD9F800301FFAAF
:10ECB00082FB9BB20AFB0B333B44D9F80070120C69
:10ECC0003F0C0AFB027202EB13429BB243EA02437F
:10ECD000654549F8043B4FEA1247E4D8019BE750E9
:10ECE000039BB3F802900431B9F1000F20D02368E0
:10ECF0004746A4464FF0000AB7F800B0BCF802201F
:10ED000009FB0B2252449BB243EA02434CF8043BFA
:10ED100057F8043B4FEA134ABCF8003009FB0A33AA
:10ED200003EB1243BD424FEA134AE5D8019AA350C0
:10ED300004349FE7013EA1E7CF2A0108402B0108D8
:10ED40002DE9F843154612F0030207460E4607D098
:10ED5000254C013A002354F82220FFF75DFE0646B9
:10ED6000AD103DD0FC697CB91020FCF70BFC0246CD
:10ED7000F86128B91D4B1E4840F2B31100F0BEFCEB
:10ED8000C0E901440460C460D7F81C80D8F808408A
:10ED90004CB940F271213846FFF71AFF0023C8F83A
:10EDA0000800044603604FF00009EB070AD531461E
:10EDB00022463846FFF722FF314680463846FFF7A5
:10EDC00009FE46466D100BD0206838B92246214610
:10EDD0003846FFF713FF2060C0F800900446E4E7D0
:10EDE0003046BDE8F88300BF3C2D0108602A0108C9
:10EDF000402B01082DE9F0470C464968236903EBD5
:10EE00006218A368074691464FEA621A08F10106A4
:10EE1000B3420BDB3846FFF79DFD054648B9024675
:10EE2000284B29484FF4EF7100F068FC01315B007A
:10EE3000EEE7002300F1140100F1100218465345DB
:10EE400033DB20692AEAEA7A04F1140319F01F0976
:10EE500001EB8A0103EB800C2BD0C9F1200E8A460E
:10EE60000022186800FA09F010434AF8040B53F81E
:10EE7000042B9C4522FA0EF2F3D8ACEB0403153BAD
:10EE800023F00303043304F11500604588BF042315
:10EE9000CA500AB108F10206013E38462E612146E9
:10EEA000FFF798FD2846BDE8F08742F8040F0133CC
:10EEB000C5E7043953F8042B41F8042F9C45F9D8D1
:10EEC000EAE700BFCF2A0108402B01080A69034680
:10EED0000069801A30B50ED11433143103EB82046B
:10EEE00001EB820154F8045D51F8042D954203D0E2
:10EEF00005D24FF0FF3030BDA342F3D3FBE7012032
:10EF0000F9E700002DE9F74F8946064611464846C5
:10EF10001446FFF7DBFF051E12D129463046FFF7E6
:10EF200019FD024628B93F4B40F237213E4800F018
:10EF3000E5FB0123C0E90435104603B0BDE8F08FBE
:10EF4000BCBF4B46A1463046D9F80410BABF1C4698
:10EF500001250025FFF7FEFC024618B9314B40F2AF
:10EF60004521E3E7D9F810702669C56009F110035F
:10EF700009F1140504F1140E00F1140B05EB8708D8
:10EF80000EEB86060193D9464FF0000C019B5EF80C
:10EF9000040B53F804AF01931FFA8AF3194683B2A6
:10EFA000CB1A000C6344C0EB1A4000EB23409BB229
:10EFB00043EA0043764549F8043B4FEA204CE5D844
:10EFC000331B153B23F0030315340433A64238BF2B
:10EFD00004231D445B441E462C4644450ED308F1D1
:10EFE0000301491B21F00301033DA84538BF00215F
:10EFF0000B4453F8041D91B117619DE754F8041BAD
:10F00000E646080C1CFA81FC714400EB2C4089B2E6
:10F0100041EA004146F8041B4FEA204CDDE7013F7E
:10F02000E7E700BFCF2A0108402B010882B08DED31
:10F03000000B019A0F4B1340A3F15073002B08DC17
:10F040005B42B3F1A07F4FEA235204DA4FF400236E
:10F050001341002208E0A2F114031E2BDABF4FF087
:10F060000042DA40012200231946104641EC100B01
:10F0700002B070470000F07F2DE9F041066900F111
:10F08000140808EB8606371F56F8042C1046FFF7C5
:10F0900053FDC0F120030A280B601B4915DCC0F1A9
:10F0A0000B0C22FA0CF3B84543EA010534BF56F8BD
:10F0B000083C0023153002FA00F023FA0CF3034356
:10F0C0001C4645EC104BBDE8F081B8453ABF56F8F8
:10F0D000083CA6F1080700230B3812D0C0F120012C
:10F0E00023FA01F482402243474542F07F558CBF0A
:10F0F00057F8042C00228340CA4045F440151343BE
:10F10000DEE742EA0105DBE70000F03F2DE9F743C7
:10F110000F46012159EC108B1646FFF71BFC0446E5
:10F1200030B90246234B244840F20F3100F0E6FA92
:10F13000C9F30A55C9F313030DB143F480130193C6
:10F14000B8F1000323D068460093FFF714FDDDE912
:10F150000012D0B1C0F1200302FA03F30B43C24006
:10F1600063610192019BA361002B0CBF012202226B
:10F170002261A5B1A5F2334505443D60C0F13500DB
:10F180003060204603B0BDE8F0836161EAE701A882
:10F19000FFF7F1FC019B636120300122E8E704EBFB
:10F1A0008203A0F2324038601869FFF7C5FCC0EB5B
:10F1B0004210E5E7CF2A0108402B01082DE9F04F66
:10F1C00085B0CDE9001002A9FFF756FF009803A90A
:10F1D00055EC104BFFF750FF019B1969009B1B6911
:10F1E000C91ADDE902329B1A5BEC10AB03EB411349
:10F1F000002BCEBF2A46C3EB03335A462F46D946CF
:10F20000CCBF02EB035702EB03594B465246204654
:10F210003946F1F723FB41EC100B05B0BDE8F08F48
:10F22000013970B549111469013102F1140300EB81
:10F23000810103EB8404051FA3420CD3A31A113BE5
:10F2400023F003031132A24288BF00231844002395
:10F25000884205D370BD53F8046B45F8046FEBE7A3
:10F2600040F8043BF4E700F1140200694B119842A6
:10F2700010B511DB0ADD11F01F0107D052F8234051
:10F2800024FA01F000FA01F18C420BD102EB830366
:10F29000934203D8002010BD0346F7E753F8041D3E
:10F2A0000029F5D00120F6E70346084641B1FF2AC0
:10F2B00004D98A221A604FF0FF3070470A7001208B
:10F2C00070472DE9F0478E681F46BE420B688246A4
:10F2D0000C4690462DD8B1F90C2012F4906F26D030
:10F2E0006569096905EB4505A3EB010905EBD575D2
:10F2F0007B1C4B446D109D4238BF1D46530527D5DE
:10F300002946FCF769F9064660B321694A46FEF7CB
:10F3100014F9A38923F4906343F08003A381266149
:10F3200065614E44A5EB09052660A5603E46BE42D8
:10F3300000D93E4620683246414600F0C5F9A36830
:10F340009B1BA3602368334423600020BDE8F08743
:10F350002A4600F005FA06460028E0D12169504609
:10F36000FEF762FF0C23CAF80030A38943F0400384
:10F37000A3814FF0FF30E9E72DE9F04F98468B89E4
:10F380001B069DB007460D46144610D50B6973B990
:10F390004021FCF721F92860286130B90C233B603B
:10F3A0004FF0FF301DB0BDE8F08F40236B610023AC
:10F3B000099320238DF82930CDF80C803023DFF815
:10F3C0009C818DF82A304FF0010923469A4613F8A4
:10F3D000012B0AB1252AF9D1BAEB040B0BD05B46FD
:10F3E000224629463846FFF76CFF013000F0A7801F
:10F3F000099A5A4409929AF80030002B00F09F8035
:10F4000000234FF0FF32CDE905230AF1010A0493EE
:10F4100007938DF853301A935446052214F8011BB4
:10F420004E48F0F7DDFE049AD8B9D00644BF202339
:10F430008DF85330110744BF2B238DF853309AF8C1
:10F4400000302A2B15D0079A544600204FF00A0CA2
:10F45000214611F8013B303B092B4BD9B0B1079243
:10F4600014E0A0EB080309FA03F313430493A24644
:10F47000D2E7039B191D1B680391002BBBBF5B42A6
:10F4800042F0020207930793B8BF049223782E2B11
:10F490000AD163782A2B32D1039B1A1D1B68039271
:10F4A00043EAE37302340593DFF8C0A02178032216
:10F4B0005046F0F795FE38B1049BA0EB0A004022BD
:10F4C000824013430134049314F8011B24488DF83F
:10F4D00028100622F0F784FE002836D0214B1BBBF3
:10F4E000039B073323F0070308330393099B33443B
:10F4F00009936AE70CFB02320C460120A8E70023BF
:10F500000134059319464FF00A0C204610F8012BE0
:10F51000303A092A03D9002BC6D00591C4E70CFB69
:10F52000012104460123F0E703AB00932A460E4B6A
:10F5300004A93846FDF702F8421C0646D6D1AB892D
:10F540005B063FF52DAF09982CE703AB00932A46E5
:10F55000054B04A93846FDF789FAEDE7992B010818
:10F56000A32B01083DC50008C3F200089F2B01082A
:10F57000B1F90C202DE9F041160705460C4654D48C
:10F580004B68002B02DC0B6C002B48DDE66A002E7A
:10F5900045D0002312F480522F68216A2B6030D0AE
:10F5A000626DA389590705D56368D21A636B0BB1E5
:10F5B000236CD21A0023E66A216A2846B047431C0E
:10F5C000A38906D129681D292BD82A4ACA40D60703
:10F5D00027D500226260D9042269226004D5421C2A
:10F5E00001D12B6803B96065616B2F60B9B104F17B
:10F5F0004403994202D02846FEF716FE00236363B7
:10F600000DE001232846B0470246501CC9D12B68A3
:10F61000002BC6D01D2B01D0162B1ED12F60002031
:10F6200022E043F040031BB21BE00F69002FF6D02D
:10F6300093070E6808BF4B690F6018BF0023A6EB45
:10F6400007088B60B8F1000FE9DD216AA66A43461E
:10F650003A462846B047002808DCB4F90C3043F09D
:10F660004003A3814FF0FF30BDE8F0810744A8EBD1
:10F670000008E7E70100402038B50B6905460C4655
:10F6800013B90025284638BD18B1036A0BB9FDF738
:10F69000A5FDB4F90C30002BF3D0626ED00704D472
:10F6A000990502D4A06DFDF746FF28462146FFF7D5
:10F6B0005FFF636EDA070546E4D4A3899B05E1D4B6
:10F6C000A06DFDF739FFDDE7884210B501EB0204BC
:10F6D00002D98442234607D8431EA14208D011F81C
:10F6E000012B03F8012FF8E7024401468A4200D1BA
:10F6F00010BD13F8014D02F8014DF7E71FB5144690
:10F700001A46094B1B680546D8684CB1074B009157
:10F71000CDE9013406492B4600F050F800F060F8BE
:10F72000044B1C46F3E700BF8C010020AA2B010804
:10F73000B72B0108E52B010870B5A1FB025434B9C1
:10F740002946FBF749FF064628B9304670BD0C2212
:10F7500002600026F9E72A462146FDF74DFEF4E750
:10F760002DE9F041074614460D4621B9BDE8F041A8
:10F770001146FBF731BF2AB9FEF756FD254628464C
:10F78000BDE8F08100F033F88442064602D8B4EBBD
:10F79000500FF4D821463846FBF71EFF804608B9C3
:10F7A0004546ECE7B4422246294628BF3246FDF7DB
:10F7B000C4FE29463846FEF737FDF1E70EB403B51F
:10F7C000014603AB054853F8042B0068019300F091
:10F7D0003FF802B05DF804EB03B070478C010020E5
:10F7E00008B5062000F008FA0120F4F77FFD51F873
:10F7F000043C181F002BBCBF0B58C01870479368FF
:10F80000013B002B10B4936008DA9469A34201DB3A
:10F810000A2903D15DF8044B00F032B91368581C73
:10F820001060197008465DF8044B7047F8B506463D
:10F830000F461446D518AC4201D1002007E014F859
:10F84000011B3A463046FFF7DAFF431CF3D1F8BDFF
:10F850002DE9F04F0D469DB014469846064618B166
:10F86000036A0BB9FDF7BAFC6B6ED90705D4AB89F7
:10F870009A0502D4A86DFDF75EFEAB891B0701D582
:10F880002B699BB92946304600F038F970B16B6E90
:10F89000DC0704D54FF0FF301DB0BDE8F08FAB8919
:10F8A0009805F7D4A86DFDF747FEF3E70023099309
:10F8B00020238DF82930CDF80C803023DFF8AC817F
:10F8C0008DF82A304FF0010923469A4613F8012B90
:10F8D0000AB1252AF9D1BAEB040B0BD05B462246BC
:10F8E00029463046FFF7A2FF013000F0A780099AB1
:10F8F0005A4409929AF80030002B00F09F800023B0
:10F900004FF0FF32CDE905230AF1010A0493079372
:10F910008DF853301A935446052214F8011B5348AE
:10F92000F0F75EFC049AD8B9D10644BF20238DF8C5
:10F930005330130744BF2B238DF853309AF800300F
:10F940002A2B15D0079A544600204FF00A0C214666
:10F9500011F8013B303B092B4BD9B0B1079214E0B1
:10F96000A0EB080309FA03F313430493A246D2E77A
:10F97000039B191D1B680391002BBBBF5B4242F028
:10F98000020207930793B8BF049223782E2B0AD163
:10F9900063782A2B32D1039B1A1D1B68039243EA1A
:10F9A000E37302340593DFF8D4A021780322504694
:10F9B000F0F716FC38B1049BA0EB0A00402282400D
:10F9C00013430134049314F8011B29488DF82810BF
:10F9D0000622F0F705FC00283FD0264B1BBB039BFB
:10F9E000073323F0070308330393099B3B44099330
:10F9F0006AE70CFB02320C460120A8E70023013421
:10FA0000059319464FF00A0C204610F8012B303AA6
:10FA1000092A03D9002BC6D00591C4E70CFB0121AC
:10FA200004460123F0E703AB00932A46124B04A9D6
:10FA30003046FCF783FD0746781CD6D16B6ED9079C
:10FA400005D4AB899A0502D4A86DFDF775FDAB8985
:10FA50005B063FF51FAF09981EE703AB00932A46EC
:10FA6000054B04A93046FDF701F8E4E7992B01089E
:10FA7000A32B01083DC500082DF800089F2B0108A5
:10FA8000F8B50E461446054618B1036A0BB9FDF7E2
:10FA9000A5FBA369A360A3891A0701D5236943B90C
:10FAA0002146284600F02AF818B14FF0FF373846B3
:10FAB000F8BD23682269981A6369F6B28342374613
:10FAC00005DC21462846FFF7D7FD0028EDD1A368C5
:10FAD000013BA36023685A1C22601E706269431CAC
:10FAE0009A4204D0A389DB07E1D50A2EDFD1214653
:10FAF0002846FFF7C1FD0028D9D0D6E738B5294BF5
:10FB0000054618680C4618B1036A0BB9FDF766FB89
:10FB1000B4F90C30190722D4DA0607D409222A6076
:10FB200043F04003A3814FF0FF3033E0580712D574
:10FB3000616B41B104F14403994202D02846FEF7BB
:10FB400073FB00236363A38923F02403A3810023B1
:10FB5000636023692360A38943F00803A3812369B9
:10FB60004BB9A38903F42073B3F5007F03D021467A
:10FB7000284600F083F8B4F90C3013F001020AD0E3
:10FB80000022A26062695242A261226942B913F066
:10FB90008000C5D138BD990758BF6269A260F4E7FB
:10FBA0000020F7E78C0100201F2938B505460C46D8
:10FBB00004D9162303604FF0FF3038BDC26B12B179
:10FBC00052F821304BB9284600F030F82246014661
:10FBD0002846BDE8384000F017B8012B0AD0591C60
:10FBE00003D1162303600120E7E7002142F8241027
:10FBF000204698470020E0E7024B01461868FFF7CF
:10FC0000D3BF00BF8C01002038B5074D0023044648
:10FC1000084611462B60F4F759FB431C02D12B68B0
:10FC200003B1236038BD00BF20110020F4F746BBAC
:10FC300070B50C46B1F90E10002996B015461E4657
:10FC40000DDAA38913F0800F4FF0000114BF402399
:10FC50004FF48063002031602B6016B070BD6A469F
:10FC600000F048F80028ECDB019901F47041A1F59F
:10FC70000053594259414FF48063EBE78B89F7B544
:10FC80009D0706460C4607D504F147032360236110
:10FC90000123636103B0F0BD01AB6A46FFF7C8FF03
:10FCA000009F054639463046FBF796FC48B9B4F943
:10FCB0000C309A05EED423F0030343F00203A38132
:10FCC000E2E7A389206043F08003A381019BC4E99C
:10FCD00004075BB1B4F90E10304600F01DF828B1EE
:10FCE000A38923F0030343F00103A381A3891D43E8
:10FCF000A581CFE738B5074D0023044608461146D5
:10FD00002B60F4F743FB431C02D12B6803B1236043
:10FD100038BD00BF2011002038B5064D0023044631
:10FD200008462B60F4F742FB431C02D12B6803B159
:10FD3000236038BD20110020F8B52DED028B55EC65
:10FD4000104B00F041FC22462B4620462946B0EEDF
:10FD5000408AF0EE608AF0F7F1FEF8B945EC104BFE
:10FD600000F0F2F957EC106B144B00223046394684
:10FD7000F0F7D0FE90B13046104B00223946F0F734
:10FD8000D3FE212688B1FDF7ABFB002200230660DD
:10FD900019461046F0F762FD41EC180BB0EE480A28
:10FDA000F0EE680ABDEC028BF8BDFDF799FB00226E
:10FDB0000660002320462946ECE700BF0000F03F24
:10FDC00038B52DED028B55EC104B00F021FB22468F
:10FDD0002B4620462946B0EE408AF0EE608AF0F7C6
:10FDE000ADFE90B90022002320462946F0F77EFEA2
:10FDF00058B1FDF775FB2123036000220023104654
:10FE00001946F0F72BFD41EC180BB0EE480AF0EE66
:10FE1000680ABDEC028B38BD2DE9F84F55EC104B4C
:10FE2000BF4B25F000469E42AB4618D9BD4B9E42C3
:10FE300001D809D144B122462B4620462946F0F785
:10FE40002DFA04460D4606E0BBF1000F40F32B816E
:10FE500097A5D5E9004545EC104BBDE8F88FB24BAE
:10FE60009E4213D8A3F1DE739E420CD892A3D3E92D
:10FE7000002320462946F0F711FAAC4B0022F0F798
:10FE800053FE0028E7D14FF0FF3A29E000F05CF97B
:10FE9000A74B9E4255EC104B00F2BC80A3F55023BB
:10FEA0009E4200F29E8022462B4620462946F0F7CD
:10FEB000F5F99E4B0022F0F7EFF9002206460F46B7
:10FEC0004FF0804320462946F0F7E8F902460B46FA
:10FED00030463946F0F7C2FC4FF0000A04460D46A2
:10FEE00022462B4620462946F0F78EFB02460B465B
:10FEF00080468946F0F788FB71A3D3E900230646C4
:10FF00000F46F0F781FB70A3D3E90023F0F7C6F9A1
:10FF100032463B46F0F778FB6DA3D3E90023F0F7B8
:10FF2000BDF932463B46F0F76FFB6BA3D3E90023E4
:10FF3000F0F7B4F932463B46F0F766FB68A3D3E925
:10FF40000023F0F7ABF932463B46F0F75DFB66A3C2
:10FF5000D3E90023F0F7A2F942464B46F0F754FBF1
:10FF600063A3D3E900238046894630463946F0F73B
:10FF70004BFB61A3D3E90023F0F78EF932463B46F1
:10FF8000F0F742FB5EA3D3E90023F0F785F9324690
:10FF90003B46F0F739FB5CA3D3E90023F0F77CF98B
:10FFA00032463B46F0F730FB59A3D3E90023F0F784
:10FFB00073F932463B46F0F727FB02460B464046B4
:10FFC0004946F0F76BF922462B46F0F71DFBBAF1D4
:10FFD000FF3F02460B4648D120462946F0F75CF920
:10FFE0002FE7524B002220462946F0F755F94F4B98
:10FFF00006460F46002220462946F0F74FF90246F2
:020000040801F1
:100000000B4630463946F0F729FC4FF0010A04460A
:100010000D4665E7474B9E421CD2474B00222046C7
:100020002946F0F739F9444B06460F460022204690
:100030002946F0F7E9FA3D4B0022F0F72FF9024686
:100040000B4630463946F0F709FC4FF0020A0446E9
:100050000D4645E722462B4638490020F0F7FEFBC7
:100060004FF0030A04460D463AE7354B354E03EB95
:10007000CA03D3E90023F0F70FF922462B46F0F725
:100080000BF906EBCA0602460B46D6E90001F0F76B
:1000900003F9BBF1000F04460D46BFF6DCAE01F1DB
:1000A00000431D46D7E61CA5D5E90045D3E600BFB1
:1000B000182D4454FB21F93F9C7500883CE4377EA1
:1000C00011DA22E33AAD903FEB0D76244B7BA93F4A
:1000D000513DD0A0660DB13F6E204CC5CD45B73F18
:1000E000FF8300922449C23F0D5555555555D53FC4
:1000F0002F6C6A2C44B4A2BF9AFDDE522DDEAD3FB8
:100100006D9A74AFF2B0B33F711623FEC671BC3F57
:10011000C4EB98999999C93F182D4454FB21F9BF14
:10012000FFFF0F440000F07FFFFFDB3F0000F03FC8
:10013000FFFFF23F008003400000F83F0000F0BFE7
:10014000382E0108582E010851EC100B024621F000
:10015000004343EC102B704700F062BB08B52DED57
:10016000028BB0EE408A00F029FAB4EE488AF1EE34
:1001700010FA0CD6DFED078AB4EEE88AF1EE10FA39
:1001800005D5FDF7ADF988EEA80A21230360BDEC83
:10019000028B08BD0000000010EE103A07B51E4AA1
:1001A00023F00043934206D8DFED1C0A03B05DF84C
:1001B00004EB00F095BAB3F1FF4F04D330EE400AE0
:1001C00003B05DF804FB684600F0CAFB00F00300D2
:1001D000012809D0022810D0B0B9DDED010A9DED4B
:1001E000000A00F07DFAEBE7DDED010A9DED000A63
:1001F00000F0CEFAB1EE400AE2E7DDED010A9DED36
:10020000000A00F06DFAF5E7DDED010A9DED000A48
:10021000012000F0BDFAD3E7D80F493F00000000ED
:1002200010EE103A07B51F4A23F00043934207D857
:10023000DFED1D0A002003B05DF804EB00F0A8BA62
:10024000B3F1FF4F04D330EE400A03B05DF804FB76
:10025000684600F085FB00F0030001280AD0022860
:100260000FD0C0B9DDED010A9DED000A012000F0BC
:100270008FFAEAE7DDED010A9DED000A00F030FAA1
:10028000E3E7DDED010A9DED000A012000F080FAB0
:10029000B1EE400AD9E7DDED010A9DED000A00F05C
:1002A0001FFAF5E7D80F493F0000000008B52DED13
:1002B000048BB0EE408AF0EE608AB0EE419AF0EE28
:1002C000619A00F047F850B9B0EE498AF0EE698AB9
:1002D000B0EE480AF0EE680ABDEC048B08BDB0EE43
:1002E000490AF0EE690A00F035F80028F0D053EC26
:1002F000192B51EC180BF0F717FC0028E4D0E7E7B6
:1003000008B52DED048BB0EE408AF0EE608AB0EEB9
:10031000419AF0EE619A00F01DF850B9B0EE498AAA
:10032000F0EE698AB0EE480AF0EE680ABDEC048B84
:1003300008BDB0EE490AF0EE690A00F00BF800289B
:10034000F0D053EC192B51EC180BF0F7CFFB002831
:10035000E4D0E7E751EC100B0B4631F0004110B54B
:1003600004D100280CBF0220032010BD094AA1F5CA
:100370008014944208D9084A134207D0914207D109
:10038000B0FA80F04009F0E70420EEE70320ECE744
:100390000020EAE7FFFFDF7F0000F07F08B52DEDCA
:1003A000028BB0EE408AF0EE608A00F015F830B9AA
:1003B000B0EE688AB0EE480ABDEC028B08BDB0EE24
:1003C000680A00F009F80028F4D0B4EEE88AF1EEEB
:1003D00010FAEDDDEEE7000010EE103A33F00040C9
:1003E0000DD0A0F50003B3F1FE4F0AD3074B421E18
:1003F0009A4208D9A0F1FF43584258417047022061
:100400007047042070470320704700BFFEFF7F0045
:100410002DE9F84F664A55EC104BAA432B4621466E
:1004200010D1224620462946F0F7EEF802460B4648
:1004300020462946EFF732FF04460D4645EC104BA7
:10044000BDE8F88F002D0EDC25F000422243F5D0E8
:100450009DB1224620462946EFF71EFF02460B4675
:10046000F0F7FCF9E8E72A1515D1002009E0CB0ADE
:10047000153A4905002BFAD0F7E72A46FAE75B0060
:100480000130DC02FBD5441E121BC0F1200421FA0E
:1004900004F423438140C3F31303A2F2FF3743F470
:1004A0008013D2075CBF5B0003EBD1734FEA4303B9
:1004B00058BF4900002603EBD1737F104900162076
:1004C00032464FF4001415199D42DEBF2A195B1BFA
:1004D0003619CD0F013805EB43034FEA41014FEACE
:1004E0005404F0D1054620244FF0004C93420CEB0D
:1004F000000E02DC13D18E4511D8BEF1000F0EEBB9
:100500000C003FDA00283DDB02F101089B1A8E4502
:1005100088BF03F1FF33A1EB0E01654442464FEA69
:10052000D17E013C0EEB43034FEA41014FEA5C0CE4
:10053000DCD119431BD0DFF87CA0DFF87CB0DAE90E
:100540000001DBE90023EFF7A7FEDAE900890246A4
:100550000B4640464946F0F7D3FA40B1B5F1FF3FAC
:10056000DAE90001DBE900230ED1013625467310DC
:1005700003F17F5303F5001303EB07516B0843EAC4
:10058000C67059E79046C1E7EFF788FEDAE90089BF
:1005900002460B4640464946F0F7A8FA20B1AB1C8C
:1005A00008BF01360235E2E76B1C23F00105DEE7E8
:1005B0000000F07F802E0108782E0108B1EEC00AFD
:1005C00070470000000000002DE9F04755EC104B8B
:1005D00063423F4A25F00046234346EAD3739342E1
:1005E000AA460FD922462B4620462946EFF754FE4D
:1005F00002460B46F0F732F904460D4645EC104B27
:10060000BDE8F087964204D1002200232046294607
:10061000F0E7304B9E420CD82BA3D3E900232046B1
:100620002946EFF73BFE00220023F0F77DFA002871
:10063000E4D1294B9E423546224633462046314678
:1006400031D8EFF72BFE02460B4606460F462046F2
:100650002946EFF7D9FF2246804689462B461C499A
:100660000020EFF719FE02460B4640464946F0F7D8
:10067000F5F832463B46EFF711FE41EC100B00F067
:100680007BFB164B002251EC100BEFF7BDFFBAF1CC
:10069000000FBCBF024601F1004304460D46BCBF3B
:1006A00014461D46AAE7EFF7F9FD224606460F4617
:1006B0002B4607490020EFF7EFFD02460B46304678
:1006C0003946F0F7CBF8D8E79C7500883CE4377ED4
:1006D0000000F03FFFFF2F3EFFFFDF3F0000E03F45
:1006E00010EE103A23F00043B3F1485FF0EE406A99
:1006F000B7EE000A04D2FDEEE67A17EE902A42B376
:1007000026EEA67ADFED1A7A9FED1A6A1A4AA7EE4C
:10071000276A9342DFED197AE6EE077A9FED186AB1
:10072000A7EE876ADFED177AE6EE077A9FED166A85
:10073000A7EE876A60EEE60A26EE076AF6EE007A12
:10074000E7EE060A67EE277A04D877EEE07A30EE15
:10075000670A70470D4A93429ABF03F17F4307EE41
:10076000103AB5EE027A30EE470A77EEC77AECE738
:100770004ED747ADF6740F319999993E7CF293B4F8
:10078000010DD037610BB6BAABAA2A3D0000483F35
:1007900010EE103A23F00043B3F1485F04D2FDEEAF
:1007A000C07A17EE903A5BB320EE007ADFED157A4F
:1007B0009FED156AA7EE276ADFED147AE6EE077A59
:1007C0009FED136AA7EE876ADFED127A60EE076A83
:1007D000E6EE077A30B99FED106AA7EE276AA6EE1B
:1007E000260A704767EEE67AB6EE006AE0EE867A91
:1007F000D7EE870ADFED097AE6EEA70A30EE600A47
:10080000704700BFD3C92E2F342FD7B21BEF383615
:10081000010D50B98988083CABAA2ABEABAA2A3E72
:1008200010EE902A22F00041B1F1FF4F10B5F0EE2A
:10083000407A06D810EE100A20F00043B3F1FF4FC3
:1008400004D977EEA07AB0EE670A10BDB2F17E5FF0
:1008500003D1BDE8104000F0B3B9941704F00204CE
:1008600044EAD07443B9022C5ED09FED347A032C55
:1008700008BFF0EE477AE6E741B9DFED317A9FED48
:10088000317A0028A8BFF0EE477ADCE7B1F1FF4FDC
:1008900010D1B3F1FF4F04F1FF3407D1022C46D839
:1008A000294B03EB8403D3ED007ACCE7022C41D82B
:1008B000264BF6E7B3F1FF4FDFD05B1AB3F1F45FDD
:1008C0004FEAE3511ADA002A01DA3C3119DB87EEEC
:1008D000A00A00F049FA00F073F9F0EE407A012C1A
:1008E00012D0022C17D0002CADD09FED197A77EEE4
:1008F000877A9FED187A77EEC77AA4E7DFED117A51
:10090000EDE7DFED157AEAE717EE903A03F10043E1
:1009100007EE903A97E79FED0E7A77EE877A9FED94
:100920000D7A77EE677A8EE7DFED0A7A8BE7DFEDF7
:100930000B7A88E7DFED087A85E700BFDB0F49C057
:10094000DB0FC9BFDB0FC93F942E0108882E0108B9
:100950002EBDBB33DB0F494000000000DB0F493FD9
:10096000F0B510EE106A884B26F000459D4287B026
:10097000044605D8002380ED000A4360002022E0F1
:10098000824B9D423AD826F00043002E9FED807A9C
:10099000804A23F00F0318DD934270EE477A09BFB7
:1009A0009FED7D7ADFED7D6ADFED7D6A77EEC77AB8
:1009B00037EEE67A77EEC77A80ED007A77EEE67A60
:1009C000C0ED017A012007B0F0BD934270EE077AC6
:1009D00009BF9FED717ADFED716ADFED716A77EE25
:1009E000877A37EEA67A77EEC77A80ED007A77EECF
:1009F000A67AC0ED017A4FF0FF30E4E7694B9D42E3
:100A000073D800F0B1F99FED687AF6EE007AE0EE67
:100A1000077AFDEEE77AB8EEE77A17EE900ADFED97
:100A20005C7AA7EE670A1F28DFED5C7A67EE277A0B
:100A3000B1EE476A70EE676A16EE901A09DC5B4AFF
:100A4000471E26F0004352F8272023F0FF0393426D
:100A500007D1C1F3C752C2EBD552082A4FEAE5537A
:100A600014DC216094ED007A30EE470A002E30EE5F
:100A7000670A84ED010AA6DAB1EE477AB1EE400AC0
:100A800084ED007A84ED010A40429CE7DFED425A92
:100A9000F0EE406AE6EE256A70EE667AE6EE257ABA
:100AA000DFED3F5AD7EE257A76EEE75A15EE902A1B
:100AB000C2F3C7515B1A192B04DCC4ED005AB0EE27
:100AC000660ACFE7DFED3A5AB0EE660AA6EE250ACF
:100AD00076EEC07ADFED376AE6EE257AD7EE267A33
:100AE00030EE677A84ED007ABCE7B5F1FF4F06D3AC
:100AF00070EE407AC0ED017AC0ED007A3EE7EA156B
:100B0000863AA5EBC25307EE903ABDEEE77ADFEDE9
:100B10002A6AB8EEC77A77EEC77A8DED037A67EE68
:100B2000A67ABDEEE77AB8EEC77A77EEC77A8DED92
:100B3000047A67EEA67AF5EE407AF1EE10FACDED82
:100B4000057A1ED1B5EE407AF1EE10FA0CBF012302
:100B500002231A4901910221009103A8214600F0C5
:100B600059FB002EBFF62FAFD4ED007AF1EE677A75
:100B7000C4ED007AD4ED017AF1EE677AC4ED017A22
:100B800082E70323E5E700BFD80F493FE3CB1640D8
:100B9000800FC93FD00FC93F004435374344353734
:100BA00008A3852E800F494384F9223FA02E010817
:100BB00000A3852E32318D2400008043202F0108B0
:100BC00038B510EE105A25F00044B4F1A14FF0EE04
:100BD000407A10D3B4F1FF4F04D970EE007AB0EE32
:100BE000670A38BDDFED4D7A9FED4D7A002DC8BF05
:100BF000F0EE477AF3E74B4B9C4210D8B4F1445FD8
:100C00000AD29FED497A30EE077AF7EE006AB4EE29
:100C1000E67AF1EE10FAE2DC4FF0FF3313E000F079
:100C2000A3F8424B9C424FD8A3F5D0039C4241D835
:100C3000F0EE007ABFEE007AA0EE277A002330EEC5
:100C4000270AC7EE007A5A1C27EEA76A9FED387A6A
:100C5000DFED385A9FED385A66EE066AE6EE875A9F
:100C60009FED367AA5EEA67ADFED355AE7EE265AE5
:100C70009FED347AA5EEA67ADFED335AE7EE265AD9
:100C80009FED327AA6EE875A9FED317AA5EE267A4D
:100C90009FED305AA7EE265A9FED2F7AA5EE267AC1
:100CA00027EE267AA5EE867A27EE877A21D177EE8F
:100CB000C77A94E7F7EE007A30EE677A30EE270ACB
:100CC0000123C7EE007ABEE7244B9C420BD8F7EE17
:100CD000087AB7EE007AA0EE277A022370EE676AF0
:100CE000C6EE877AAFE7BFEE007AC7EE007A03233D
:100CF000A9E71B4A1B4902EB830201EB8303D3EDF7
:100D0000006A37EE667A002D37EE677AD2ED007A08
:100D100077EEC77AB8BFF1EE677A60E7DB0FC9BF3D
:100D2000DB0FC93FFFFFDF3ECAF24971FFFF973F6C
:100D3000D769853C59DA4B3D6BF16EBD356B883D0B
:100D40006E2EBA3D2549123EABAAAA3E21A215BD80
:100D500095879DBD388EE3BDCDCC4CBEFFFF1B40BB
:100D6000483201083832010810EE103A23F00043EF
:100D700000EE103A704700002DE9F04F984B5BEC05
:100D800010AB9B4585B05F4600F3AD80954B2BF0D3
:100D900000449C4213D9944B002250465946EFF729
:100DA0009BFE28B1012005B0BDE8F04F00F0EEB980
:100DB0004BEC10AB05B0BDE8F04F00F001BA8B4B27
:100DC0009C421BD88A4B002250465946EFF766FAE0
:100DD00000220023EFF7A8FE18B1864B9C4240F298
:100DE0008D8052465B4650465946EFF70DFC824BCC
:100DF0000022EFF709FC02460B46B3E07F4B1F448D
:100E00009F4200F296807E4B002250465946EFF7F3
:100E100045FA0E15A6F2FF36002E04460D460F4683
:100E20007EDD52465B46EFF737FA0B4674490246C1
:100E30000020EFF731FA22462B46EFF70FFDCDE900
:100E40000001704BC7F313079F42CDBF47F07F559A
:100E500047F07F5545F4401545F40015C8BFC7F568
:100E60008017674B4FF0000220462946C4BF013669
:100E7000BF10EFF711FA82468B465F4B00225046B7
:100E80005946EFF7C1FB52465B46EFF7BDFB002228
:100E9000CDE90201002F40F0BB80002350465946A7
:100EA000EFF71AFE002847D0002E00F032813046BE
:100EB000EFF740FB42A3D3E9002306460F46EFF7C6
:100EC000A3FBDDE90023EFF7E9F93FA3D3E9002312
:100ED00004460D4630463946EFF796FB02460B4670
:100EE0002046294606E0484B9B450CDD52465B46B2
:100EF00050465946EFF7D2F982468B464BEC10AB81
:100F000005B0BDE8F08F414B9B457FF77CAF9FED6F
:100F1000307B3E158DED007BA6F2FF36544690E700
:100F2000374B0022EFF7B8F902460B4650465946B8
:100F30007FE701270026A0E727A3D3E90023504637
:100F40005946EFF761FB02460B4600202C49EFF7AC
:100F5000A3F9DDE90223EFF757FB04460D4626B956
:100F600002460B465046594624E03046EFF7E2FA77
:100F700015A3D3E9002380468946EFF745FB10A36C
:100F8000D3E9002306460F4640464946EFF73CFBAF
:100F9000DDE90023EFF782F902460B462046294699
:100FA000EFF77AF952465B46EFF776F902460B46C1
:100FB00030463946EFF770F99EE700BFAFF3008087
:100FC000763C7935EF39EA3D0000E0FE422EE63FFF
:100FD0000000000000000000555555555555E53FEF
:100FE0007982DA3FFFFFEF3F0000F0BFFFFF1F3EB7
:100FF00000005043FFFF8F3C0000E03F3C412D408C
:101000000000F03F9DA00600FFFFEF7FFFFF3F4382
:101010004FF0804350465946EFF740F902460B46E1
:1010200050465946EFF71AFC02460B468046894661
:10103000EFF7EAFA3AA3D3E9002304460D46EFF7A7
:10104000E3FA39A3D3E90023EFF728F922462B4628
:10105000EFF7DAFA36A3D3E90023EFF71FF92246B8
:101060002B46EFF7D1FA34A3D3E90023EFF716F9B3
:1010700022462B46EFF7C8FA31A3D3E90023EFF756
:101080000DF922462B46EFF7BFFA2FA3D3E9002331
:10109000EFF704F922462B46EFF7B6FA2CA3D3E973
:1010A0000023EFF7FBF822462B46EFF7ADFADDE918
:1010B0000223EFF7F3F842464B46EFF7A5FA044652
:1010C0000D4636B902460B46DDE90201EFF7E4F8BA
:1010D00091E63046EFF72EFA1FA3D3E900238046AE
:1010E0008946EFF791FA1EA3D3E9002306460F467F
:1010F00040464946EFF788FADDE90023EFF7CEF8DE
:1011000022462B46EFF7CAF802460B46DDE90201FC
:1011100046E74FF0000A4FF0000BEFE6AFF3008018
:1011200044523EDF12F1C23F9FC678D0099AC33FB6
:10113000DE03CB966446C73FAF788E1DC571CC3FAA
:10114000599322942449D23F04FA97999999D93F07
:10115000935555555555E53F0000E0FE422EE63FBC
:10116000763C7935EF39EA3D10B52DED028BB0EEC6
:10117000408AF0EE608A0446FCF7B2F9B0EE480A05
:10118000F0EE680ABDEC028B046010BD07B50022CA
:1011900080B1094BCDE90023DDE9000100220023E5
:1011A000EFF75CFB41EC100B222003B05DF804EB81
:1011B000FFF7DABF014BEDE70000F0BF0000F03FA2
:1011C00038B555EC104B2DED028B22462B462046B0
:1011D0002946EFF761F802460B46EFF73FFB224640
:1011E00041EC180B2B4620462946EFF7A7FC50B9D7
:1011F000B0EE480AF0EE680ABDEC028B2120BDE893
:101200003840FFF7B1BFB0EE480AF0EE680ABDEC17
:10121000028B38BD2DE9F04F2DED048BD9B09046EF
:101220000190B64A669818F1040F52F820A00F46B4
:1012300003F1FF3B26DBB8F1030248BF08F10402CB
:10124000D210551C67999FEDB17AE800A2EB0B060E
:101250000290A8EBC5050AEB0B0C1CAC01EB860E4B
:101260000020604510DD1CA901EB83000DF5887995
:101270000026564524DCDDF804E0DFEDA47A844640
:10128000002416E00022DCE7C6425DBF5EF82010B5
:1012900007EE901AF8EEE77AF0EE477AE4EC017A7E
:1012A0000130DEE7FEEC016A3CED017AE6EE877A7A
:1012B00001345C45F6DDE9EC017A01360430D8E70B
:1012C00008A901EB8A0104916799DFED8F8A9FEDF0
:1012D0008D9A01EB820203925446A200059258AA0D
:1012E00002EB840212ED140A44A908AA01EB84005F
:1012F00094462646002E4CDC2846CDE9062300F015
:10130000F1F9B0EE408AB4EE000A28EE000A00F0CF
:101310004FFAF2EE007AA0EE678A002DDDE906238F
:10132000FDEEC87A17EE909AF8EEE77A38EE678A03
:1013300041DD04F1FF3C08A9C5F1080E51F82C600D
:1013400046FA0EF0814400FA0EF0361AC5F1070095
:1013500041F82C600641002E3CDD4FF0000E09F1F3
:1013600001097046744568DC002D03DD012D74D041
:10137000022D7DD0022E2DD1B7EE000A30EE488A24
:1013800040B32846069300F0ADF9069B38EE408A3C
:1013900020E060EE287A013EFDEEE77AF8EEE77A8B
:1013A000A7EEC90ABDEEC00AACEC010A30ED010A95
:1013B00037EE800A9EE705D1601E08A951F820602B
:1013C000F611C8E7F6EE007AB4EEE78AF1EE10FA0D
:1013D00031DA0026B5EE408AF1EE10FA40F098803E
:1013E000601E002250454BDA002A65D0013C08AB54
:1013F000083D53F82430002BF8D02846B7EE000AF9
:1014000000F070F9631C44AA9FED3F7A990002EB4B
:1014100083022346002B80F2A9802346002BC0F2D2
:10142000C78044AA02EB8305DFF8D4C0DFED377A2A
:101430000020E21AB1E002268FE752F8041B48B9F7
:1014400021B1C1F5807142F8041C01210EF1010E99
:10145000084687E7C1F1FF01F5E704F1FF3C08AA60
:1014600052F82C2002F07F0208A941F82C2081E7D5
:1014700004F1FF3C08AA52F82C2002F03F02F3E7E7
:1014800008A951F8201001380A43ABE7013250F89F
:10149000046D002EFAD0059901F5B0710DEB010035
:1014A000E6181CA904F1010C4C3801EB8606224415
:1014B000624504DA144610E704980122E7E703992D
:1014C000DDF804E051F82C10059107EE901AF8EEC3
:1014D000E77A0024E6EC017ADFED0C7AB1465C4550
:1014E00004DDE0EC017A0CF1010CE1E7FEEC016AAD
:1014F00039ED017A0134E6EE877AF0E784320108AB
:1015000058320108000080430000803B00000000CA
:10151000029BB0EE480AA3EB080000F0E3F81FEDD1
:10152000077AB4EEC70AF1EE10FA19DB5FED0A7A1A
:1015300060EE277A08AAFDEEE77A0835F8EEE77A3A
:10154000A7EEC70AFDEEE77ABDEEC00A10EE103A2C
:1015500042F8243017EE903A013442F824304CE738
:10156000BDEEC00A08AA10EE103AF6E708A850F837
:101570002300019007EE900AF8EEE77A013B67EE50
:10158000807A20EE070A62ED017A43E7FCEC016AFB
:10159000B5EC017AE6EE877A0130504501DC9042E5
:1015A000F4DD58A800EB820242ED287A013B35E7D2
:1015B000669B022B09DC002B27DC40D009F00700DA
:1015C00059B0BDEC048BBDE8F08F669B032BF5D1C1
:1015D00030AA0B1F13441A462046002850DC22462E
:1015E000012A5DDC30AB5FED377A0B44012C67DC00
:1015F000DDED306A9DED317A002E67D1C7ED006ACE
:1016000087ED017AC7ED027AD8E730AB1FED417A5A
:101610000B442246002A24DA4EB3F1EE477AC7ED96
:10162000007ADDED307A77EEC77A31AA01239C4249
:1016300020DA0EB1F1EE677AC7ED017ABEE730AB82
:101640005FED4E7A0B44002C05DA0EB1F1EE677AAD
:10165000C7ED007AB2E733ED017A013C77EE877A85
:10166000F1E773ED017A013A37EE277AD2E7F0EE2F
:10167000477AD4E7B2EC017A013377EE877AD6E77E
:1016800072ED017AD2ED016A37EEA67A013877EE73
:10169000C77A82ED007A77EEA67AC2ED017A9CE7EE
:1016A00073ED017AD3ED016A37EEA67A013A77EE4F
:1016B000C77A83ED007A77EEA67AC3ED017A8FE7D9
:1016C00033ED017A013C77EE877A8FE7F1EE666AB7
:1016D000B1EE477AC7ED006A87ED017AF1EE677ADD
:1016E00090E700BF10EE103A33F000422BD0B2F179
:1016F000FF4F02D330EE000A704713F0FF4F23D1A3
:10170000244BDFED257A984220EE270A17DB10EEF6
:10171000103AC3F3C752193A4CF25031884215DDE2
:10172000DFED1E7ADFED1E6A10EE103AB0EE677A3A
:10173000002BB8BFF0EE667A27EE870A7047DFED20
:10174000197A27EE800A7047D20DE5E71044FE288B
:10175000E6DC002806DD23F0FF4343EAC05300EE39
:10176000103A704710F1160F09DADFED0E7ADFED4F
:101770000E6A10EE103AB0EE677A002BD9E71930F6
:1017800023F0FF4343EAC0539FED080A07EE903A67
:10179000D7E700BFB03CFFFF0000004CCAF2497120
:1017A000CAF249F16042A20D6042A28D00000033EE
:1017B00010EE103AC3F3C7527F3A162A23F00041C5
:1017C0002BDC002A12DADFED197A30EE270AB5EEAB
:1017D000C00AF1EE10FA06DD002B24DA0029144BC2
:1017E00008BF4FF0004300EE103A70471149114115
:1017F0000B42FAD0DFED0D7A30EE270AB5EEC00AC3
:10180000F1EE10FAEFDD002BBEBF4FF4000040FAFE
:1018100002F29B1823EA0103E5E7B1F1FF4FE4D39D
:1018200030EE000A70470023DDE700BFCAF24971BD
:10183000000080BFFFFF7F00F8B500BFF8BC08BC08
:101840009E467047F8B500BFF8BC08BC9E4670477E
:101850002425730025732A253032580D0A00000014
:1018600024504149523036322C312C3000000000D7
:1018700024504149523036322C322C3000000000C6
:1018800024504149523036322C332C3000000000B5
:1018900024504149523036322C352C3000000000A3
:1018A00024253273524D432C2531305B5E2C5D2C48
:1018B00025632C2531345B5E2C5D2C25632C253172
:1018C000345B5E2C5D2C25632C256C662C256C66A8
:1018D0002C25365B5E2C5D2C2C2C25632C2563007F
:1018E00024252A32734747412C252A5B5E2C5D2C28
:1018F0002531345B5E2C5D2C25632C2531345B5EF9
:101900002C5D2C25632C25642C25642C256C662CE1
:10191000256C662C252A632C256C662C252A6300F1
:1019200047474100524D43004F4B2063616E206397
:10193000616C6C20746869732066756E6374696F7E
:101940006E00000049324320646576696365206655
:101950006F756E64206174203078253032580D0A1E
:10196000000000006D65615F7069746368203D2050
:10197000252E3366206465677265653B2000000094
:101980006D65615F796177203D20252E3366206487
:1019900065677265653B20006D65615F726F6C6C99
:1019A000203D20252E3366206465677265653B20E7
:1019B0000A000000416363652026204779726F208A
:1019C00077616B65207570200A000000636869709C
:1019D0006964203D2025640A000000004153413A1B
:1019E0002025642025642025640D0A0041646A3A9C
:1019F00020252E336620252E336620252E33660DB6
:101A00000A0000004D41472077616B65207570200A
:101A10000A000000493243207265616420657272D9
:101A20006F72210D0A000000416363655F58203D1D
:101A300020252E336620673B20000000416363654C
:101A40005F59203D20252E336620673B2000000093
:101A5000416363655F5A203D20252E336620672051
:101A60000A0000004779726F5F58203D20252E3311
:101A700066206465672F733B200000004779726F12
:101A80005F59203D20252E3366206465672F733B08
:101A9000200000004779726F5F5A203D20252E33C9
:101AA00066206465672F73200A0000004D61675F40
:101AB00058203D20252E33662075543B2000000021
:101AC0004D61675F59203D20252E33662075543BBC
:101AD000200000004D61675F5A203D20252E3366AF
:101AE0002075543B200A0000230A00003D3D3D20A4
:101AF0004B65657020494D55207374696C6C2E2EB2
:101B00002E2043616C6962726174696E6720677927
:101B1000726F202620616363656C2E2E2E203D3D62
:101B20003D0D0A004779726F202620416363656C82
:101B30002063616C6962726174696F6E20646F6E9C
:101B400065210D0A0000000041785F6F66663D2543
:101B50002E33662C2041795F6F66663D252E3366F5
:101B60002C20417A5F6F66663D252E33660D0A2C68
:101B70002047785F6F66663D252E33662C204779B7
:101B80005F6F6666253D252E33662C20477A5F6F92
:101B900066663D252E33660D0A0000004779726F98
:101BA000204E6F697365202831CF83293A204E7803
:101BB0003D252E36662C204E793D252E36662C206E
:101BC0004E7A3D252E36660D0A0000003D3D3D2033
:101BD000526F7461746520494D5520736C6F776C3A
:101BE0007920696E20616C6C206469726563746928
:101BF0006F6E7320286669677572652D3829203DE0
:101C00003D3D0D0A000000004D61676E65746F6D0B
:101C1000657465722063616C6962726174696F6E6C
:101C200020646F6E65210D0A000000004F66667328
:101C30006574733A0D0A0000204D785F6F66663D4B
:101C4000252E32662C204D795F6F66663D252E323B
:101C5000662C204D7A5F6F66663D252E32660D0A32
:101C6000000000003D3D3D3D3D3D3D3D3D3D3D3D98
:101C70003D3D3D3D3D3D3D3D3D3D3D3D3D3D3D3D94
:101C80003D3D3D3D3D3D3D3D3D3D3D3D3D3D3D3D84
:101C90003D0D0A004C6F635F6C6F6E3A20252E3548
:101CA000660000004C6F635F6C61743A20252E352E
:101CB000660000004C6F635F616C743A20252E3221
:101CC000660000004C6F635F617A693A20252E320E
:101CD000660000004C6F635F7069743A20252E32F5
:101CE000660000004C6F635F726F6C3A20252E32E5
:101CF000660000005461675F6C6F6E3A20252E35D8
:101D0000660000005461675F6C61743A20252E35CF
:101D1000660000005461675F616C743A20252E35BF
:101D2000660000005461675F6469733A20252E32B3
:101D30006600000051203D0A00000000252E356697
:101D4000200000000A00000070697463685F75700D
:101D500064617465203D20252E33662064656772BA
:101D600065653B20000000007961775F75706461F4
:101D70007465203D20252E33662064656772656595
:101D80003B200000726F6C6C5F757064617465203D
:101D90003D20252E3366206465677265653B200A09
:101DA00000000000230A0000000000000000000006
:101DB0000000000000000000000000000010001003
:101DC00000100010001000100000001000000000C3
:101DD000002800280028000000000000000000008B
:101DE0000000000000240024007C00240048007C47
:101DF000004800480000000000380054005000383F
:101E0000001400540054003800100000002000545A
:101E100000580030002800540014000800000000A2
:101E2000001000280028001000340048004800344A
:101E30000000000000100010001000000000000072
:101E4000000000000000000000080010002000203A
:101E500000200020002000200010000800200010BA
:101E60000008000800080008000800080010002012
:101E700000100038001000280000000000000000E2
:101E8000000000000000000000100010007C0010A6
:101E90000010000000000000000000000000000032
:101EA0000000000000000010001000100000000002
:101EB00000000000000000380000000000000000EA
:101EC0000000000000000000000000000000001002
:101ED00000000000000800080010001000100010B2
:101EE000002000200000000000380044004400549E
:101EF000004400440044003800000000001000309E
:101F00000050001000100010001000100000000031
:101F10000038004400440004000800100020007C49
:101F20000000000000380044000400180004000411
:101F300000440038000000000008001800280028B5
:101F40000048007C0008000800000000007C004001
:101F50000040007800040004004400380000000045
:101F60000038004400400078004400440044003839
:101F700000000000007C0004000800100010002099
:101F80000020002000000000003800440044003819
:101F900000440044004400380000000000380044C1
:101FA00000440044003C00040044003800000000ED
:101FB0000000000000100000000000000000001001
:101FC0000000000000000000000000100000000001
:101FD000000000100010001000000000000C003095
:101FE00000400030000C0000000000000000000075
:101FF0000000007C0000007C0000000000000000E9
:1020000000000000006000180004001800600000DC
:102010000000000000380044000400080010001018
:10202000000000100000000000380044004C005484
:10203000005C004000400038000000000010002854
:10204000002800280028007C004400440000000014
:1020500000780044004400780044004400440078C4
:1020600000000000003800440040004000400040F4
:1020700000440038000000000070004800440044A4
:10208000004400440048007000000000007C004054
:102090000040007C004000400040007C0000000048
:1020A000007C0040004000780040004000400040BC
:1020B000000000000038004400400040005C004484
:1020C0000044003800000000004400440044007C4C
:1020D00000440044004400440000000000380010A8
:1020E0000010001000100010001000380000000068
:1020F000000400040004000400040004004400384C
:1021000000000000004400480050006000500048FB
:102110000048004400000000004000400040004033
:10212000004000400040007C000000000044006CC3
:10213000006C0054004400440044004400000000CF
:1021400000440064006400540054004C004C0044FF
:1021500000000000003800440044004400440044F3
:1021600000440038000000000078004400440044AF
:1021700000780040004000400000000000380044AB
:1021800000440044004400440054003800040000AF
:1021900000780044004400440078004800480044AF
:1021A0000000000000380044004000300008000437
:1021B0000044003800000000007C001000100010F7
:1021C0000010001000100010000000000044004447
:1021D0000044004400440044004400380000000073
:1021E000004400440044002800280028001000108B
:1021F0000000000000440044005400540054006CEF
:1022000000280028000000000044002800280010DA
:102210000010002800280044000000000044004492
:10222000002800280010001000100010000000001E
:10223000007C000400080010001000200040007C1A
:102240000000000000180010001000100010001026
:1022500000100010001000180020002000100010D6
:1022600000100010000800080000000000300010FE
:1022700000100010001000100010001000100030BE
:1022800000100028002800440000000000000000AA
:10229000000000000000000000000000000000003E
:1022A00000000000000000FE002000100000000000
:1022B000000000000000000000000000000000001E
:1022C00000380044003C0044004C00340000000092
:1022D000004000400058006400440044006400587E
:1022E00000000000000000000038004400400040F2
:1022F0000044003800000000000400040034004CDA
:1023000000440044004C00340000000000000000C5
:1023100000380044007C0040004400380000000009
:10232000000C0010007C00100010001000100010C5
:1023300000000000000000000034004C0044004495
:10234000004C003400040078004000400058006455
:10235000004400440044004400000000001000005D
:1023600000700010001000100010001000000000AD
:10237000001000000070001000100010001000108D
:10238000001000E000400040004800500060005095
:102390000048004400000000007000100010001011
:1023A00000100010001000100000000000000000ED
:1023B0000078005400540054005400540000000001
:1023C0000000000000580064004400440044004441
:1023D00000000000000000000038004400440044F9
:1023E00000440038000000000000000000580064B5
:1023F0000044004400640058004000400000000019
:102400000034004C00440044004C0034000400043C
:102410000000000000580064004000400040004000
:1024200000000000000000000038004400300008F8
:102430000044003800000000002000200078002048
:102440000020002000200018000000000000000014
:102450000044004400440044004C003400000000EC
:10246000000000000044004400280028002800105C
:102470000000000000000000005400540054006CF4
:102480000028002800000000000000000044002890
:1024900000100010002800440000000000000000B0
:1024A00000440044002800280010001000100060C4
:1024B00000000000007C0008001000200040007CAC
:1024C0000000000000180010001000100020002084
:1024D0000010001000100018001000100010001074
:1024E000001000100010001000100010003000104C
:1024F000001000100008000800100010001000304C
:102500000000000000000074004C0000000000000B
:10251000000000000000000000000000000008C0F3
:10252000000000000000604000000000000000C04B
:1025300000000000000008C0000000000000504043
:10254000000000000000F0BF00000000000008C014
:10255000000000000000F0BF00000000000030405C
:102560000000000000000840000000000000F0BF74
:1025700000000000000000C000000000000020403B
:10258000000000000000F03F000000000000F0BF6D
:102590000000000000000040000000000000F03FCC
:1025A000000000000000F03F0000000000000840B4
:1025B000000000000000604000000000000000403B
:1025C0000000000000001440000000000000604017
:1025D000000000000000F0BF000000000000084004
:1025E0000000000000000840000000000000504013
:1025F000000000000000F0BF00000000000000002C
:10260000000000000000F03F00000000000020403B
:10261000000000000000F0BF000000000000F03FDC
:102620000000000000001040000000000000144006
:102630000000000000007040000000000000F03FBB
:1026400000000000000008400000000000006040A2
:1026500000000000000008C000000000000000C0F2
:102660000000000000000840000000000000504092
:10267000000000000000F03F00000000000008C063
:10268000000000000000004000000000000040408A
:102690000000000000001C4000000000000080401E
:1026A00000000000000024C00000000000002240E4
:1026B000000000000000784000000000000014400E
:1026C00000000000000022C00000000000001440D4
:1026D00000000000000068400000000000001C40F6
:1026E00000000000000080400000000000002CC03E
:1026F0000000000000001C400000000000008040BE
:102700000000000000003540000000000000A44070
:102710000000000000405840000000008053CD4001
:1027200000000000000091400000000000806340B5
:1027300000000000A0FEE5400000000000006CC0AA
:102740000000000000B0B2C00000000000949840FB
:1027500000000000A0FEE5400000000000D0C4C062
:102760000000000000A0CB400000000000E0B1C06D
:102770000000000000D08AC000000000A0FEE5407C
:102780000000000000005040000000000080834076
:102790000000000000E0B1C00000000000D0BA401E
:1027A000000000000076A7C0000000008053CD406C
:1027B00000000000000059400000000000006A40D6
:1027C0000000000000E081400000000000D0AA40AE
:1027D000000000000076C7C0000000008053DD400C
:1027E00000000000A0FEE540000000000000F03FF7
:1027F000000000008098C140000000000000A7C059
:102800000000000000407D4000000000F87E004114
:102810000000000000A0B640000000000040904012
:1028200000000000001C94C000000000F87E004181
:10283000000000000040B7400000000000C0C6C01B
:102840000000000000E0C14000000000001CA4C027
:1028500000000000F87E004100000000000050C0B1
:1028600000000000008083C00000000000E0B140D4
:102870000000000000D0BAC0000000000076A740B1
:1028800000000000F87E0041000000000000204031
:102890000000000080F2C4400000000000009D40E5
:1028A0000000000000408DC000000000487E0B4189
:1028B000000000000080C0C0000000000080B340A5
:1028C0000000000000E091C000000000487E0B41C5
:1028D00000000000008096C0000000000040B040F2
:1028E0000000000000E0B1C00000000000D09A40ED
:1028F00000000000487E0B4100000000000061C0A5
:1029000000000000E0CAEE4000000000000090401F
:102910000000000000006AC00000000010A9F9409B
:10292000000000000000AC40000000000000AAC051
:102930000000000000E0914000000000CC3E134188
:1029400000000000000060C000000000F87E0041B0
:10295000000000000000A4C00000000000008A4049
:102960000000000074BE184100000000000060403C
:1029700000000000B031F8400F0180961180FFB1D7
:1029800003012C2DB203012C2DB306012C2D012C9B
:102990002DB40107C003A20284C101C5C2020A000E
:1029A000C3028A2AC4028AEEC5010E2000360160E5
:1029B0003A010500022A040000007F2B04000000F9
:1029C0007F00000004E010021C07123732292D2975
:1029D000252B3900010310E110031D07062E2C29B9
:1029E0002D2E2E373F0000021013800A298064002C
:1029F00000000000000000000102030406070809AF
:102A00000000000001020304000610160006101664
:102A10002E00494E4600696E66004E414E006E61C2
:102A20006E00300030313233343536373839414278
:102A30004344454600303132333435363738396116
:102A400062636465660065256C64004300504F5303
:102A5000495800496E66696E697479004E614E008E
:102A60005245454E54206D616C6C6F6320737563E5
:102A7000636565646564002F6275696C642F676EB9
:102A8000752D746F6F6C732D666F722D73746D334B
:102A9000325F31332E332E72656C312E3230323448
:102AA000303932362D313731352F7372632F6E65E1
:102AB000776C69622F6E65776C69622F6C696263EF
:102AC0002F7374646C69622F64746F612E630042AB
:102AD000616C6C6F63207375636365656465640026
:102AE0002F6275696C642F676E752D746F6F6C73D0
:102AF0002D666F722D73746D33325F31332E332E2A
:102B000072656C312E32303234303932362D3137F5
:102B100031352F7372632F6E65776C69622F6E6526
:102B2000776C69622F6C6962632F7374646C69627D
:102B30002F6764746F612D6765746865782E630014
:102B40002F6275696C642F676E752D746F6F6C736F
:102B50002D666F722D73746D33325F31332E332EC9
:102B600072656C312E32303234303932362D313795
:102B700031352F7372632F6E65776C69622F6E65C6
:102B8000776C69622F6C6962632F7374646C69621D
:102B90002F6D707265632E6300232D302B2000682B
:102BA0006C4C00656667454647002C2066756E6371
:102BB00074696F6E3A2000617373657274696F6E29
:102BC0002022257322206661696C65643A2066695B
:102BD0006C6520222573222C206C696E652025648B
:102BE000257325730A00000034000000CEFBFFFFB0
:102BF000CB030000010000000000000035000000D1
:102C0000CEFBFFFFCB03000001000000000000002E
:102C1000BC89D897B2D29C3C33A7A8D523F64939B2
:102C20003DA7F444FD0FA5329D978CCF08BA5B25D4
:102C3000436FAC642806681100202020202020204B
:102C4000202028282828282020202020202020205C
:102C5000202020202020202020881010101010106C
:102C600010101010101010101004040404040404B8
:102C70000404041010101010101041414141414152
:102C80000101010101010101010101010101010134
:102C90000101010110101010101042424242424244
:102CA0000202020202020202020202020202020204
:102CB00002020202101010102000000000000000AC
:102CC0000000000000000000000000000000000004
:102CD00000000000000000000000000000000000F4
:102CE00000000000000000000000000000000000E4
:102CF00000000000000000000000000000000000D4
:102D000000000000000000000000000000000000C3
:102D100000000000000000000000000000000000B3
:102D200000000000000000000000000000000000A3
:102D3000000000000000000000000000050000008E
:102D4000190000007D0000000080E03779C3414396
:102D5000176E05B5B5B89346F5F93FE9034F384D01
:102D6000321D30F94877825A3CBF737FDD4F1575AD
:102D7000000000000000F03F0000000000002440C0
:102D800000000000000059400000000000408F409B
:102D9000000000000088C34000000000006AF84006
:102DA0000000000080842E4100000000D01263412A
:102DB0000000000084D797410000000065CDCD41A0
:102DC000000000205FA00242000000E87648374281
:102DD000000000A2941A6D42000040E59C30A2421F
:102DE0000000901EC4BCD64200003426F56B0C4394
:102DF0000080E03779C3414300A0D885573476433B
:102E000000C84E676DC1AB43003D9160E458E1439B
:102E1000408CB5781DAF154450EFE2D6E41A4B4410
:102E200092D54D06CFF08044F64AE1C7022DB54455
:102E3000B49DD9794378EA44E2652F227F2B7A3C0E
:102E4000075C143326A6813CBDCBF07A8807703C22
:102E5000075C143326A6913C4FBB610567ACDD3F90
:102E6000182D4454FB21E93F9BF681D20B73EF3FB1
:102E7000182D4454FB21F93F59F3F8C21F6EA501E8
:102E8000000000000000F03F00000080DB0F494020
:102E9000DB0F49C0DB0F49BFE4CB1640E4CB16C0C3
:102EA000000FC93F000F494000CB9640000FC940BA
:102EB0000053FB4000CB164100ED2F41000F49416C
:102EC0000031624100537B41003A8A4100CB964178
:102ED000005CA34100EDAF41007EBC41000FC94141
:102EE00000A0D5410031E24100C2EE410053FB4158
:102EF00000F20342003A0A420083104200CB16421D
:102F000000141D42005C234200A5294200ED2F421F
:102F100000363642007E3C4200C74242000F494222
:102F2000A2000000F9000000830000006E00000015
:102F30004E000000440000001500000029000000C1
:102F4000FC0000002700000057000000D100000036
:102F5000F500000034000000DD000000C0000000AB
:102F6000DB000000620000009500000099000000F6
:102F70003C00000043000000900000004100000001
:102F8000FE0000005100000063000000AB000000E4
:102F9000DE000000BB000000C50000006100000072
:102FA000B7000000240000006E0000003A0000009E
:102FB000420000004D000000D2000000E0000000D0
:102FC00006000000490000002E000000EA0000009A
:102FD00009000000D1000000920000001C00000069
:102FE000FE0000001D000000EB0000001C000000BF
:102FF000B100000029000000A70000003E00000012
:10300000E80000008200000035000000F50000002C
:103010002E000000BB0000004400000084000000FF
:10302000E90000009C000000700000002600000085
:10303000B40000005F0000007E00000041000000BE
:103040003900000091000000D600000039000000A7
:10305000830000005300000039000000F40000006D
:103060009C000000840000005F0000008B00000056
:10307000BD000000F9000000280000003B00000037
:103080001F000000F800000097000000FF00000093
:10309000DE00000005000000980000000F000000A6
:1030A000EF0000002F000000110000008B00000066
:1030B0005A0000000A0000006D0000001F00000020
:1030C0006D000000360000007E000000CF00000010
:1030D00027000000CB00000009000000B70000003E
:1030E0004F000000460000003F00000066000000A6
:1030F0009E0000005F000000EA0000002D000000BC
:103100007500000027000000BA000000C7000000A2
:10311000EB000000E5000000F10000007B00000073
:103120003D0000000700000039000000F70000002B
:103130008A0000005200000092000000EA00000037
:103140006B000000FB0000005F000000B100000009
:103150001F0000008D0000005D000000080000005E
:103160005600000003000000300000004600000090
:10317000FC0000007B0000006B000000AB000000C2
:10318000F0000000CF000000BC00000020000000A4
:103190009A000000F4000000360000001D0000004E
:1031A000A9000000E30000009100000061000000A1
:1031B0005E000000E60000001B00000008000000A8
:1031C0006500000099000000850000005F0000001D
:1031D00014000000A0000000680000004000000093
:1031E0008D000000FF000000D800000080000000FB
:1031F0004D000000730000002700000031000000B7
:103200000600000006000000150000005600000047
:10321000CA00000073000000A8000000C900000000
:1032200060000000E20000007B000000C000000021
:103230008C0000006B0000006937AC31682122333C
:10324000B40F14336821A2333863ED3EDA0F493FDF
:103250005E987B3FDA0FC93F0000C93F0000F0399C
:103260000000DA370000A2330000842E0000502B4B
:103270000000C2270000D0220000C41F0000C61BAF
:1032800000004417040000000700000009000000CF
:0832900050CFFE7F0100000099
:04329800C501000864
:04329C00A101000884
:1032A000070A0000A81D01080024F4001000000017
:1032B000010000000000000003000000E40F0020F7
:1032C00043000000000000000000000000000000BB
:1032D00000000000000000000000000000000000EE
:1032E000430000000000000000000000000000009B
:1032F00000000000000000000000000000000000CE
:10330000430000000000000000000000000000007A
:1033100000000000000000000000000000000000AD
:10332000430000000000000000000000000000005A
:10333000000000000000000000000000000000008D
:10334000430000000000000000000000000000003A
:10335000000000000000000000000000000000006D
:10336000430000000000000000000000000000001A
:10337000000000000000000000000000000000004D
:1033800043000000000000000000000000000000FA
:10339000000000000000000000000000000000002D
:1033A000A9F200082FE9000800000000382C0108ED
:1033B000102A0108E52B0108E52B0108E52B01087F
:1033C000E52B0108E52B0108E52B0108E52B010899
:1033D000E52B0108E52B0108FFFFFFFFFFFFFFFFC3
:1033E000FFFFFFFFFFFF0000010041534349490079
:1033F00000000000000000000000000000000000CD
:103400000000000000000000000041534349490053
:1034100000000000000000000000000000000000AC
:1034200000000000000000000000000090010020EB
:1034300000000000E40F00204C100020B410002019
:10344000000000000000000000000000000000007C
:10345000000000000000000000000000000000006C
:10346000000000000000000000000000000000005C
:0C34700000000000000000000000000050
:040000050800698501
:00000001FF
