:020000040800F2
:1000000000000220E5CC0008A5A00008ADA0000873
:10001000B5A00008BDA00008C5A0000800000000B1
:1000200000000000000000000000000081670108DF
:10003000CDA0000800000000D1690108396A01085C
:1000400035CD000835CD000835CD000835CD000888
:1000500035CD000835CD000835CD000835CD000878
:1000600035CD000835CD000835CD000835CD000868
:1000700035CD0008DDA0000835CD000835CD0008DD
:10008000F1A0000805A1000819A100080000000067
:1000900000000000000000000000000035CD000856
:1000A00035CD000835CD000835CD000835CD000828
:1000B00035CD000835CD00082DA1000835CD00084C
:1000C00035CD000835CD000835CD000841A1000828
:1000D00035CD000855A1000835CD0008000000000E
:1000E00035CD000835CD000835CD000800000000F2
:1000F00000000000000000000000000069A10008EE
:100100000000000035CD000835CD00087DA10008B5
:1001100000000000000000000000000000000000DF
:1001200091A1000835CD0008A5A1000835CD000833
:1001300035CD0008000000000000000000000000B5
:1001400000000000000000000000000035CD0008A5
:1001500035CD000835CD000835CD000835CD000877
:10016000B9A10008CDA100080000000000000000B7
:10017000000000000000000000000000000000007F
:100180000000000035CD0008000000000000000065
:0801900035CD000835CD000853
:1001A00010B5054C237833B9044B13B10448AFF3B1
:1001B00000800123237010BD900200200000000089
:1001C00078F7010808B5034B1BB103490348AFF3A7
:1001D000008008BD000000009402002078F70108AC
:1001E00001F0FF01102A2BDB10F0070F08D010F8E8
:1001F000013B013A8B422DD010F0070F42B3F6D1EC
:10020000F0B441EA012141EA014122F007047FF004
:1002100000070023F0E80256083C85EA010586EA5B
:10022000010685FA47F5A3FA87F586FA47F6A5FA97
:1002300087F68EB9EED1F0BC01F0FF0102F00702A3
:1002400032B110F8013B013A83EA010313B1F8D14E
:100250000020704701387047002D06BF354603382F
:10026000073815F0010F07D1013015F4807F02BF68
:10027000013015F4C03F0130F0BC0138704700BFB9
:10028000034613F8012B002AFBD1181A01387047D6
:1002900081F0004102E000BF83F0004330B54FEA37
:1002A00041044FEA430594EA050F08BF90EA020FA4
:1002B0001FBF54EA000C55EA020C7FEA645C7FEA37
:1002C000655C00F0E2804FEA5454D4EB5555B8BF5A
:1002D0006D420CDD2C4480EA020281EA030382EACB
:1002E000000083EA010180EA020281EA0303362D5D
:1002F00088BF30BD11F0004F4FEA01314FF4801C30
:100300004CEA113102D0404261EB410113F0004F41
:100310004FEA03334CEA133302D0524263EB4303F8
:1003200094EA050F00F0A780A4F10104D5F1200E96
:100330000DDB02FA0EFC22FA05F2801841F10001F1
:1003400003FA0EF2801843FA05F359410EE0A5F1C5
:1003500020050EF1200E012A03FA0EFC28BF4CF0F6
:10036000020C43FA05F3C01851EBE37101F00045AC
:1003700007D54FF0000EDCF1000C7EEB00006EEBB9
:100380000101B1F5801F1BD3B1F5001F0CD3490843
:100390005FEA30004FEA3C0C04F101044FEA44529A
:1003A00012F5800F80F09A80BCF1004F08BF5FEA21
:1003B000500C50F1000041EB045141EA050130BD01
:1003C0005FEA4C0C404141EB0101013C28BFB1F513
:1003D000801FE9D291F0000F04BF01460020B1FA5E
:1003E00081F308BF2033A3F10B03B3F120020CDA31
:1003F0000C3208DD02F1140CC2F10C0201FA0CF00F
:1004000021FA02F10CE002F11402D8BFC2F1200C73
:1004100001FA02F120FA0CFCDCBF41EA0C01904029
:10042000E41AA2BF01EB0451294330BD6FEA040472
:100430001F3C1CDA0C340EDC04F11404C4F120025D
:1004400020FA04F001FA02F340EA030021FA04F36F
:1004500045EA030130BDC4F10C04C4F1200220FAC6
:1004600002F001FA04F340EA0300294630BD21FA04
:1004700004F0294630BD94F0000F83F4801306BFCA
:1004800081F480110134013D4EE77FEA645C18BFBE
:100490007FEA655C29D094EA050F08BF90EA020F55
:1004A00005D054EA000C04BF1946104630BD91EA4D
:1004B000030F1EBF0021002030BD5FEA545C05D150
:1004C0004000494128BF41F0004130BD14F580048F
:1004D0003CBF01F5801130BD01F0004545F0FE4103
:1004E00041F470014FF0000030BD7FEA645C1ABF38
:1004F000194610467FEA655C1CBF0B46024650EA6F
:10050000013406BF52EA033591EA030F41F400219A
:1005100030BD00BF90F0000F04BF0021704730B520
:100520004FF4806404F132044FF000054FF00001F5
:1005300050E700BF90F0000F04BF0021704730B5B6
:100540004FF4806404F1320410F0004548BF40428B
:100550004FF000013EE700BF42004FEAE2014FEAE0
:1005600031014FEA02701FBF12F07F4393F07F4FBB
:1005700081F06051704732F07F4208BF704793F0BE
:100580007F4F04BF41F40021704730B54FF46074D1
:1005900001F0004521F000411CE700BF50EA0102D4
:1005A00008BF704730B54FF000050AE050EA01027D
:1005B00008BF704730B511F0004502D5404261EBED
:1005C00041014FF4806404F132045FEA915C3FF42E
:1005D000D8AE4FF003025FEADC0C18BF03325FEACB
:1005E000DC0C18BF033202EBDC02C2F1200300FA7C
:1005F00003FC20FA02F001FA03FE40EA0E0021FAA1
:1006000002F11444BDE600BF70B54FF0FF0C4CF48E
:10061000E06C1CEA11541DBF1CEA135594EA0C0F40
:1006200095EA0C0F00F0DEF82C4481EA030621EA7B
:100630004C5123EA4C5350EA013518BF52EA0335B6
:1006400041F4801143F4801338D0A0FB02CE4FF068
:100650000005E1FB02E506F00042E0FB03E54FF098
:100660000006E1FB03569CF0000F18BF4EF0010E90
:10067000A4F1FF04B6F5007F64F5407404D25FEA8C
:100680004E0E6D4146EB060642EAC62141EA55513F
:100690004FEAC52040EA5E504FEACE2EB4F1FD0C81
:1006A00088BFBCF5E06F1ED8BEF1004F08BF5FEAFF
:1006B000500E50F1000041EB045170BD06F00046B1
:1006C00046EA010140EA020081EA0301B4EB5C045E
:1006D000C2BFD4EB0C0541EA045170BD41F4801156
:1006E0004FF0000E013C00F3AB8014F1360FDEBF7B
:1006F000002001F0004170BDC4F10004203C35DA57
:100700000C341BDC04F11404C4F1200500FA05F3D9
:1007100020FA04F001FA05F240EA020001F000427A
:1007200021F0004110EBD37021FA04F642EB0601F0
:100730005EEA430E08BF20EAD37070BDC4F10C041A
:10074000C4F1200500FA04F320FA05F001FA04F2DE
:1007500040EA020001F0004110EBD37041F10001CA
:100760005EEA430E08BF20EAD37070BDC4F12005D5
:1007700000FA05F24EEA020E20FA04F301FA05F23D
:1007800043EA020321FA04F001F0004121FA04F2E5
:1007900020EA020000EBD3705EEA430E08BF20EAB5
:1007A000D37070BD94F0000F0FD101F000464000EF
:1007B00041EB010111F4801F08BF013CF7D041EA71
:1007C000060195F0000F18BF704703F00046520075
:1007D00043EB030313F4801F08BF013DF7D043EA46
:1007E0000603704794EA0C0F0CEA135518BF95EAFC
:1007F0000C0F0CD050EA410618BF52EA4306D1D183
:1008000081EA030101F000414FF0000070BD50EAA1
:10081000410606BF1046194652EA430619D094EA2B
:100820000C0F02D150EA013613D195EA0C0F05D115
:1008300052EA03361CBF104619460AD181EA030169
:1008400001F0004141F0FE4141F470014FF0000021
:1008500070BD41F0FE4141F4780170BD70B54FF0BC
:10086000FF0C4CF4E06C1CEA11541DBF1CEA13553C
:1008700094EA0C0F95EA0C0F00F0A7F8A4EB05041E
:1008800081EA030E52EA03354FEA013100F0888015
:100890004FEA03334FF0805545EA131343EA1263DE
:1008A0004FEA022245EA111545EA10654FEA002693
:1008B0000EF000419D4208BF964244F1FD0404F54C
:1008C000407402D25B084FEA3202B61A65EB0305A8
:1008D0005B084FEA32024FF480104FF4002CB6EB65
:1008E000020E75EB030E22BFB61A754640EA0C00E5
:1008F0005B084FEA3202B6EB020E75EB030E22BF25
:10090000B61A754640EA5C005B084FEA3202B6EB65
:10091000020E75EB030E22BFB61A754640EA9C0024
:100920005B084FEA3202B6EB020E75EB030E22BFF4
:10093000B61A754640EADC0055EA060E18D04FEAB2
:10094000051545EA16754FEA06164FEAC30343EA52
:1009500052734FEAC2025FEA1C1CC0D111F4801F1F
:100960000BD141EA00014FF000004FF0004CB6E718
:1009700011F4801F04BF01430020B4F1FD0C88BFB7
:10098000BCF5E06F3FF6AFAEB5EB030C04BFB6EBC2
:10099000020C5FEA500C50F1000041EB045170BDB5
:1009A0000EF0004E4EEA113114EB5C04C2BFD4EBE2
:1009B0000C0541EA045170BD41F480114FF0000E66
:1009C000013C90E645EA060E8DE60CEA135594EAE2
:1009D0000C0F08BF95EA0C0F3FF43BAF94EA0C0FE5
:1009E0000AD150EA01347FF434AF95EA0C0F7FF45A
:1009F00025AF104619462CE795EA0C0F06D152EAAE
:100A000003353FF4FDAE1046194622E750EA410691
:100A100018BF52EA43067FF4C5AE50EA41047FF4A2
:100A20000DAF52EA43057FF4EBAE12E74FF0FF3C07
:100A300006E000BF4FF0010C02E000BF4FF0010CD8
:100A40004DF804CD4FEA410C7FEA6C5C4FEA430C51
:100A500018BF7FEA6C5C1BD001B050EA410C0CBFA0
:100A600052EA430C91EA030F02BF90EA020F002002
:100A7000704710F1000F91EA030F58BF994208BF69
:100A800090422CBFD8176FEAE37040F00100704726
:100A90004FEA410C7FEA6C5C02D150EA013C07D17D
:100AA0004FEA430C7FEA6C5CD6D152EA033CD3D0C8
:100AB0005DF8040B704700BF8446104662468C46C2
:100AC0001946634600E000BF01B5FFF7B7FF0028F5
:100AD00048BF10F1000F01BD4DF808EDFFF7F4FF1E
:100AE0000CBF012000205DF808FB00BF4DF808EDA9
:100AF000FFF7EAFF34BF012000205DF808FB00BFCC
:100B00004DF808EDFFF7E0FF94BF012000205DF8ED
:100B100008FB00BF4DF808EDFFF7CEFF94BF0120A2
:100B200000205DF808FB00BF4DF808EDFFF7C4FF9B
:100B300034BF012000205DF808FB00BF4FEA410CE4
:100B40007FEA6C5C02D150EA013C0AD14FEA430CC7
:100B50007FEA6C5C02D152EA033C02D14FF0000004
:100B600070474FF0010070474FEA410212F5001242
:100B700015D211D56FF47873B3EB625212D94FEAE4
:100B8000C12343F0004343EA505311F0004F23FACE
:100B900002F018BF404270474FF00000704750EA23
:100BA000013005D111F0004008BF6FF000407047E0
:100BB0004FF00000704700BF4A0011D212F500123A
:100BC00011D20DD56FF47873B3EB62520ED44FEAA5
:100BD000C12343F0004343EA505323FA02F0704725
:100BE0004FF00000704750EA013002D14FF0FF3063
:100BF00070474FF0000070474FEA4102B2F1E04306
:100C000024BFB3F5001CDCF1FE5C0DD901F0004CF3
:100C10004FEAC0024CEA5070B2F1004F40EB830043
:100C200008BF20F00100704711F0804F21D113F16F
:100C30003872BCBF01F00040704741F480114FEAA8
:100C40005252C2F11802C2F1200C10FA0CF320FA31
:100C500002F018BF40F001004FEAC1234FEAD3234E
:100C600003FA0CFC40EA0C0023FA02F34FEA4303B8
:100C7000CCE77FEA625307D150EA01331EBF4FF041
:100C8000FE4040F44000704701F0004040F0FE405C
:100C900040F40000704700BF80F0004002E000BF59
:100CA00081F0004142001FBF5FEA410392EA030F57
:100CB0007FEA226C7FEA236C6AD04FEA1262D2EBA1
:100CC0001363C1BFD218414048404140B8BF5B42A6
:100CD000192B88BF704710F0004F40F4000020F03F
:100CE0007F4018BF404211F0004F41F4000121F055
:100CF0007F4118BF494292EA030F3FD0A2F101029F
:100D000041FA03FC10EB0C00C3F1200301FA03F1DC
:100D100000F0004302D5494260EB4000B0F5000FFF
:100D200013D3B0F1807F06D340084FEA310102F1BE
:100D30000102FE2A51D2B1F1004F40EBC25008BF70
:100D400020F0010040EA03007047490040EB00003A
:100D5000013A28BFB0F5000FEDD2B0FA80FCACF13B
:100D6000080CB2EB0C0200FA0CF0AABF00EBC25068
:100D700052421843BCBFD0401843704792F0000F56
:100D800081F4000106BF80F400000132013BB5E7A9
:100D90004FEA41037FEA226C18BF7FEA236C21D01F
:100DA00092EA030F04D092F0000F08BF0846704784
:100DB00090EA010F1CBF0020704712F07F4F04D152
:100DC000400028BF40F00040704712F100723CBF65
:100DD00000F50000704700F0004343F0FE4040F48F
:100DE000000070477FEA226216BF08467FEA23634D
:100DF0000146420206BF5FEA412390EA010F40F438
:100E0000800070474FF0000304E000BF10F0004383
:100E100048BF40425FEA000C08BF704743F096436A
:100E200001464FF000001CE050EA010208BF704785
:100E30004FF000030AE000BF50EA010208BF70470C
:100E400011F0004302D5404261EB41015FEA010C21
:100E500002BF84460146002043F0B64308BFA3F119
:100E60008053A3F50003BCFA8CF2083AA3EBC253FB
:100E700010DB01FA02FC634400FA02FCC2F120021A
:100E8000BCF1004F20FA02F243EB020008BF20F051
:100E90000100704702F1200201FA02FCC2F12002B7
:100EA00050EA4C0021FA02F243EB020008BF20EAAC
:100EB000DC7070477BB972B90029BEBF00204FF0CB
:100EC000004106E008BF00281CBF6FF000414FF052
:100ED000FF3000F009BAADF1080C6DE904CE00292D
:100EE00009DB002B1ADB00F083F8DDF804E0DDE914
:100EF000022304B07047404261EB4101002B1BDB31
:100F000000F076F8DDF804E0DDE9022304B04042A9
:100F100061EB4101524263EB43037047524263EB82
:100F2000430300F065F8DDF804E0DDE9022304B0D6
:100F3000404261EB41017047524263EB430300F0D2
:100F400057F8DDF804E0DDE9022304B0524263EB18
:100F50004303704753B94AB9002908BF00281CBF92
:100F60004FF0FF314FF0FF3000F0BEB9ADF1080C8B
:100F70006DE904CE00F03CF8DDF804E0DDE9022381
:100F800004B0704738B50022002304460D46FFF731
:100F9000ADFD28B920462946BDE8384000F00AB822
:100FA000204605F1004100F005F8404261EB4101A7
:100FB00038BD00BFD0B50C4B002206460F46FFF7E8
:100FC00023FBFFF7F9FD0446FFF7A4FA074B0022C5
:100FD000FFF71AFB02460B4630463946FFF75CF92D
:100FE000FFF7EAFD2146D0BD0000F03D0000F041D2
:100FF0002DE9F047089D8E4604468846002B4AD1CD
:101000008A42174662D9B2FA82F64EB1C6F120037F
:1010100001FA06F820FA03F3B74043EA0808B4409F
:101020004FEA174E1FFA87FCB8FBFEF1230C0EFBAC
:10103000118843EA084301FB0CF29A4209D9FB18D4
:1010400001F1FF3080F0EA809A4240F2E7800239F5
:101050003B449A1AA3B2B2FBFEF00EFB102243EA05
:10106000024300FB0CFC9C4509D9FB1800F1FF3240
:1010700080F0D6809C4540F2D3803B44023840EA61
:101080000140A3EB0C0300211DB1F3400022C5E990
:101090000032BDE8F0878B4205D90DB1C5E90001EA
:1010A00000210846F5E7B3FA83F1002946D17345DC
:1010B00002D3824200F20581841A6EEB0302012002
:1010C0009046002DE5D0C5E90048E2E7002A00F08F
:1010D0009080B2FA82F6002E40F0A4808A1A030CA7
:1010E0004FEA174E80B2BCB20121B2FBFEFC0EFBF0
:1010F0001C2243EA024304FB0CF29A4207D9FB1874
:101100000CF1FF3802D29A4200F2E080C4469B1AEA
:10111000B3FBFEF20EFB123340EA034302FB04F47E
:101120009C4207D9FB1802F1FF3002D29C4200F228
:10113000CA8002461B1B42EA0C40A5E7C1F120060B
:101140008B4022FA06F71F430EFA01F420FA06F349
:101150002EFA06FE4FEA1749234300FA01F81FFA58
:1011600087FCBEFBF9F01C0C09FB10EE44EA0E44B0
:1011700000FB0CFEA64502FA01F209D93C1900F168
:10118000FF3A80F09C80A64540F2998002383C44AA
:10119000A4EB0E041FFA83FEB4FBF9F309FB13441E
:1011A0004EEA044403FB0CFCA44508D93C1903F1A6
:1011B000FF3E80F08280A4457FD9023B3C4443EA55
:1011C0000040A4EB0C04A0FB02EC64457346E1462E
:1011D00062D35FD05DB1B8EB030264EB090404FA9B
:1011E00006F622FA01F31E43CC40C5E90064002153
:1011F0004FE7B1FBF2FC010C41EA0E4180B240EA3C
:1012000001423B4638463C46B846BE462026B1FB26
:10121000F7F1A2EB080241EA0C4166E7014618E744
:1012200010462CE7C6F120022EFA02F3B740B14077
:1012300020FA02F24FEA174E0A43B3FBFEF8BCB2A3
:101240000EFB1833110C41EA034108FB04F9B040CE
:1012500089454FEA104380B23ED9791808F1FF3C26
:1012600001D289451FD8A1EB0901B1FBFEF909FBA9
:1012700004F80EFB191192B242EA0142424529D20A
:10128000BA1809F1FF31C4D24245C2D2A9F1020114
:101290003A44BEE7F0459DD2BEEB02036CEB070C6F
:1012A0000138E14696E7A7EB09094944A8F1020C89
:1012B000B1FBFEF909FB04F8DBE773467FE7504614
:1012C00066E70846FDE63B44023A33E7ACF1020C20
:1012D0003B441CE749469CE7A1EB0901C446B1FB2E
:1012E000FEF909FB04F8C4E7704700BFB0B58EB043
:1012F00000AFF860B9603B601346FB80FB6C3B625B
:10130000BB683B61FB88BB823B68BB61B7F8483078
:10131000BB8340F2B113FB62072387F83030072309
:1013200087F83130012387F83230FF2387F83630D1
:10133000642387F837300823BB86012013F06DFC47
:1013400003467B62FB681D4607F110040FCC0FC5F6
:101350000FCC0FC594E8030085E80300F868383720
:10136000BD46B0BD80B582B000AF78607B6898683C
:101370007B689B89002219460DF066F8142013F053
:101380005AF97B6898687B689B89012219460DF0A1
:101390005BF80A2013F04FF900BF0837BD4680BD47
:1013A00080B483B000AF78607B68002B01D100234C
:1013B00000E0012318460C37BD465DF8047B7047FA
:1013C00080B584B000AF78600B46FB70FB7803F00B
:1013D0007F03DBB2BB737B685B696421184613F043
:1013E000E1FD0346012B28D17B6818687B689B8848
:1013F000002219460DF028F87B68186907F10E01E4
:101400004FF4FA63012210F04CFC7B68186907F175
:101410000F014FF4FA63012210F087FD7B68186812
:101420007B689B88012219460DF00EF87B6858698D
:1014300000230022002113F023FCFB7B1846103709
:10144000BD4680BD80B584B000AF78600B46FB70B0
:101450001346BB70FB7863F07F03DBB23B73BB7852
:101460007B737B685B696421184613F09BFD034620
:10147000012B1FD17B6818687B689B880022194666
:101480000CF0E2FF7B68186907F10C014FF4FA6376
:10149000022210F006FC7B6818687B689B8801229A
:1014A00019460CF0D1FF7B68586900230022002107
:1014B00013F0E6FB00BF1037BD4680BD80B586B097
:1014C00000AFF8607A601A460B46FB721346BB7297
:1014D000FB7A63F07F03DBB2FB75FB685B69642119
:1014E000184613F05FFD0346012B28D1FB681868EE
:1014F000FB689B88002219460CF0A6FFFB68186960
:1015000007F117014FF4FA63012210F0CAFBFB68E0
:101510001869BB7A9AB24FF4FA63796810F0C1FB8C
:10152000FB681868FB689B88012219460CF08CFF49
:10153000FB68586900230022002113F0A1FB00BFC3
:101540001837BD4680BD80B584B000AF7860396083
:1015500001217868FFF734FF0346BB73BB7BFB7345
:101560003B68002B07D1BB7B23F00703FB737B6831
:1015700000229A6169E03B68012B0CD197F90E308B
:1015800023F007035BB243F001035BB2FB737B689C
:1015900001229A6159E03B68022B0CD197F90E3079
:1015A00023F007035BB243F002035BB2FB737B687B
:1015B00002229A6149E03B68032B0CD197F90E3067
:1015C00023F007035BB243F003035BB2FB737B685A
:1015D00003229A6139E03B68042B0CD197F90E3055
:1015E00023F007035BB243F004035BB2FB737B6839
:1015F00004229A6129E03B68052B0CD197F90E3043
:1016000023F007035BB243F005035BB2FB737B6817
:1016100005229A6119E03B68062B0CD197F90E3030
:1016200023F007035BB243F006035BB2FB737B68F6
:1016300006229A6109E03B68072B0DD1BB7B43F082
:101640000703FB737B6807229A61FB7B1A46012123
:101650007868FFF7F7FE00E000BF1037BD4680BD99
:1016600080B584B000AF78600B46FB7026217868A7
:10167000FFF7A6FE0346BB73FB78002B04D0BB7BB1
:1016800043F00803FB7303E0BB7B23F00803FB7309
:10169000FB7B1A4626217868FFF7D4FE0A200BF060
:1016A0008DFB00BF1037BD4680BD000080B596B0F1
:1016B00000AF7860174A07F1080311465022184618
:1016C00017F0D3FC7B6893F820301A46012393402F
:1016D0001846FEF72FFF7B6893F82130DB00583364
:1016E0003B44503BD3E90023FFF7B8F802460B46D2
:1016F00010461946FFF738FA0346102BCCBF0123DA
:101700000023DBB219467868FFF7AAFF00BF5837FD
:10171000BD4680BD90F7010880B584B000AF786009
:1017200039603B68DB045B11FB60FB681B0CFB72E0
:10173000FB7A1A4606217868FFF784FE05200BF035
:101740003DFBFB681B0AFB72FB7A1A46072178688F
:10175000FFF778FE05200BF031FBFB68FB72FB7A8C
:101760001A4608217868FFF76DFE05200BF026FB6E
:1017700000BF1037BD4680BD80B584B000AF786033
:1017800039603B680C2B01DD0C233B603B68062B6A
:1017900001DC07233B601E217868FFF711FE03463A
:1017A000FB730A200BF00AFB3B68DBB21B01DAB2C9
:1017B000FB7B03F00F03DBB21344BB73BB7B1A4606
:1017C0001E217868FFF73EFE0A200BF0F7FA7868D2
:1017D000FFF76CFF00BF1037BD4680BD80B582B0FB
:1017E00000AF78600B46FB70FB781A4609217868D9
:1017F000FFF728FE0A200BF0E1FA00BF0837BD46CC
:1018000080BD000080B584B000AF78600B46FB70EF
:101810000023FB73FB782C2B01D82D23FB70FB7866
:10182000F02B01D9F023FB70FB78782B09D8FB78DB
:101830002D3B124A82FB03125210DB17D31AFB73A3
:101840000BE0FB78F02B08D8FB781E330B4A82FBA9
:1018500003129210DB17D31AFB73FB7B2033FB734D
:10186000FB7B1A460B217868FFF7ECFD0A200BF092
:10187000A5FA00BF1037BD4680BD00BF676666662B
:1018800080B584B000AF78601E217868FFF798FDBE
:101890000346FB73FB7B43F00703BB73BB7B1A461A
:1018A0001E217868FFF7CEFD0A200BF087FA00BFF3
:1018B0001037BD4680BD80B582B000AF78600B4662
:1018C000FB70FB781A4639217868FFF7BBFD0A20C8
:1018D0000BF074FA00BF0837BD4680BD80B588B0F4
:1018E00000AFF860B96011461A460B46FB7113460B
:1018F000BB80FB689B69FB610121F868FFF723FE51
:101900000E21F868FFF75CFD0346FB76FB7E1A4666
:101910000D21F868FFF796FDFB791A462221F86839
:10192000FFF790FDFB79BA680021F868FFF7C6FD64
:101930000321F868FFF707FE14F0EAF87861BB8826
:101940004FF47A7202FB03F3184AA2FB03239B09AC
:101950003B611221F868FFF733FD0346FB76FB7EFF
:1019600003F00803002B0AD0FF221221F868FFF7CA
:1019700069FDF969F868FFF7E6FD002311E014F04E
:10198000C7F802467B69D31A3A699A4205D2F969C7
:10199000F868FFF7D8FD012303E0012013F06CFF86
:1019A000D7E718462037BD4680BD00BFD34D621033
:1019B00080B584B000AF78607868FFF7F1FC03462B
:1019C000002B00F0968000217868FFF7BCFD0A200C
:1019D0000BF0F4F901217868FFF7F2FC0346FB7382
:1019E0000A200BF0EBF9FB7B63F07F03BB73BB7B3F
:1019F0001A4601217868FFF725FD64200BF0DEF917
:101A00007B68DB6919467868FFF786FE7B6893F888
:101A1000263019467868FFF7E1FE7B6893F8273097
:101A200019467868FFF7EEFE23220C217868FFF74D
:101A300009FD7868FFF724FF7B6893F8203019468A
:101A40007868FFF799FEFF221F217868FFF7FAFCFC
:101A50000023BB737B6893F821301B01DAB27B68EB
:101A600093F822305B00DBB21344BB73BB7B1A4696
:101A70001D217868FFF7E6FC7868FFF717FE7B68A2
:101A80009B8C1B0A9BB2DBB21A4620217868FFF7B9
:101A9000D9FC7B689B8CDBB21A4621217868FFF762
:101AA000D1FC40217868FFF78BFC0346FB73FB7B7E
:101AB00043F03F03BB73BB7B1A4640217868FFF7B6
:101AC000C1FC01217868FFF73EFD7B6801229A6125
:101AD0000A200BF073F942217868FFF771FC034686
:101AE000FB73FB7B122B01D1C82304E04FF4CA73B4
:101AF00001E040F2F71318461037BD4680BD0000E4
:101B000080B500AF064B00221A60064B00221A7007
:101B1000054B00221A7005480BF0B8F900BF80BDD4
:101B2000AC020020B0020020B1020020000F002013
:101B300080B584B000AF78607B681A68134B1B686F
:101B40009A421FD178680BF098FBF860104B1A6826
:101B5000FB6813440E4A13600E4B1B78DBB2013353
:101B6000DAB20C4B1A700B4B1B78DBB2182B03D874
:101B700006480BF08BF905E0074B01221A707868D4
:101B80000BF038FA00BF1037BD4680BD000F0020B3
:101B9000AC020020B0020020B102002080B582B06B
:101BA00000AF4A4B1B78DBB2002B00F08A80484B19
:101BB0001B6807EE903AB8EE677AF3EE096AC7EE53
:101BC000267AC7ED017AD7ED017A9FED427A27EEAA
:101BD000877ADFED416AC7EE267AC7ED007A38686A
:101BE000FEF7BAFC02460B463C4807F047F9D7ED32
:101BF000007A9FED3B7A67EE877A3A4BC3ED007A25
:101C0000384B1B681846FEF7A7FC02460B463648C1
:101C100007F034F9334BD3ED007A9FED347AF4EECC
:101C2000C77AF1EE10FA03DD2E4B314A1A600CE050
:101C30002C4BD3ED007AB0EE087AF4EEC77AF1EED1
:101C400010FA02D5274B2B4A1A602B4B1B78002B1E
:101C50000AD0244B1B68294A1360274B1B78013B91
:101C6000DAB2254B1A7016E09FED257A1D4BD3EDA5
:101C7000007A27EE277ADFED227AF7EE006A76EE19
:101C8000E76A1E4BD3ED007A66EEA77A77EE277AE5
:101C90001A4BC3ED007A194B1B681846FEF75CFC23
:101CA00002460B46174807F0E9F8094B00221A6074
:101CB000154B00221A70054B00221A7013480BF0C6
:101CC000E5F800BF0837BD4680BD00BFB102002067
:101CD000AC020020CDCC4C4000F07F45E0F701087D
:101CE00096C0A63FB402002008F801086666864048
:101CF000666686400000404000000020B8020020D8
:101D0000CDCCCC3D34F80108B0020020000F0020FB
:101D100080B582B000AF00237B607AE0414A7B68E7
:101D200052F8232040497B6841F823203F4A7B68D2
:101D300052F823203B497B6841F823203C4A7B68CA
:101D400052F823203B497B6831F81330194610467E
:101D50000CF062FB03461946344A7B6842F82310B4
:101D6000304A7B6852F8232030497B6851F8233091
:101D70009A424BD12B4A7B6852F823202A497B6830
:101D800051F823309A4241D1274A7B6852F82320E8
:101D900029497B6851F823309A4218D0224A7B683F
:101DA00052F8232024497B6841F82320224A7B688B
:101DB00052F82330002B29D1204A7B68C82142F8F1
:101DC00023101F4A7B68012142F823101EE01B4AA2
:101DD0007B6852F823305A1E18497B6841F823204B
:101DE000164A7B6852F82330002B0FD1134A7B68C8
:101DF000C82142F82310104A7B6852F82330002B88
:101E000004D1104A7B68012142F823107B6801331A
:101E10007B6001227B68934280DB00BF00BF0837F4
:101E2000BD4680BD380000204C000020240000206A
:101E30000400002018000020600000207400002032
:101E4000D0020020BC02002080B485B000AFF86052
:101E5000B9607A60FB68074A1A60BB68064A1A6074
:101E60007B6880221A6000BF1437BD465DF8047B92
:101E7000704700BFE40200208403002080B582B0D8
:101E800000AF87ED000BD7E90023D7E90001FEF78B
:101E9000BBFB02460B4643EC172BB0EE470AF0EEB5
:101EA000670A0837BD4680BD80B586B000AFF860D0
:101EB000B96087ED000BFB68002B06DBBB6803F104
:101EC0000802BA60D3E9002303E04FF000024FF0AC
:101ED0000003C7E9042315E0D7E90023D7E904018B
:101EE000FEF792FB02460B4610461946BB6803F10B
:101EF0000802BA60D3E90023FEF7D0F902460B4688
:101F0000C7E90423FB68013BFB60FB68002BE3DAB5
:101F1000D7E9042343EC172BB0EE470AF0EE670A2B
:101F20001837BD4680BD80B485B000AF7860396099
:101F30007B68D3E90023C7E902233B68D3E9002388
:101F40007968C1E900233968D7E90223C1E9002390
:101F500000BF1437BD465DF8047B704780B584B080
:101F600000AF786039607B6893ED007B3B6893ED50
:101F7000006BB0EE461AF0EE661AB0EE470AF0EECD
:101F8000670A1AF081F887ED020B7B68D3E900013C
:101F9000D7E90223FEF762FC02460B467968C1E9E5
:101FA00000233B68D3E90001D7E90223FEF756FC82
:101FB00002460B463968C1E9002300BF1037BD4611
:101FC00080BD000000000000B0B584B000AF87ED18
:101FD000000B9FED151B97ED000B1AF089F887EDAC
:101FE000020BBC68FB6823F000454FF00002124B67
:101FF00020462946FEF770FD0346002B0AD097EDD8
:10200000001B9FED0B0B17F04DF8B0EE407AF0EE91
:10201000607A01E097ED027BB0EE470AF0EE670AC6
:102020001037BD46B0BD00BF000000000080764004
:1020300000000000008066400080664080B582B0ED
:1020400000AF87ED000B38687B6823F000414FF04C
:1020500000020A4BFEF768FD0346002B03D0084B35
:10206000D3E9002301E0D7E9002343EC172BB0EEBE
:10207000470AF0EE670A0837BD4680BD008056402B
:102080009005002080B588B000AF87ED000B4FF0C1
:1020900000002049C7E906013A68796821F0004349
:1020A000C7E90423D7E90423D7E90601FEF7F4F8CA
:1020B00002460B46C7E90223D7E902014FF00002AE
:1020C0004FF00003FEF730FD0346002B08D0D7E9A0
:1020D0000223D7E90601FEF7DFF802460B4601E0CE
:1020E000D7E90423C7E9042397ED047B97ED001B90
:1020F000B0EE470AF0EE670A16F0D4FFB0EE407A71
:10210000F0EE607AB0EE470AF0EE670A2037BD467F
:1021100080BD00BF0000B03FB0B592B000AF87ED0A
:10212000080BF861B9610023FB6207F12C03184624
:102130009FED4D1B97ED080B1AF0D6FB87ED100BAA
:102140004B4BD3E90023D7E91001FEF75DFA0246B5
:102150000B46C7E9102397ED100B1AF015FA87ED1F
:102160000E0B97ED100B1AF0B3F987ED0C0BFB6A11
:1021700003F00303022B22D0022B37D8002B02D00E
:10218000012B0BD032E0F969D7E90E23C1E9002316
:10219000B969D7E90C23C1E9002334E0F969D7E92B
:1021A0000C23C1E90023BB6B3B61FB6B83F0004355
:1021B0007B61BB6997ED047B83ED007B23E0BB6B08
:1021C000BB60FB6B83F00043FB60FB6997ED027B18
:1021D00083ED007B3B6B3B607B6B83F000437B605C
:1021E000BB6997ED007B83ED007B0CE03C6B7B6B68
:1021F00083F00045FB69C3E90045B969D7E90E23BF
:10220000C1E9002300BFBB69D3E900014FF0000220
:102210004FF00003FEF742F802460B46B969C1E9E8
:102220000023FB69D3E900014FF000024FF00003E7
:10223000FEF752FC0346002B00D111E0FB6993ED41
:10224000007B97ED081BB0EE470AF0EE670A16F028
:1022500029FFB0EE407AF0EE607AFB6983ED007BF7
:1022600000BF4837BD46B0BD0000000000805640AA
:1022700088050020000000002DE9B04388B000AFC1
:1022800087ED020B87ED001B0023FB61D7E90223DA
:10229000104623F00041D7E90023904623F000497F
:1022A00042464B46FEF740FC0346002B08D007F1A0
:1022B00008023B4611461846FFF735FE0223FB6134
:1022C000D7E9002303F00043002B09D0D7E900230E
:1022D000144683F00045C7E90045FB690133FB6103
:1022E00097ED027B97ED006BB0EE461AF0EE661AA2
:1022F000B0EE470AF0EE670A19F0C4FE51EC100B7D
:10230000294BD3E90023FEF7A9FA02460B46C7E999
:102310000423FB69032B2AD0FB69032B33DCFB6905
:10232000012B03D0FB69022B15D02CE097ED027B2B
:10233000B0EE471AF0EE671A9FED190B16F0B2FED9
:1023400051EC100BD7E90423FDF7A6FF02460B461C
:10235000C7E9042318E0D7E904234FF0000013492C
:10236000FDF79AFF02460B46C7E904230CE04FF045
:1023700000020E4BD7E90401FDF78EFF02460B4623
:10238000C7E9042300E000BFD7E9042343EC172B7F
:10239000B0EE470AF0EE670A2037BD46BDE8B083CD
:1023A0000000000000806640880500200080564044
:1023B0002DE9B0432DED028B98B000AF78633963FF
:1023C00087ED0A0B87ED081B87ED062B87ED043B95
:1023D00087ED024B7A603B6BD3E90023796BC1E94F
:1023E00006233B6BD3E90223796BC1E908233B6BDE
:1023F000D3E90C23796BC1E912233B6BD3E90E239C
:10240000796BC1E914233B6BD3E90423796BC1E9F0
:1024100016237B68002B05D07B6843F4024343F00E
:10242000800301E048F68B337A6BC2F8F83197ED00
:102430000A0BFFF703FEB0EE407AF0EE607A7B6B9A
:1024400083ED007B796BD7E90823C1E90223796B1F
:10245000D7E90623C1E90423796BD7E90423C1E94D
:102460000A23796BD7E90223C1E90C237B6B93ED37
:10247000007BB0EE470AF0EE670AFFF703FEB0EE0E
:10248000407AF0EE607A07F1400207F13803114616
:102490001846B0EE470AF0EE670AFFF73DFE7B6B89
:1024A000D3E91601D7E90E23FEF7AEF802460B4634
:1024B000C7E90E2307F1400207F138031146184619
:1024C000FFF74CFD4E4B93ED007B97ED106BB0EE9C
:1024D000461AF0EE661AB0EE470AF0EE670A1AF0F6
:1024E000B4F9B0EE407AF0EE607A87ED107B3B6B8A
:1024F000D3E9088997ED0E7BB0EE470AF0EE670A44
:10250000FFF7BCFC53EC102B40464946FEF77CF825
:1025100002460B46104619464FF00002394BFDF7B4
:10252000BDFE02460B4643EC172BB0EE470AF0EE19
:10253000670A19F009FEB0EE407AF0EE607A7B6B24
:1025400083ED227B7B6BD3E90A01D7E91023FEF7E9
:102550005BF802460B46796BC1E918237B6B93ED60
:102560000C8B7B6BD3E90A01D7E90E23FEF74CF8FD
:1025700002460B4643EC172BB0EE471AF0EE671AF3
:10258000B0EE480AF0EE680A19F07EFDB0EE407A2F
:10259000F0EE607A7B6B83ED1A7BD7E90E23796BC3
:1025A000C1E91E237B6BD3E91801D7E90E23FEF79F
:1025B0002BF802460B46796BC1E92823D7E90E01B7
:1025C0004FF000024FF00003FEF786FA0346002B9F
:1025D0000BD07B6BD3E90C014FF000024FF00003EE
:1025E000FEF77AFA0346002B0ED17B6BD3E90C0180
:1025F000D7E91023FEF708F802460B4607E000BFB4
:10260000980500200000F03F4FF00002BC4B796BB2
:10261000C1E92A237B6BD3E92A23796BC1E9202303
:102620007B6B03F178027B6B803319461046FFF712
:1026300095FC7B6B93ED1A7BB0EE470AF0EE670AD0
:10264000FFF71CFC51EC100B3B6BD3E90823FDF7A3
:10265000DBFF02460B46796BC1E91C237B6BD3E998
:102660001C897B6BD3E91C014FF00002A44BFDF7E2
:1026700015FE02460B4643EC172BB0EE470AF0EE70
:10268000670A19F061FD51EC100B4FF000029C4BF2
:10269000FDF704FE02460B461046194602460B465D
:1026A000FDF7FCFD02460B46104619467B6BD3E94D
:1026B0001C23FDF7F3FD02460B4640464946FEF754
:1026C000CDF802460B46C7E916237B6BD3F8F831E9
:1026D00003F00103002B7DD097ED160B01F03CFEBB
:1026E000B0EE407AF0EE607A7B6B83ED2C7B7B6BF7
:1026F000F033184697ED160B01F07AFE7B6B93EDE5
:102700001E7B7B6B93ED206B7B6BF03306221946AF
:10271000B0EE461AF0EE661AB0EE470AF0EE670A1F
:10272000012001F0A0FCB0EE407AF0EE607A7B6B05
:1027300083ED327B7B6B93ED327BB0EE470AF0EE9C
:10274000670A19F021FF87ED140B7B6B93ED327B49
:10275000B0EE470AF0EE670A19F0BAFE87ED120BE9
:102760007B6BD3E91E01D7E91223FDF74DFF02462B
:102770000B46904699467B6BD3E92001D7E9142399
:10278000FDF742FF02460B4640464946FDF786FDEF
:1027900002460B46796BC1E924237B6BD3E9200108
:1027A000D7E91223FDF730FF02460B4690469946C3
:1027B0007B6BD3E91E01D7E91423FDF725FF024601
:1027C0000B4640464946FDF767FD02460B46796BCE
:1027D000C1E926237B6BD3F8F83103F00203002B09
:1027E00007D07B6B03F59473184697ED160B01F039
:1027F00063FE7B6BD3F8F83103F00403002B2FD07A
:1028000097ED160B01F0BCFEB0EE407AF0EE607A68
:102810007B6B83ED2E7B7B6B03F5B073184697EDD6
:10282000160B01F0F9FE7B6B93ED1E7B7B6B93ED3A
:10283000206B7B6B03F5B07306221946B0EE461A87
:10284000F0EE661AB0EE470AF0EE670A012001F0DA
:102850000AFCB0EE407AF0EE607A7B6B83ED347B5D
:102860007B6BD3F8F83103F00803002B4AD07B6B65
:1028700003F5CC73194697ED160B386B01F0D4FCB9
:102880007B6BD3E90823144683F000457B6BD3E9C7
:10289000182320462946FDF7B7FE02460B4614468C
:1028A0001D4697ED160B386B01F0A4FC53EC102B72
:1028B00020462946FDF7A8FE02460B46796BC1E982
:1028C00030237B6B93ED1E7B7B6B93ED206B7B6BDF
:1028D00003F5CC7305221946B0EE461AF0EE661ADF
:1028E000B0EE470AF0EE670A012001F0BCFBB0EE43
:1028F000407AF0EE607A7B6B83ED367B02E000BFBE
:102900000000F03F7B6BD3F8F83103F01003002B8D
:102910004CD07B6B03F5E473194697ED160B386BBF
:1029200001F0CEFC7B6B93ED067BB0EE470AF0EE38
:10293000670AFFF7A3FA51EC100B7B6BD3E91A235C
:10294000FDF762FE02460B46104619467B6BD3E943
:102950001823FDF759FE02460B46104619463B6BFD
:10296000D3E90623FDF750FE02460B46796BC1E919
:1029700038237B6B93ED1E7B7B6B93ED206B7B6B26
:1029800003F5E47306221946B0EE461AF0EE661A15
:10299000B0EE470AF0EE670A002001F064FBB0EEEB
:1029A000407AF0EE607A7B6B83ED3A7B094BD3E99A
:1029B0000023796BC1E910237B6BD3E91023796B7A
:1029C000C1E90E2300BF6037BD46BDEC028BBDE8F8
:1029D000B08300BF9005002080B58EB000AF786254
:1029E000396287ED060B87ED041B87ED022B7A60B9
:1029F00097ED020BFFF7E8FA87ED020B97ED020B5C
:102A0000FFF740FBB0EE407AF0EE607A07F1280263
:102A100007F1300311461846B0EE470AF0EE670A98
:102A2000FFF77AFB97ED0C7B97ED0A6B7A68B0EEB7
:102A3000464AF0EE664AB0EE473AF0EE673A97ED56
:102A4000022B97ED041B97ED060B396A786AFFF7A6
:102A5000AFFC00BF3837BD4680BD0000000000005D
:102A60002DE9F04F2DED028BD3B000AF07F5A47622
:102A7000A6F59A76306007F5A470A0F59C70016009
:102A800007F1080181ED000B07F5A471A1F5A27112
:102A90000A6007F5A472A2F5A47213604FF0000259
:102AA0004FF00003C7E950234FF000024FF000033E
:102AB000C7E94E234FF000024FF00003C7E94C2353
:102AC0004FF000024FF00003C7E94A234FF0000225
:102AD0004FF00003C7E948234FF000024FF0000316
:102AE000C7E946234FF000024FF00003C7E9442333
:102AF0004FF000024FF00003C7E942234FF00002FD
:102B00004FF00003C7E93E234FF000024FF00003EF
:102B1000C7E93C2307F5A473A3F5A2731B68002B38
:102B200001D0802200E0002207F5A473A3F5A4736E
:102B30001B68002B02D04FF4847300E00023134382
:102B4000D7F87821002A02D04FF4007200E000226A
:102B50001343D7F87C21002A02D040F2014200E062
:102B600000221343D7F88021002A02D041F2050247
:102B700000E000221343D7F88421002A03D1D7F8BC
:102B80008821002A02D042F2050200E0002213430D
:102B9000D7F88C21002A02D044F2100200E0002273
:102BA0001343C7F8CC3007F5A473A3F59A731B68D9
:102BB000D3F8F821D7F8CC30134003F4FF43C7F81B
:102BC000CC3007F5A473A3F59C731B6803F00103D5
:102BD000002B0FD107F5A473A3F59A731B68D3F8E4
:102BE000F83103F40063002B04D1144BD3E9002324
:102BF00001F02EB907F5A473A3F59C731B6803F0CD
:102C00000103002B1ED00E4BD3E9002307F108016E
:102C1000D1E90001FDF7F8FC02460B46C7E9402365
:102C200007F1180207F1200307F108010E461146CB
:102C3000184696ED000BFFF76FFAD5E190050020DE
:102C40008805002007F5A473A3F59A731B68D3E9E0
:102C500012AB07F5A473A3F59A731B68D3E92C0193
:102C60004FF00002D04BFDF719FB02460B465046D1
:102C70005946FDF7C9FC02460B4607F10801D1E9A8
:102C80000001FDF7EBFD02460B46C7E9302397ED47
:102C9000300B19F079FC87ED2E0B97ED300B19F006
:102CA00017FC87ED2C0B07F5A473A3F59A731B682B
:102CB000D3E92401D7E92C23FDF7A6FC02460B46F5
:102CC00092469B4607F5A473A3F59A731B68D3E954
:102CD0002601D7E92E23FDF797FC02460B46504606
:102CE0005946FDF7DBFA02460B4643EC182B07F575
:102CF000A473A3F59A731B68D3E92601D7E92C23A3
:102D0000FDF782FC02460B4692469B4607F5A473EC
:102D1000A3F59A731B68D3E92401D7E92E23FDF7A5
:102D200073FC02460B4650465946FDF7B5FA02467B
:102D30000B4643EC172B07F5A473A3F59A731B6896
:102D400003F5947306221946B0EE471AF0EE671A9F
:102D5000B0EE480AF0EE680A012001F084F953EC65
:102D6000102B1146C7F8F81083F00043C7F8FC3069
:102D700007F5A473A3F59A731B68D3E93223D7E947
:102D80003E01FDF789FA02460B46D7E93001FDF70F
:102D900083FA02460B46C7E9402397ED400B19F032
:102DA000F3FBB0EE407AF0EE607A07F1280303ED12
:102DB000027B97ED400B19F08BFBB0EE407AF0EE02
:102DC000607A07F1180383ED007B07F5A473A3F580
:102DD0009A731B68D3E90823904623F0004970A337
:102DE000D3E9002340464946FDF79EFE0346002BEB
:102DF00000F0FA8007F5A473A3F59A731B68D3E972
:102E00001E0107F11803D3E90023FDF7FDFB02467D
:102E10000B469046994607F5A473A3F59A731B6871
:102E2000D3E9200107F1280353E90223FDF7ECFB66
:102E300002460B4640464946FDF730FA02460B462D
:102E4000C7E92A2307F5A473A3F59A731B68D3E98E
:102E5000200107F11803D3E90023FDF7D5FB024653
:102E60000B469046994607F5A473A3F59A731B6821
:102E7000D3E91E0107F1280353E90223FDF7C4FB40
:102E800002460B4640464946FDF706FA02460B4607
:102E9000C7E93A2307F5A473A3F59A731B68F033C7
:102EA0000622194697ED3A1B97ED2A0B012001F0F7
:102EB000DAF887ED3E0B07F5A473A3F59A731B6848
:102EC000D3E92C014FF00002374BFDF7E7F902463A
:102ED0000B469046994607F5A473A3F59A731B68B1
:102EE000D3E93223D7E93E01FDF7D6F902460B4676
:102EF00010461946D7E94023FDF7D0F902460B46A4
:102F000040464946FDF780FB02460B4690469946EF
:102F100007F5A473A3F59A731B68D3E9122307F18D
:102F20000801D1E90001FDF799FC02460B46404635
:102F30004946FDF7B1F902460B46C7E9282307F5D4
:102F4000A473A3F59A731B68D3E91C8997ED2A0B28
:102F5000FEF794FF53EC102B40464946FDF754FB17
:102F600002460B46104619464FF000020E4BFDF785
:102F700095F902460B4643EC172BB0EE470AF0EEEC
:102F8000670A19F0E1F853EC102BD7E92801FDF797
:102F900065FC02460B46D7E9400107E0AFF300802D
:102FA0007B14AE47E17A843F0000F03FFDF774F9EF
:102FB00002460B46C7E9402397ED400B19F0E4FAAF
:102FC000B0EE407AF0EE607A07F1280303ED027B61
:102FD00097ED400B19F07CFAB0EE407AF0EE607A93
:102FE00007F1180383ED007B07F5A473A3F59A732B
:102FF0001B68D3E91E0107F11803D3E90023FDF78D
:1030000003FB02460B469046994607F5A473A3F5C9
:103010009A731B68D3E9200107F1280353E90223BF
:10302000FDF7F2FA02460B4640464946FDF736F9EF
:1030300002460B46C7E92A2307F5A473A3F59A7342
:103040001B68D3E9200107F11803D3E90023FDF73A
:10305000DBFA02460B469046994607F5A473A3F5A2
:103060009A731B68D3E91E0107F1280353E9022371
:10307000FDF7CAFA02460B4640464946FDF70CF9F1
:1030800002460B46C7E93A2307F5A473A3F59A73E2
:103090001B68D3E91C8997ED2A0BFEF7EFFE53EC72
:1030A000102B40464946FDF7AFFA02460B46104644
:1030B00019464FF00002844BFDF7F0F802460B462C
:1030C00043EC172BB0EE470AF0EE670A19F03CF814
:1030D00087ED260BD7F8CC2043F205431340002B95
:1030E00052D007F5A473A3F59C731B6803F001038A
:1030F000002B13D107F5A473A3F59A731B68D3E9CA
:103100000823144623F000456DA3D3E9002320468D
:103110002946FDF709FD0346002B10D007F5A473DF
:10312000A3F59A731B68F0330622194697ED3A1BF4
:1031300097ED2A0B012000F096FF87ED3E0B07F577
:10314000A473A3F59A731B68D3E92C014FF0000216
:103150005D4BFDF7A3F802460B4614461D4607F5E6
:10316000A473A3F59A731B68D3E93223D7E93E0110
:10317000FDF792F802460B4620462946FDF744FA31
:1031800002460B46C7E93C2307F5A473A3F59A73DF
:103190001B68D3E91A23D7E92A01FDF735FA02465D
:1031A0000B46C7E9242307F5A473A3F59A731B689C
:1031B00093ED188B07F5A473A3F59A731B68D3E9F5
:1031C0001A01D7E93A23FDF71FFA02460B4643ECF2
:1031D000172BB0EE471AF0EE671AB0EE480AF0EE81
:1031E000680A18F051FF87ED380B4FF000024FF0DE
:1031F0000003D7E93801FDF76FFC0346002B08D028
:10320000324BD3E90023C7E93A23D7E93A23C7E988
:10321000382307F5A473A3F59A731B68D3E9182321
:10322000C7E9222307F5A473A3F59A731B68D3E9B2
:103230001A23D7E93A01FDF7E7F902460B46C7E939
:103240002023D7F8CC2040F201431340002B45D077
:1032500007F5A473A3F59C731B6803F00103002B0F
:1032600036D007F5A473A3F59A731B68D3E912450A
:1032700007F5A473A3F59A731B68D3E92C014FF0EB
:103280000002114BFDF70AF802460B46104619469C
:10329000D7E94023FDF7B8F902460B461046194618
:1032A000D7E93C23FCF7FAFF02460B4620462946A5
:1032B000FDF7AAF902460B460EE000BFAFF300800F
:1032C0007B14AE47E17A843F0000F03F9805002070
:1032D00007F10803D3E90023C7E94A23D7F8CC3024
:1032E00003F48473002B00F0928107F5A473A3F517
:1032F0009A731B6893ED187BB0EE471AF0EE671ACD
:103300009FEDAB0B15F0CEFE87ED1E0B07F5A473FA
:10331000A3F59A731B68D3E91823D7E92A01FDF7AF
:1033200073F902460B46C7E91C23D7E93A23C7E9DC
:103330001A2307F5A473A3F59C731B6803F40043D9
:10334000002B7CD097ED3A1B97ED2A0B18F09AFED4
:1033500055EC104B07F5A473A3F59A731B6893ED16
:103360001E7B07F5A473A3F59A731B6893ED206B7E
:10337000B0EE461AF0EE661AB0EE470AF0EE670AB3
:1033800018F080FE53EC102B20462946FCF784FFF2
:1033900002460B46D7E94001FCF77EFF02460B468A
:1033A00014461D46D7E91C23D7E91E01FDF72CF969
:1033B00002460B4643EC172B97ED1A1BB0EE470A5B
:1033C000F0EE670A18F05EFE59EC108B07F5A47357
:1033D000A3F59A731B68D3E92801D7E91E23FDF7EB
:1033E00013F902460B4643EC162B07F5A473A3F51D
:1033F0009A731B6893ED2A7BB0EE471AF0EE671ABA
:10340000B0EE460AF0EE660A18F03CFE53EC102BC4
:1034100040464946FCF740FF02460B4620462946F7
:10342000FCF73CFF02460B4610461946D7E91E231F
:10343000FDF7EAF802460B4643EC172B55E007F57B
:10344000A473A3F59A731B68D3E92A01D7E91C2357
:10345000FDF7DAF802460B4614461D4607F5A4733D
:10346000A3F59A731B68D3E92801D7E91A23FDF75E
:10347000CBF802460B4620462946FCF70DFF0246D4
:103480000B4643EC182B07F5A473A3F59A731B683E
:10349000D3E92A01D7E91A23FDF7B6F802460B460D
:1034A00014461D4607F5A473A3F59A731B68D3E968
:1034B0002801D7E91C23FDF7A7F802460B46204652
:1034C0002946FCF7EBFE02460B4643EC172BB0EE09
:1034D000471AF0EE671AB0EE480AF0EE680A18F0E4
:1034E000D1FDB0EE407AF0EE607A87ED187B07F5FB
:1034F000A473A3F59A731B68D3E9304507F5A47349
:10350000A3F59A731B6803F5CC730522194697ED52
:103510003A1B97ED2A0B012000F0A5FD51EC100B92
:1035200007F5A473A3F59A731B68D3E93623FCF758
:10353000B3FE02460B4610461946D7E94023FCF776
:10354000ADFE02460B4620462946FDF75DF80246D1
:103550000B46D7E91801FCF7A1FE02460B46C7E966
:103560001623154BD3E90023D7E91601FDF776F9A9
:1035700002460B46C7E9142307F5A473A3F59C7311
:103580001B6803F40043002B18D007F5A473A3F5C0
:103590009A731B68D3E90201D7E91423FCF77EFE76
:1035A00002460B4643EC172B2FE000BFAFF3008021
:1035B000000000000000F03F8805002007F5A4731C
:1035C000A3F59A731B6893ED027BB0EE470AF0EE09
:1035D000670AFEF7F9FC55EC104B97ED140BFEF75C
:1035E000F3FC53EC102B20462946FCF757FE02460D
:1035F0000B4643EC172BB0EE470AF0EE670AFEF7D6
:10360000E3FCB0EE407AF0EE607A87ED4E7BD7F8BF
:10361000CC3003F08003002B18D007F5A473A3F57A
:103620009A731B68D3E91601D7E93823FCF7ECFF3E
:1036300002460B4643EC172BB0EE471AF0EE671A22
:1036400097ED240BFEF718FE87ED500BD7F8CC3022
:1036500003F40073002B07D097ED201B97ED220B8E
:10366000FEF70AFE87ED4C0BD7F8CC2043F205039A
:103670001340002B00F0B68107F5A473A3F59A73ED
:103680001B6803F5B07307F1480214460622194679
:1036900097ED3A1B97ED2A0B012000F0E4FC84ED36
:1036A000000B07F5A473A3F59A731B68D3E92E01E9
:1036B0004FF000025F4BFCF7F1FD02460B4614464B
:1036C0001D4607F5A473A3F59A731B68D3E9342349
:1036D00007F14801D1E90001FCF7DEFD02460B4687
:1036E00007F148010E4620462946FCF78DFF0246A9
:1036F0000B4646E9022307F5A473A3F59A731B68EA
:10370000D3E92C0107F5A473A3F59A731B68D3E9D9
:103710002E23FCF7C1FD02460B4610461946D7E999
:103720004023FCF771FF02460B4614461D4607F185
:10373000480353E90223D7E93C01FCF7ADFD0246FB
:103740000B4607F138010E4620462946FCF7A6FD38
:1037500002460B46C6E90023D7F8CC2041F2050308
:103760001340002B68D007F5A473A3F59A731B6868
:10377000D3E9124507F5A473A3F59A731B68D3E93F
:103780002001D7E92A23FCF73FFF02460B461046EB
:103790001946D7E92623FCF737FF02460B46924627
:1037A0009B4607F5A473A3F59A731B68D3E9228996
:1037B00007F5A473A3F59A731B68D3E91E01D7E933
:1037C0003A23FCF721FF02460B4640464946FCF7E8
:1037D0001BFF02460B4650465946FCF75DFD02466C
:1037E0000B469046994607F5A473A3F59A731B6898
:1037F000D3E92001D7E93A23FCF706FF02460B463E
:103800001046194607F13803D3E90023FCF7FCFE04
:1038100002460B4640464946FCF73EFD02460B4633
:1038200020462946FCF7F0FE02460B46C7E948232E
:1038300002E000BF0000F03FD7F8CC2042F20503C1
:103840001340002B00F0CE8007F5A473A3F59A7304
:103850001B68D3E91C4507F5A473A3F59A731B688D
:10386000D3E91E23D7E92A01FCF716FD02460B46D1
:1038700020462946FCF7C8FE02460B4614461D4664
:1038800007F5A473A3F59A731B68D3E91E01D7E962
:103890002A23FCF703FD02460B4620462946FCF787
:1038A000B3FE02460B4614461D4607F5A473A3F566
:1038B0009A731B68D3E92201D7E92623FCF7EEFCB3
:1038C00002460B4607F138010E4620462946FCF712
:1038D000C5FF02460B4646E9022307F138031946A5
:1038E000D7E92A2351E90201FCF78EFE02460B4676
:1038F00014461D4607F13803D3E90023D7E93A01FE
:10390000FCF782FE02460B4620462946FCF7C4FC23
:1039100002460B461046194607F5A473A3F59A73A1
:103920001B68D3E91E23FCF76FFE02460B461046C8
:10393000194607F5A473A3F59A731B68D3E92223EC
:10394000FCF78CFF02460B461046194607F1180398
:10395000D3E90023FCF7A2FC02460B46C7E9462345
:1039600007F11803D3E9004507F5A473A3F59A738B
:103970001B68D3E91E0107F1380353E90223FCF762
:1039800043FE02460B469046994607F5A473A3F5FD
:103990009A731B68D3E9200107F13803D3E90023A8
:1039A000FCF732FE02460B4640464946FCF774FCE3
:1039B00002460B4610461946D7E92A23FCF724FE97
:1039C00002460B4610461946D7E92623FCF746FF68
:1039D00002460B4620462946FCF75EFC02460B4693
:1039E000C7E94423D7F8CC2044F210031340002B3E
:1039F00000F0888107F5A473A3F59A731B6803F59B
:103A0000E47307F1280214460622194697ED3A1B83
:103A100097ED2A0B002000F026FB84ED000B07F544
:103A2000A473A3F59A731B68D3E91A014FF000023F
:103A30004FF00003FDF750F80346002B0FD107F5B8
:103A4000A473A3F59A731B68D3E918014FF0000221
:103A50004FF00003FDF740F80346002B48D007F570
:103A6000A473A3F59A731B68D3E90C01D7E9222349
:103A7000FCF7CAFD02460B4614461D4607F5A47323
:103A8000A3F59A731B68D3E90A01D7E92023FCF751
:103A9000BBFD02460B4620462946FCF7FDFB0246CD
:103AA0000B46C7E9362307F5A473A3F59A731B6881
:103AB000D3E90C01D7E92023FCF7A6FD02460B460B
:103AC00014461D4607F5A473A3F59A731B68D3E942
:103AD0000A01D7E92223FCF797FD02460B46204650
:103AE0002946FCF7DBFB02460B46C7E93423CEE050
:103AF00007F5A473A3F59A731B68D3E91A0107F5B8
:103B0000A473A3F59A731B68D3E91823FCF77CFD13
:103B100002460B469046994607F11803D3E9000187
:103B20004FF000024FF00003FCF7EAFF0346002BC2
:103B300031D007F5A473A3F59A731B68D3E9204528
:103B400007F11803D3E900234FF00000BC49FCF74C
:103B5000A3FB02460B4620462946FCF755FD0246CC
:103B60000B4614461D4607F5A473A3F59A731B680C
:103B7000D3E91E0107F1280353E90223FCF744FDB2
:103B800002460B4620462946FCF788FB02460B46B8
:103B9000104619463AE007F5A473A3F59A731B681B
:103BA000D3E9200107F1280353E90223FCF72CFD98
:103BB00002460B4614461D4607F11803D3E90001DF
:103BC0004FF000029E4BFCF769FB02460B46204675
:103BD0002946FCF743FE02460B461046194607F5F8
:103BE000A473A3F59A731B68D3E91E23FCF756FB55
:103BF00002460B461046194607F1280353E90223F3
:103C0000FCF702FD02460B461046194642464B465B
:103C1000FCF7FAFC02460B46C7E9362307F5A47306
:103C2000A3F59A731B6893ED187BB0EE470AF0EE8C
:103C3000670AFEF723F955EC104B07F5A473A3F5BB
:103C40009A731B6893ED1A7BB0EE470AF0EE670A91
:103C5000FEF714F951EC100B07F5A473A3F59A7352
:103C60001B68D3E92023FCF7CFFC02460B46104625
:103C70001946D7E93A23FCF7C7FC02460B46204613
:103C80002946FCF70BFB02460B46C7E9342307F530
:103C9000A473A3F59A731B68D3E9144597ED341BFD
:103CA00097ED360B18F0EEF953EC102B2046294611
:103CB000FCF7AAFC02460B469046994607F5A4730A
:103CC000A3F59A731B68D3E9384507F5A473A3F5E8
:103CD0009A731B68D3E93A2307F12801D1E900015F
:103CE000FCF7DAFA02460B4620462946FCF78CFC24
:103CF00002460B4640464946FCF7D0FA02460B46C0
:103D0000C7E94223D7F8CC3003F08003002B0FD053
:103D100007F5A473A3F5A2731B68002B08D007F561
:103D2000A473A3F5A2731968D7E95023C1E900234E
:103D3000D7F8CC3003F48473002B0FD007F5A473AD
:103D4000A3F5A4731B68002B08D007F5A473A3F593
:103D5000A4731968D7E94E23C1E90023D7F8CC3002
:103D600003F40073002B09D0D7F87831002B05D06D
:103D7000D7F87811D7E94C23C1E90023D7F8CC2034
:103D800040F201431340002B09D0D7F87C31002BBF
:103D900005D0D7F87C11D7E94A23C1E90023D7F829
:103DA000CC2041F205031340002B09D0D7F8803115
:103DB000002B05D0D7F88011D7E94823C1E90023AB
:103DC000D7F8CC2042F205031340002B13D0D7F8CC
:103DD0008431002B05D0D7F88411D7E94623C1E9F7
:103DE0000023D7F88831002B05D0D7F88811D7E900
:103DF0004423C1E90023D7F8CC2044F21003134038
:103E0000002B09D0D7F88C31002B05D0D7F88C11B6
:103E1000D7E94223C1E9002307F5A473A3F59C73F6
:103E20001B6803F00103002B0ED1064BD3E90023DE
:103E3000D7E94001FCF712FD02460B4608E000BF3F
:103E40000000F03F8805002007F10803D3E90023B4
:103E500043EC172BB0EE470AF0EE670A07F5A6779A
:103E6000BD46BDEC028BBDE8F08F00BFB0B5ADF52F
:103E7000147D06AF07F50E74A4F50374206007F1F6
:103E8000280000ED020B07F1180080ED001B07F180
:103E9000180000ED022B07F50E70A0F5047001600C
:103EA00007F1080181ED003B07F50E71A1F50D71D9
:103EB0000A6007F50E72A2F50E72136007F50E7315
:103EC000A3F50D731B68002B01D0802200E00022B7
:103ED00007F50E73A3F50E731B68002B02D04FF489
:103EE000847300E000231343D7F84822002A02D04D
:103EF0004FF4007200E000221343D7F84C22002A4E
:103F000002D040F2014200E000221343D7F85022D1
:103F1000002A02D041F2050200E000221343D7F844
:103F20005422002A03D1D7F85822002A02D042F2A4
:103F3000050200E000221343D7F85C22002A02D0D9
:103F400044F2100200E000221343C7F8343207F5B0
:103F50000E73A3F504731B6803F00103002B01D05B
:103F6000002201E040F60302D7F834321A4307F189
:103F700018031D4607F118031C4607F128031946CC
:103F800007F50E73A3F5037307F1300015ED022B4F
:103F900094ED001B11ED020B1968FEF71DFD07F5EE
:103FA0000E73A3F50E7307F50E72A2F50D7207F1ED
:103FB00008010D4607F50E71A1F5047107F13004F3
:103FC000D7F85C020590D7F858020490D7F854024D
:103FD0000390D7F850020290D7F84C020190D7F81E
:103FE000480200901B68126895ED000B0968204696
:103FF000FEF736FDB0EE407AF0EE607AB0EE470A9A
:10400000F0EE670A07F50E77BD46B0BD80B592B0F9
:1040100006AFF86287ED080B87ED061B87ED042BD2
:1040200087ED023BB9627A603B6000230593002371
:1040300004930023039300230293002301933B681E
:1040400000937B68BA6A97ED023B002197ED042B41
:1040500097ED061B97ED080BF86AFFF707FF00BF07
:104060003037BD4680BDB0B58EB000AFF86187ED8A
:10407000040B87ED021BB9617A607A68FB6913440F
:10408000DB00BA691344BB61D7E90423D7E9020115
:10409000FCF702F902460B461046194602460B464B
:1040A000FCF7FCF802460B4614461D46D7E90423EC
:1040B000D7E90201FCF7F2F802460B4620462946F2
:1040C000FCF7A2FA02460B46C7E908237B6803F017
:1040D0000103002B06D0BB69083BBB61BB69D3E978
:1040E000002303E04FF000024FF00003C7E90C2368
:1040F0004FF000024FF00003C7E90A237B68DA0F94
:1041000013445B107B603BE0D7E90C23D7E908013F
:10411000FCF77AFA02460B4610461946D7E90A23FD
:10412000FCF7BAF802460B4610461946BB69083B35
:10413000BB61BB69D3E90023FCF7B0F802460B462C
:10414000C7E90A23D7E90A23D7E90801FCF75CFA93
:1041500002460B4610461946D7E90C23FCF79CF89B
:1041600002460B4610461946BB69083BBB61BB695A
:10417000D3E90023FCF792F802460B46C7E90C236B
:104180007B685A1E7A60002BBED1FB69002B18D0C9
:10419000D7E9040102460B46FCF780F802460B46BD
:1041A00010461946D7E90223FCF72EFA02460B46C1
:1041B00010461946D7E90C23FCF726FA02460B46AF
:1041C0000FE0D7E90A23D7E90C01FCF765F80246AE
:1041D0000B4610461946D7E90223FCF715FA0246AA
:1041E0000B4643EC172BB0EE470AF0EE670A383760
:1041F000BD46B0BD80B584B000AFF86087ED000B60
:10420000FB68483397ED000B19460520FDF74CFE7F
:10421000B0EE407AF0EE607AB0EE470AF0EE670A50
:104220001037BD4680BD000090B58BB000AFF86080
:1042300087ED000BB9604FF00002204BC7E908235F
:104240000023FB610123BB612FE0BB69C3F10503C0
:104250007B61D7E90023D7E90801FCF7D5F90246CD
:104260000B46C7E90823FB6803F17802FB69DB0012
:10427000134497ED000B19467869FDF715FE51ECD4
:10428000100BBB69DB00BA68D418D7E90823FCF728
:10429000BBF902460B46C4E900237B690133FA6986
:1042A0001344FB61BB690133BB61BB69052BCCDDEA
:1042B00000BF00BF2C37BD4690BD00BF0000F03FDF
:1042C00090B58BB000AFF86087ED000BB9604FF090
:1042D0000002204BC7E908230023FB610023BB61D8
:1042E0002FE0BB69C3F105037B61FB6803F1F002BA
:1042F000FB69DB00134497ED000B19467869FDF765
:10430000D3FD51EC100BBB69DB00BA68D418D7E9B8
:104310000823FCF779F902460B46C4E900237B69C0
:104320000133FA691344FB61D7E90023D7E9080197
:10433000FCF76AF902460B46C7E90823BB6901335B
:10434000BB61BB69052BCCDD00BF00BF2C37BD4670
:1043500090BD00BF0000F03FB0B586B000AF87ED64
:10436000000B03237B6197ED000BFDF787FDB0EE9B
:10437000407AF0EE607AB0EE470AF0EE670A1A492A
:104380007869FDF791FD51EC100B7B690133164AFA
:10439000DB001344D3E90023FCF760FA02460B4626
:1043A000C7E90223D7E90023D7E90201FBF776FF2B
:1043B00002460B4614461D46D7E900234FF0000085
:1043C0000A49FBF769FF02460B4620462946FCF7DF
:1043D00045FA02460B4643EC172BB0EE470AF0EEC7
:1043E000670A1837BD46B0BDC80702080000F03F95
:1043F0002DE990438DB000AF87ED020B786097ED0B
:10440000020BFDF73BFD87ED060BD7E90223C7E959
:104410000A2300237B6201233B6241E03B6AC3F134
:104420000603DA0F13445B107B617B6ADB00214AD1
:10443000134497ED060B19467869FDF735FD51ECED
:10444000100BD7E90A23FCF7DFF802460B4690462B
:1044500099467A6A7B6913440133164ADB00134498
:10446000D3E90023396AC9007868441840464946B0
:10447000FCF7F4F902460B46C4E900237B690233DA
:104480007A6A13447B62D7E90223D7E90A01FCF771
:10449000BBF802460B46C7E90A233B6A01333B627D
:1044A0003B6A062BBADD00BF00BF3437BD46BDE80E
:1044B000908300BFF00702082DE990438DB000AF54
:1044C00087ED020B786097ED020BFDF7D7FC87EDC7
:1044D000060BD7E90223C7E90A2300237B620123E5
:1044E0003B6241E03B6AC3F10603DA0F13445B1001
:1044F0007B617B6ADB00214A134497ED060B19466A
:104500007869FDF7D1FC51EC100BD7E90A23FCF7D1
:104510007BF802460B46904699467A6A7B691344BB
:104520000133164ADB001344D3E90023396AC9007A
:104530007868441840464946FCF790F902460B4615
:10454000C4E900237B6902337A6A13447B62D7E9AA
:104550000223D7E90A01FCF757F802460B46C7E9E0
:104560000A233B6A01333B623B6A062BBADD00BF7C
:1045700000BF3437BD46BDE8908300BF8008020805
:10458000B0B586B000AF87ED000B03237B6197EDDC
:10459000000BFDF773FCB0EE407AF0EE607AB0EEFF
:1045A000470AF0EE670A1A497869FDF77DFC51EC7D
:1045B000100B7B690133164ADB001344D3E9002357
:1045C000FCF74CF902460B46C7E90223D7E9002362
:1045D000D7E90201FBF760FE02460B4614461D4672
:1045E0004FF000020B4BD7E90001FBF757FE0246E4
:1045F0000B4620462946FCF731F902460B4643ECB0
:10460000172BB0EE470AF0EE670A1837BD46B0BD6B
:10461000100902080000F03F2DE990438DB000AF73
:1046200087ED020B786097ED020BFDF727FC87ED15
:10463000060BD7E90223C7E90A2300237B62012383
:104640003B6241E03B6AC3F10603DA0F13445B109F
:104650007B617B6ADB00214A134497ED060B194608
:104660007869FDF721FC51EC100BD7E90A23FBF721
:10467000CBFF02460B46904699467A6A7B69134403
:104680000133164ADB001344D3E90023396AC90019
:104690007868441840464946FCF7E0F802460B4665
:1046A000C4E900237B6902337A6A13447B62D7E949
:1046B0000223D7E90A01FBF7A7FF02460B46C7E929
:1046C0000A233B6A01333B623B6A062BBADD00BF1B
:1046D00000BF3437BD46BDE8908300BF38090208EB
:1046E00080B500AF012107480FF0D1FF0346064A0D
:1046F0001360012105480FF0CAFF0346044A136006
:1047000000BF80BDC809020828090020D00902089E
:104710002409002080B582B000AF7860786802F08C
:1047200047F87968034805F097FE00BF0837BD4693
:1047300080BD00BF04B6002080B582B000AF7860B5
:104740003E4B1B684FF0FF3118460FF0D3FF034676
:10475000002B6FD13A4804F091FB786802F0C2FA5E
:104760003849394808F084FA374B1B681846FBF77C
:10477000F3FE02460B463549C1E90023324BD3ED27
:10478000017AF1EE677A17EE903A1846FBF7E4FEED
:1047900002460B462E49C1E900232B4B9B68184665
:1047A000FBF7DAFE02460B462A49C1E90023294BF2
:1047B000D3E900014FF00002274BFBF76FFD0246E3
:1047C0000B462449C1E90023224BD3E900014FF0F5
:1047D00000024FF00003FCF789F90346002B0CD0D0
:1047E0001C4BD3E900014FF000021C4BFBF756FDB8
:1047F00002460B461749C1E90023164BD3E90001D5
:104800004FF00002154BFCF785F90346002B0CD046
:10481000104BD3E900014FF00002104BFBF73CFDB9
:1048200002460B460B49C1E90023044B1B6818469E
:104830000FF0AEFF00BF0837BD4680BD280900203D
:10484000BCF801083C0E002004B60020A0000020A7
:104850009800002090000020000059400080764021
:1048600080B584B000AF7A4B1B684FF0FF3118461B
:104870000FF040FF0346002B40F0DF80754804F046
:10488000FDFA754B93ED007B744B93ED006B744B0D
:1048900093ED002B734B93ED003B734B93ED004B6B
:1048A000724B93ED005B7248B0EE461AF0EE661A5A
:1048B000B0EE470AF0EE670A01F07EFD6D4B002274
:1048C0001A6000F00BFE0346002B3FD06A4800F050
:1048D000E5FD684B01221A60684B1B78002B35D12F
:1048E000654BD3E900236649C1E90023624BD3E954
:1048F00002236349C1E902235F4BD3E904236149E1
:10490000C1E900235F4BD3E900235D49C1E90423DA
:104910005B494FF000025C4BC1E9042358494FF05A
:1049200000024FF00003C1E9062355494FF0000291
:104930004FF00003C1E9082351494FF000024FF046
:104940000003C1E90A234D4B01221A704B4B1B781F
:10495000002B2CD0484B93ED007B474B93ED026B23
:10496000484B93ED005B434B1B681946B0EE452A5C
:10497000F0EE652AB0EE461AF0EE661AB0EE470A7F
:10498000F0EE670A3E4801F0DDFE3D4BD3E900231F
:104990003E49C1E900233A4BD3E902233C49C1E92E
:1049A0000023374BD3E904233A49C1E900232D4BB7
:1049B000D3E9000124A3D3E90023FBF725FE024637
:1049C0000B46104619464FF00002334BFBF746FFEB
:1049D00002460B46C7E9022397ED020B17F078FD5C
:1049E00051EC100B2D4BD3E90023FBF70DFE0246D3
:1049F0000B46C7E90023254B93ED007B244B93ED39
:104A0000006B1A4B93ED005B0023254A254997ED77
:104A1000003BB0EE452AF0EE652AB0EE461AF0EE05
:104A2000661AB0EE470AF0EE670A1F48FFF7EEFA83
:104A3000074B1B6818460FF0ABFE00BF1037BD4692
:104A400080BD00BFAFF30080182D4454FB21094006
:104A500028090020C8F80108E0050020E80500202A
:104A6000F005002098000020A00000209000002009
:104A70000806002050060020F00700200006002055
:104A8000380B0020F805002000003040A805002069
:104A9000A0050020B005002000806640D005002061
:104AA000B8050020C00500205806002080B500AFE2
:104AB00004F06AFD00BF80BD80B500AF04F06EFB5E
:104AC00000BF80BD80B582B000AF0D4804F0D6F9BC
:104AD000FDF716F800237B6008E0FDF75FF84FF460
:104AE0007A700FF0A8FD7B6801337B607B68032B35
:104AF000F3DD044804F0C2F900BF0837BD4680BDAD
:104B0000D4F80108F8F8010880B500AFFDF746F8C1
:104B100000BF80BDB0B58EB002AF2E4804F0AEF934
:104B20002D4C38462D4B01934FF4806300932C4B52
:104B30004FF400422A49FCF7D9FB25463C460FCCEE
:104B40000FC50FCC0FC594E8030085E80300224B86
:104B50004FF4D972DA61204B072283F820201E4BD4
:104B6000072283F821201C4B012283F822201A4BB4
:104B7000FF2283F82620184B782283F82720164B33
:104B80000A229A84174804F079F91348FCF7EAFBE3
:104B90001148FCF70DFF0346C82B07D1F1210E4841
:104BA000FCF789FE104804F069F902E00F4804F0B0
:104BB00065F942210848FCF703FC034687F82F30CB
:104BC00097F82F3019460A4804F058F900BF3037DB
:104BD000BD46B0BD28F9010808080020601100207A
:104BE0000000024044F9010858F9010880F9010861
:104BF000A0F90108F0B585B004AF644804F03EF9AF
:104C0000634B4FF246221A60624BD3E900231046F1
:104C10001946FBF7F1FF03465D4A53605E4BD3E94B
:104C200000015B4B02469A600A46DA605B4BD3E9AF
:104C30000001574B02461A610A465A61584BD3E9A4
:104C40000001534B02469A610A46DA61554BD3E99B
:104C500000014F4B02461A620A465A62514BD3E991
:104C600000014B4B02469A620A46DA624E4BD3E988
:104C70000001474B02461A630A465A634B4BD3E97D
:104C80000001434B02469A630A46DA63484804F03F
:104C9000F5F83F4B4FF6FF721A603D4B454A5A609C
:104CA0003B4B454A9A60454ADA60394B444A1A619F
:104CB000444A5A61364B00229A61434ADA61344BC6
:104CC000424A1A62424A5A62314B424A9A62424A04
:104CD000DA622F4B00221A633B4A5A632C4B4FF087
:104CE00040429A633D4ADA633D490A684B68541C66
:104CF00043F100053A4B22461A602A465A60394B66
:104D0000374A92E8030083E80300374B204A1446F1
:104D10009C4604F1400E654626460FCE2860696029
:104D2000AA60EB6010340CF1100C7445F3D10C2226
:104D300000212E4814F084F82C4B294A92E80300F5
:104D400083E803002A4B264A92E8030083E8030025
:104D5000284B0293402301930D4B00930823204AD4
:104D60002249254804F030F8244804F087F84FF42D
:104D7000C87358221E492248FCF7B0FD214804F0B0
:104D80007DF800BF0437BD46F0BD00BFBCF9010887
:104D900030080020D8050020A0050020A80500202C
:104DA000B0050020B8050020C8050020D00500206F
:104DB000D8F90108A4709D3F11E15F048DB35A40FA
:104DC000EA08E066F1C2254000408F40F8FA5A97A1
:104DD0001AB35A401ABFF04A92BF2540298C674146
:104DE00070080020840800208C080020780800202B
:104DF000CC080020D4080020A8000020F8F9010801
:104E00000808002010FA010880B500AF024804F03D
:104E100035F800BF80BD00BF2CFA010880B500AF97
:104E2000FCF776FF00BF80BD80B500AF024804F0FC
:104E300025F800BF80BD00BF48FA010880B500AF6B
:104E4000024804F01BF800BF80BD00BF64FA0108EF
:104E50002DE9B04FBEB00AAF7860396007F1480362
:104E600050220021184613F0EBFF07F13C0300220B
:104E70001A605A60C3F8072007F12C0300221A6059
:104E80005A609A60C3F80B2007F11C0300221A60D5
:104E90005A609A60C3F80B2007F1140300221A60CD
:104EA000C3F803200023FB740023BB7400237B742E
:104EB00000233B740023FB7307F13C0107F1480218
:104EC00007F10F03099307F11003089307F1140387
:104ED000079307F148033833069307F1480330334B
:104EE000059307F11203049307F11C03039307F1E1
:104EF0001303029307F12C03019307F111030093AD
:104F00000B468B49386813F0EDFE7B7C87F85830F0
:104F10003B7C87F89430FB7B87F8953007F13C03A6
:104F2000184612F00CF8C7F8CC00D7F8CC30814AFC
:104F300082FB03121213DB17D31AFB64D7F8CC30B1
:104F40007D4A82FB03125211DB17D21A7A4B83FB84
:104F500002135911D317CB1A642101FB03F3D31A9F
:104F60003B65D7F8CC20744B83FB02135911D31740
:104F7000CB1A642101FB03F3D31A7B65FB7C87F812
:104F80007030BB7C87F8713007F12C03184611F0A4
:104F9000D3FF87ED300B4FF00002684BD7E93001AB
:104FA000FBF75CFC02460B4610461946FBF7DCFD9E
:104FB0000346C7F8BC30D7F8BC30642202FB03F3C9
:104FC0001846FBF7B7FA02460B46D7E93001FBF764
:104FD00063F902460B46C7E92C23D7F8BC00FBF760
:104FE000A9FA82468B464FF00002554BD7E92C01B7
:104FF000FBF734FC02460B4650465946FBF74EF988
:1050000002460B46C7E91823FB7C532B06D1D7E990
:105010001823904683F00049C7E9188907F11C035B
:10502000184611F089FF87ED2A0B4FF00002434B21
:10503000D7E92A01FBF712FC02460B461046194637
:10504000FBF792FD0346C7F8A430D7F8A4306422DA
:1050500002FB03F31846FBF76DFA02460B46D7E94D
:105060002A01FBF719F902460B46C7E92623D7F8B0
:10507000A400FBF75FFA804689464FF00002304BF0
:10508000D7E92601FBF7EAFB02460B4640464946B4
:10509000FBF704F902460B46C7E91A23BB7C572BE2
:1050A00006D1D7E91A23144683F00045C7E91A450B
:1050B00007F114031846FBF7E3F80346062B2AD141
:1050C00007F10C0300210A461A800A469A703B7DBC
:1050D0003B737B7D7B7307F10C03184611F02FFFA8
:1050E0000346C7F88830BB7D3B73FB7D7B7307F1BC
:1050F0000C03184611F023FF0346C7F88C303B7EA3
:105100003B737B7E7B7307F10C03184611F017FF8E
:105110000346C7F890307B68184607F148035022D1
:10512000194613F0A2FF7868D037BD46BDE8B08FAE
:1051300004FB0108AD8BDB681F85EB510000594073
:1051400000004E402DE9B04FB6B008AF786039602E
:1051500007F1500338220021184613F071FE07F1C1
:10516000400300221A605A609A60C3F80B2007F1CE
:10517000300300221A605A609A60C3F80B200023A3
:10518000FB620023BB624FF000024FF00003C7E94F
:1051900008234FF000024FF00003C7E906234FF049
:1051A00000024FF00003C7E904230023FB73002330
:1051B000BB7307F10F0107F1400207F110030693DB
:1051C00007F11803059307F12003049307F128035F
:1051D000039307F12C03029307F10E03019307F1E8
:1051E000300300930B466049386813F07BFDFB6A7F
:1051F0007B66BB6ABB66D7E90823C7E91C23D7E9EE
:105200000623C7E91E23D7E90423C7E92023FB7B34
:1052100087F86030BB7B87F8613007F140031846A0
:1052200011F08AFE87ED2C0B4FF000024F4BD7E9AF
:105230002C01FBF713FB02460B4610461946FBF701
:1052400093FC0346C7F8AC30D7F8AC30642202FBBD
:1052500003F31846FBF76EF902460B46D7E92C011B
:10526000FBF71AF802460B46C7E92823D7F8AC002B
:10527000FBF760F982468B464FF000023C4BD7E9C2
:105280002801FBF7EBFA02460B4650465946FBF75E
:1052900005F802460B46C7E91423FB7B532B06D1C6
:1052A000D7E91423904683F00049C7E9148907F130
:1052B0003003184611F040FE87ED260B4FF0000238
:1052C0002A4BD7E92601FBF7C9FA02460B461046DE
:1052D0001946FBF749FC0346C7F89430D7F89430D9
:1052E000642202FB03F31846FBF724F902460B463F
:1052F000D7E92601FAF7D0FF02460B46C7E9222379
:10530000D7F89400FBF716F9804689464FF0000263
:10531000174BD7E92201FBF7A1FA02460B4640469C
:105320004946FAF7BBFF02460B46C7E91623BB7B8B
:10533000572B06D1D7E91623144683F00045C7E959
:1053400016457B681D4607F150040FCC0FC50FCCE6
:105350000FC50FCC0FC594E8030085E803007868FB
:10536000B837BD46BDE8B08F44FB01080000594086
:1053700000004E40B0B5A6B000AF424BC7F8943025
:10538000404BC7F8903072E0D7F894301B780D2B63
:1053900068D1D7F8943001331B780A2B62D1D7F843
:1053A0009420D7F89030D31AC7F88C30D7F88C30C7
:1053B000002B09DCD7F894300233C7F89430D7F8C3
:1053C0009430C7F8903052E0D7F88C307F2B02DD54
:1053D0007F23C7F88C30D7F88C301A46D7F8901056
:1053E000294813F042FE284AD7F88C301344002293
:1053F0001A702649244813F03DFD0346002B14D0B3
:10540000234C07F1500320491846FFF79BFE254621
:1054100007F150040FCC0FC50FCC0FC50FCC0FC533
:1054200094E8030085E8030012E01A49164813F0D7
:1054300021FD0346002B0BD0174C3B461249184662
:10544000FFF706FD20463B465022194613F00DFE9D
:10545000D7F894300233C7F89430D7F89430C7F8AF
:10546000903004E0D7F894300133C7F89430D7F87F
:1054700094301B78002B87D1002318469837BD46FF
:10548000B0BD00BF2C0900202C0A002084FB0108BD
:10549000B00A002088FB0108E80A002080B483B02D
:1054A00000AF78600C4BD3E900237968C1E9002391
:1054B000094BD3E902237968C1E90223064BD3E9FA
:1054C0000A237968C1E90423002318460C37BD4636
:1054D0005DF8047B704700BFB00A002080B500AFC4
:1054E000084BD3E908014FF000024FF00003FBF72F
:1054F000F3FA0346002B01D1012300E000231846F4
:1055000080BD00BFB00A00202DE9B04F98B000AFB9
:10551000786039607B68D3E90023C7E914237B688E
:10552000D3E90223C7E912237B68D3E90423C7E93F
:1055300010237B681833D3E90023C7E90E237B6867
:105540001833D3E90223C7E90C237B681833D3E966
:105550000423C7E90A237B683033D3E90023C7E972
:1055600008237B683033D3E90223C7E906237B682D
:105570003033D3E90423C7E90423D7E90423D7E967
:105580000C01FBF741F802460B4690469946D7E9D5
:105590000623D7E90A01FBF737F802460B464046D7
:1055A0004946FAF779FE02460B4610461946D7E9F6
:1055B0001423FBF729F802460B4690469946D7E993
:1055C0000423D7E90E01FBF71FF802460B4692466B
:1055D0009B46D7E90823D7E90A01FBF715F80246ED
:1055E0000B4650465946FAF757FE02460B46104600
:1055F0001946D7E91223FBF707F802460B46404647
:105600004946FAF749FE02460B4690469946D7E9C5
:105610000623D7E90E01FAF7F7FF02460B4692463A
:105620009B46D7E90823D7E90C01FAF7EDFF0246BC
:105630000B4650465946FAF72FFE02460B461046D7
:105640001946D7E91023FAF7DFFF02460B4640461A
:105650004946FAF723FE02460B46C7E91623BC6DFE
:10566000FB6D23F00045B5A3D3E90023204629466E
:10567000FBF73CFA0346002B04D0B0A3D3E9002388
:10568000C7E91623D7E916234FF00000AA49FBF714
:10569000E5F802460B46C7E90223D7E90423D7E918
:1056A0000C01FAF7B1FF02460B4614461D46D7E936
:1056B0000623D7E90A01FAF7A7FF02460B46204660
:1056C0002946FAF7E9FD02460B4610461946D7E986
:1056D0000223FAF799FF02460B463968C1E9002315
:1056E000D7E90623D7E91001FAF78EFF02460B46E9
:1056F00014461D46D7E90423D7E91201FAF784FFBF
:1057000002460B4620462946FAF7C6FD02460B46DE
:1057100010461946D7E90223FAF776FF02460B46F0
:105720003968C1E90223D7E90A23D7E91201FAF758
:105730006BFF02460B4614461D46D7E90C23D7E9FA
:105740001001FAF761FF02460B4620462946FAF798
:10575000A3FD02460B4610461946D7E90223FAF785
:1057600053FF02460B463968C1E90423D7E90823F1
:10577000D7E90A01FAF748FF02460B4614461D46D0
:10578000D7E90423D7E90E01FAF73EFF02460B469C
:1057900020462946FAF780FD02460B461046194678
:1057A0003B6803F11804D7E90223FAF72DFF0246FC
:1057B0000B46C4E90023D7E90423D7E91401FAF71B
:1057C00023FF02460B4614461D46D7E90823D7E9B6
:1057D0001001FAF719FF02460B4620462946FAF750
:1057E0005BFD02460B46104619463B6803F1180460
:1057F000D7E90223FAF708FF02460B46C4E9022361
:10580000D7E90E23D7E91001FAF7FEFE02460B4650
:1058100014461D46D7E90A23D7E91401FAF7F4FE26
:1058200002460B4620462946FAF736FD02460B464D
:10583000104619463B6803F11804D7E90223FAF72A
:10584000E3FE02460B46C4E90423D7E90623D7E961
:105850000E01FAF7D9FE02460B4614461D46D7E95B
:105860000823D7E90C01FAF7CFFE02460B46204683
:105870002946FAF711FD02460B46104619463B68C9
:1058800003F13004D7E90223FAF7BEFE02460B46C5
:10589000C4E90023D7E91223D7E90801FAF7B4FED7
:1058A00002460B4614461D46D7E90623D7E91401E4
:1058B000FAF7AAFE02460B4620462946FAF7ECFC08
:1058C00002460B46104619463B6803F13004D7E9FF
:1058D0000223FAF799FE02460B46C4E90223D7E9F0
:1058E0000C23D7E91401FAF78FFE02460B46144643
:1058F0001D46D7E90E23D7E91201FAF785FE0246C5
:105900000B4620462946FAF7C7FC02460B461046CE
:1059100019463B6803F13004D7E90223FAF774FE15
:1059200002460B46C4E9042300BF6037BD46BDE80C
:10593000B08F00BFAFF300800000F03F11EA2D816F
:105940009997713D000000002DE9F043E3B000AFEE
:1059500007F5C473A3F5B673186007F1180303EDD8
:10596000020B07F1080383ED001B07F1080303EDA9
:10597000022B07F5C473A3F5B6731B68D3E9AE23F6
:10598000C7E95A234FF00002AB4BD7E95A01FAF7A7
:105990003BFE02460B46D7E95A01FAF735FE0246AE
:1059A0000B46C7E9582307F1180319469CA3D3E90E
:1059B000002351E90201FAF751FF02460B46C7E9FD
:1059C000562307F5C473A3F5B6731B68D3E900012A
:1059D00095A3D3E90023FAF717FE02460B46C7E961
:1059E000542397ED540B16F073FD87ED600B90A3D5
:1059F000D3E90023D7E96001FBF778F80346002BD1
:105A000004D08BA3D3E90023C7E9602384A3D3E99F
:105A10000023D7E96001FAF7F7FD02460B4607F1CC
:105A20000801D1E90001FAF719FF02460B46C7E960
:105A3000522307F1080353E90223C7E9502307F56E
:105A4000C473A3F5B6731B68D3E9004507F5C473A7
:105A5000A3F5B6731B68D3E90601D7E95A23FAF711
:105A6000D3FD02460B4690469946D7E95823D7E91D
:105A70005601FAF7C9FD02460B4640464946FAF779
:105A80000DFC02460B4620462946FAF707FC024663
:105A90000B4607F5C471A1F5B6710968C1E9002389
:105AA00007F5C473A3F5B6731B68D3E9024507F580
:105AB000C473A3F5B6731B68D3E90801D7E95A2369
:105AC000FAF7A2FD02460B4690469946D7E95823BD
:105AD000D7E95201FAF798FD02460B46404649467F
:105AE000FAF7DCFB02460B4620462946FAF7D6FBBE
:105AF00002460B4607F5C471A1F5B6710968C1E904
:105B0000022307F5C473A3F5B6731B68D3E90445F4
:105B100007F5C473A3F5B6731B68D3E90A01D7E987
:105B20005A23FAF771FD02460B4690469946D7E98B
:105B30005823D7E95001FAF767FD02460B46404665
:105B40004946FAF7ABFB02460B4620462946FAF7D0
:105B5000A5FB02460B4607F5C471A1F5B6710968AD
:105B6000C1E9042307F5C473A3F5B6731B68D3E931
:105B70000645D7E95A23D7E95601FAF745FD02460B
:105B80000B4620462946FAF789FB02460B4607F5E5
:105B9000C471A1F5B6710968C1E9062307F5C4739C
:105BA000A3F5B6731B68D3E90845D7E95A23D7E9AB
:105BB0005201FAF729FD02460B4620462946FAF71C
:105BC0006DFB02460B4607F5C471A1F5B671096875
:105BD000C1E9082307F5C473A3F5B6731B68D3E9BD
:105BE0000A45D7E95A23D7E95001FAF70DFD0246D5
:105BF0000B4620462946FAF751FB02460B4607F5AD
:105C0000C471A1F5B6710968C1E90A230023C7F878
:105C10007C3192E00023C7F8783185E0AFF3008053
:105C200000000000782DFB40399D52A246DF913FD5
:105C30002D431CEBE2361A3F0000E03F07F5C4732A
:105C4000A3F5B6731968D7F87C2113465B0013449B
:105C50005B00D7F8782113440633DB000B44D3E90B
:105C6000000107F5C473A3F5B474D7F87C2113467B
:105C70005B0013445B00D7F878211344DB00234416
:105C8000C3E90001D7F87C31022B48DC07F5C47367
:105C9000A3F5B471D7F87C2113465B0013445B0075
:105CA000D7F878211344DB000B44D3E9004507F50E
:105CB000C473A3F5B6731B68D3E9AE01D7F87C3182
:105CC000DA1C07F5C473A3F5B6731E6813465B00B0
:105CD00013445B00D7F8782113440633DB003344C8
:105CE000D3E90023FAF790FC02460B4620462946EA
:105CF000FAF7D4FA02460B461046194607F5C47364
:105D0000A3F5B474D7F87C2113465B0013445B0001
:105D1000D7F878211344DB002344C3E90001D7F806
:105D200078310133C7F87831D7F87831052B85DD24
:105D3000D7F87C310133C7F87C31D7F87C31052B9B
:105D40007FF768AF0023C7F87431C4E00023C7F8B9
:105D50007031B6E007F5C473A3F5B471D7F87421B8
:105D600013465B0013445B00D7F870211344DB003B
:105D70000B44D3E9000107F5C473A3F5B6731C689F
:105D8000D7F8742113465B0013445B00D7F87021E9
:105D900013440633DB002344C3E90001D7F8703114
:105DA000022B4ADC07F5C473A3F5B6731968D7F85C
:105DB000742113465B0013445B00D7F87021134431
:105DC0000633DB000B44D3E90045D7F87031D81C0B
:105DD00007F5C473A3F5B471D7F8742113465B00BB
:105DE00013445B000344DB000B44D3E9000107F5D7
:105DF000C473A3F5B6731B68D3E9AE23FAF704FCAA
:105E000002460B4620462946FAF748FA02460B4658
:105E10001046194607F5C473A3F5B6731C68D7F886
:105E2000742113465B0013445B00D7F870211344C0
:105E30000633DB002344C3E9000107F5C473A3F56F
:105E4000B6731968D7F8742113465B0013445B00DE
:105E5000D7F8702113440633DB000B44D3E900016B
:105E600007F5C473A3F5B6731C68D7F874211346FD
:105E70005B0013445B00D7F8702113442A33DB0026
:105E80002344D3E90023FAF709FA02460B461046E9
:105E9000194607F5C473A3F5B6731C68D7F87421C7
:105EA00013465B0013445B00D7F87021134406339C
:105EB000DB002344C3E90001D7F870310133C7F890
:105EC0007031D7F87031052B7FF744AFD7F87431B4
:105ED0000133C7F87431D7F87431052B7FF736AF2B
:105EE00000BF00BF07F5C677BD46BDE8F08300BF21
:105EF000F0B5ADF52B7D00AF07F52A73A3F523733D
:105F0000186007F1180303ED020B07F1080383ED96
:105F1000001B07F1080303ED022B07F52A73A3F515
:105F200023731B68D3E9002307F1180151E902012B
:105F3000FAF7B2F902460B46C7E9982307F52A7328
:105F4000A3F523731B68D3E9022307F10801D1E904
:105F50000001FAF7A1F902460B46C7E99A2307F5B3
:105F60002A73A3F523731B68D3E9042307F10801FF
:105F700051E90201FAF790F902460B46C7E99C2362
:105F80000023C7F8A4324BE00023C7F8A0323EE05C
:105F900007F52A73A3F523731968D7F8A4221346CB
:105FA0005B0013445B00D7F8A02213440633DB00E8
:105FB0000B44D3E9000107F52A73A3F523731C688A
:105FC000D7F8A42213465B001344D7F8A022134449
:105FD0004E33DB002344D3E90023FAF75FF902468E
:105FE0000B4610461946D7F8A42213465B0013440B
:105FF000D7F8A0221344DB0003F52A733B44903BFF
:10600000C3E90001D7F8A0320133C7F8A032D7F8AE
:10601000A032022BBCDDD7F8A4320133C7F8A4327A
:10602000D7F8A432022BAFDD07F5E87207F5067347
:1060300011461846FFF768FA0023C7F89C3280E043
:106040000023C7F8983273E007F52A73A3F5B471FB
:10605000D7F89C2213465B001344D7F898221344C8
:10606000DB0019444FF000024FF00003C1E90023A8
:106070000023C7F8943252E007F52A73A3F5B471F0
:10608000D7F89C2213465B001344D7F89822134498
:10609000DB000B44D3E9004507F52A73A3F523730E
:1060A0001968D7F89C2213465B0013445B00D7F8AD
:1060B000942213440633DB000B44D3E90001D7F8E4
:1060C000942213465B001344D7F898221344DB0054
:1060D00003F52A733B44D83BD3E90023FAF794FA3B
:1060E00002460B4620462946FAF7D8F802460B46E8
:1060F0001046194607F52A73A3F5B474D7F89C2205
:1061000013465B001344D7F898221344DB00234462
:10611000C3E90001D7F894320133C7F89432D7F8B5
:106120009432022BA8DDD7F898320133C7F89832A1
:10613000D7F89832022B87DDD7F89C320133C7F8A5
:106140009C32D7F89C32052B7FF77AAF0023C7F833
:1061500090324AE00023C7F88C323DE007F52A73FD
:10616000A3F523731A68D7F89032DB001344D3E900
:10617000004507F52A73A3F5B471D7F890221346AA
:106180005B001344D7F88C221344DB000B44D3E9A3
:106190000001D7F88C32DB0003F52A733B44483BFF
:1061A000D3E90023FAF730FA02460B462046294687
:1061B000FAF774F802460B4607F52A71A1F5237128
:1061C0000868D7F89012C9000144C1E90023D7F844
:1061D0008C320133C7F88C32D7F88C32022BBDDDFC
:1061E000D7F890320133C7F89032D7F89032052BA8
:1061F000B0DD07F52A73A3F5227318464FF49073A8
:106200001A46002112F01CFE0023C7F888326FE006
:106210000023C7F8843262E00023C7F8803255E0DB
:1062200007F52A73A3F52271D7F8882213465B007D
:1062300013445B00D7F884221344DB000B44D3E9FA
:10624000004507F52A73A3F5B471D7F888221346E1
:106250005B001344D7F880221344DB000B44D3E9DE
:10626000000107F52A73A3F523731E68D7F880226F
:1062700013465B0013445B00D7F8842213440633B3
:10628000DB003344D3E90023FAF7BEF902460B469C
:1062900020462946FAF702F802460B4610461946F0
:1062A00007F52A73A3F52274D7F8882213465B00FA
:1062B00013445B00D7F884221344DB002344C3E972
:1062C0000001D7F880320133C7F88032D7F8803226
:1062D000022BA5DDD7F884320133C7F88432D7F812
:1062E0008432052B98DDD7F888320133C7F888321D
:1062F000D7F88832052B8BDD0023C7F87C324EE0BF
:106300000023C7F8783241E007F52A73A3F5237319
:106310001968D7F87C2213465B0013445B00D7F85A
:10632000782213440633DB000B44D3E9000107F560
:106330002A73A3F52274D7F87C2213465B0013441A
:106340005B00D7F878221344DB002344D3E9002311
:10635000F9F7A2FF02460B461046194607F52A73C5
:10636000A3F523731C68D7F87C2213465B00134403
:106370005B00D7F8782213440633DB002344C3E9DB
:106380000001D7F878320133C7F87832D7F878327D
:10639000052BB9DDD7F87C320133C7F87C32D7F84A
:1063A0007C32052BACDD00BF00BF07F52B77BD4667
:1063B000F0BD0000000000002DE9F043A3B000AFE5
:1063C00087ED0C0B87ED0A1B87ED082B87ED063B4D
:1063D00087ED044B87ED025B7860D8A3D3E90023F7
:1063E000C7E92023D7E92023D7E90601FAF70CF9FA
:1063F00002460B46C7E91E23D7E92023D7E904014B
:10640000FAF702F902460B46C7E91C23D7E9202315
:10641000D7E90201FAF7F8F802460B46C7E91A2352
:1064200097ED1E0B16F054F887ED180B97ED1E0B29
:1064300016F0AAF887ED160B97ED1C0B16F048F82E
:1064400087ED140B97ED1C0B16F09EF887ED120BE1
:1064500097ED1A0B16F03CF887ED100B97ED1A0B21
:1064600016F092F887ED0E0BD7E91023D7E9180143
:10647000FAF7CAF802460B467968C1E90023D7E962
:106480001623D7E91201FAF7BFF802460B46104669
:106490001946D7E91023FAF7B7F802460B4690469B
:1064A0009946D7E90E23D7E91401FAF7ADF8024669
:1064B0000B4640464946F9F7EFFE02460B4679681F
:1064C000C1E90223D7E91623D7E91401FAF79CF8AA
:1064D00002460B4610461946D7E91023FAF794F8FE
:1064E00002460B4690469946D7E90E23D7E912019A
:1064F000FAF78AF802460B4640464946F9F7CEFEBF
:1065000002460B467968C1E904237B6803F118064B
:10651000D7E90E23D7E91801FAF776F802460B46B9
:10652000C6E90023D7E91623D7E91201FAF76CF878
:1065300002460B4610461946D7E90E23FAF764F8CF
:1065400002460B4690469946D7E91023D7E9140135
:10655000FAF75AF802460B46104619467B6803F1D3
:10656000180602460B4640464946F9F797FE024692
:106570000B46C6E90223D7E91623D7E91401FAF737
:1065800043F802460B4610461946D7E90E23FAF7A0
:106590003BF802460B4690469946D7E91023D7E9C7
:1065A0001201FAF731F802460B46104619467B688D
:1065B00003F1180602460B4640464946F9F76CFEC1
:1065C00002460B46C6E904237B683033BC6DFA6D86
:1065D00082F00045C3E900457B6803F13004D7E948
:1065E0001823D7E91201FAF70FF802460B46C4E95F
:1065F00002237B6803F13004D7E91823D7E914019B
:10660000FAF702F802460B46C4E904237B68D3E993
:106610000001D7E90C23F9F7F7FF02460B461446B1
:106620001D467B68D3E90201D7E90A23F9F7ECFF9D
:1066300002460B4620462946F9F730FE02460B4635
:1066400014461D467B68D3E90401D7E90823F9F70E
:10665000DBFF02460B4620462946F9F71FFE02469D
:106660000B463549C1E900237B681833D3E90001A3
:10667000D7E90C23F9F7C8FF02460B4614461D461E
:106680007B681833D3E90201D7E90A23F9F7BCFF85
:1066900002460B4620462946F9F700FE02460B4605
:1066A00014461D467B681833D3E90401D7E9082353
:1066B000F9F7AAFF02460B4620462946F9F7EEFDF8
:1066C00002460B461C49C1E902237B683033D3E9FB
:1066D0000001D7E90C23F9F797FF02460B46144651
:1066E0001D467B683033D3E90201D7E90A23F9F765
:1066F0008BFF02460B4620462946F9F7CFFD02469E
:106700000B4614461D467B683033D3E90401D7E9B4
:106710000823F9F779FF02460B4620462946F9F788
:10672000BDFD02460B460449C1E9042300BF8C3776
:10673000BD46BDE8F08300BFF80D0020399D52A290
:1067400046DF913F80B588B000AFF86187ED040B5C
:1067500087ED021B87ED002BB961144B93ED027B93
:10676000124B93ED006B114B93ED045BB0EE452A99
:10677000F0EE652AB0EE461AF0EE661AB0EE470A61
:10678000F0EE670AF869FFF7DFF8BB69012B08D163
:1067900097ED002B97ED021B97ED040BF869FFF7BF
:1067A000A7FB00BF2037BD4680BD00BFF80D00200D
:1067B00080B584B000AF7860104802F05FFB012321
:1067C000FB7313E0FB7B9BB25B0099B20A230122AF
:1067D000786808F097FB0346002B04D1FB7B194631
:1067E000074802F04BFBFB7B0133FB73FB7B7E2BEB
:1067F000E8D900BF00BF1037BD4680BD8CFB010843
:10680000A8FB010880B586B002AF3A601A4603467D
:10681000FB710B46BB7113467B71FB793B73BB79F4
:106820007B737B7999B2642307F10C0200930223F6
:10683000386807F07DFF00BF1037BD4680BD0000FF
:1068400080B483B000AF344B1B781BB21B021AB26A
:10685000314B5B781BB21343FB802F4B9B781BB2F1
:106860001B021AB22C4BDB781BB21343BB802A4BA2
:106870001B791BB21B021AB2274B5B791BB2134365
:106880007B80B7F9063007EE903AB8EEE77A234BF3
:10689000D3ED037A37EE677A204BD3ED067A27EEF5
:1068A000277ADFED1F6AC7EE267A1C4BC3ED007A0C
:1068B000B7F9043007EE903AB8EEE77A174BD3ED0C
:1068C000047A37EE677A154BD3ED077A27EE277AED
:1068D000DFED136AC7EE267A104BC3ED017AB7F9E4
:1068E000023007EE903AB8EEE77A0C4BD3ED057A1A
:1068F00037EE677A094BD3ED087A27EE277ADFED7A
:10690000086AC7EE267A054BC3ED027A00BF0C3742
:10691000BD465DF8047B7047100E00203C0E002041
:106920000000804500000000B0B582B000AF7C4B95
:106930005B781BB21B021AB2794B1B781BB2134354
:10694000FB80774BDB781BB21B021AB2744B9B782F
:106950001BB21343BB80724B5B791BB21B021AB292
:106960006F4B1B791BB213437B80B7F9063007EEE0
:10697000903AB8EEE77A6B4BD3ED007A67EE277A60
:1069800017EE900AF9F7E8FD5DA3D3E90023F9F7C4
:106990003BFE02460B4614461D46634B9B6F184652
:1069A000F9F7DAFD02460B4620462946F9F72CFE98
:1069B00002460B4610461946FAF71EF903465A4A94
:1069C0001366B7F9043007EE903AB8EEE77A554B04
:1069D000D3ED017A67EE277A17EE900AF9F7BCFD3E
:1069E00047A3D3E90023F9F70FFE02460B461446EE
:1069F0001D464D4BDB6F1846F9F7AEFD02460B46C0
:106A000020462946F9F700FE02460B461046194675
:106A1000FAF7F2F80346444A5366B7F9023007EE34
:106A2000903AB8EEE77A3F4BD3ED027A67EE277AD9
:106A300017EE900AF9F790FD31A3D3E90023F9F797
:106A4000E3FD02460B4614461D46374BD3F8803013
:106A50001846F9F781FD02460B4620462946F9F70C
:106A6000D3FD02460B4610461946FAF7C5F8034611
:106A70002D4A93662C4B1B6E1846F9F76DFD22A329
:106A8000D3E90023F9F70AFC02460B4610461946E3
:106A9000FAF7B2F80346244A1366234B5B6E184696
:106AA000F9F75AFD02460B4619A1D1E90001F9F7A1
:106AB000F3FB02460B4610461946FAF79DF80346CB
:106AC000194A5366184BD3ED1A7A9FED187A77EE70
:106AD000677A17EE900AF9F73FFD0FA3D3E9002379
:106AE000F9F7DAFB02460B4610461946FAF784F826
:106AF00003460D4A936600BF0837BD46B0BD00BFD0
:106B0000333333333333C33FC3F5285C8FC20A407A
:106B1000295C8FC2F5084D408FC2F5285C4F31408B
:106B2000200E00202C0E00203C0E00200000000053
:106B300080B483B000AF254B1B781BB21B021AB286
:106B4000224B5B781BB21343FB80204B9B781BB21C
:106B50001B021AB21D4BDB781BB21343BB801B4BCD
:106B60001B791BB21B021AB2184B5B791BB2134381
:106B70007B80B7F9063007EE903AB8EEE77ADFEDA2
:106B8000146AC7EE267A134BC3ED097AB7F90430BD
:106B900007EE903AB8EEE77ADFED0D6AC7EE267A97
:106BA0000C4BC3ED0A7AB7F9023007EE903AB8EE13
:106BB000E77ADFED076AC7EE267A064BC3ED0B7A5C
:106BC00000BF0C37BD465DF8047B7047180E0020EF
:106BD000000083423C0E002080B584B002AF786094
:106BE000062301932E4B009301233B22D02178688A
:106BF00008F0CEF80346002B4AD12A4B1B684FF011
:106C0000FF3118460DF076FD0346002B02D02648D2
:106C100002F034F906230193244B0093012343220D
:106C2000D021786808F0B4F80346002B32D11D4B10
:106C30001B684FF0FF3118460DF05CFD0346002B3A
:106C400002D01B4802F01AF907230193194B009355
:106C5000012303221821786808F09AF80346002BD4
:106C60001AD1104B1B684FF0FF3118460DF042FD52
:106C70000346002B02D0104802F000F9786800F0BB
:106C800097FBFFF7DDFDFFF753FFFFF74DFE04E035
:106C900000BF02E000BF00E000BF0837BD4680BD76
:106CA000100E002028090020C8FB0108180E002043
:106CB000D4FB0108200E0020E0FB010880B582B063
:106CC00000AF7860786800F089F9786800F0E2F940
:106CD000786800F023FB786800F0D0FE00BF08372A
:106CE000BD4680BD80B52DED028B86B000AF7860CB
:106CF0007868FFF771FFAA4BD3ED007AB1EE678A8F
:106D0000A74B93ED017AA64BD3ED017A27EE277AB4
:106D1000A34BD3ED026AA24BD3ED027A66EEA77ABB
:106D200077EE277AB0EE670A15F0DCFCF0EE407AD9
:106D3000F0EE670AB0EE480A15F07AFC87ED050A16
:106D4000974B93ED018A964B93ED007A944BD3EDDC
:106D5000007A27EE277A924BD3ED026A904BD3ED5F
:106D6000027A66EEA77A77EE277AB0EE670A15F018
:106D7000B9FCF0EE407AF0EE670AB0EE480A15F082
:106D800057FC87ED040AD7ED057A9FED867A27EE4A
:106D9000877ADFED856AC7EE267A814BC3ED247AC8
:106DA000D7ED047A9FED7F7A27EE877ADFED7E6A52
:106DB000C7EE267A7A4BC3ED267A794BD3ED247A47
:106DC0009FED7A7AF4EEC77AF1EE10FA03DD744B98
:106DD000774AC3F89020724BD3ED247A9FED757AF1
:106DE000F4EEC77AF1EE10FA03D56D4B724AC3F890
:106DF000902009E06A4BD3ED267A9FED707A77EE0A
:106E0000C77A674BC3ED267A654BD3ED267A9FEDA3
:106E1000657AF4EEC77AF1EE10FAEBDC09E0604B2C
:106E2000D3ED267A9FED657A77EE877A5C4BC3EDDA
:106E3000267A5B4BD3ED267A9FED617AF4EEC77A22
:106E4000F1EE10FAEBD4564B93ED188A97ED050A44
:106E500015F066FCF0EE407A28EE278A504BD3ED11
:106E6000198A97ED040A15F09FFCF0EE407A68EE5F
:106E7000A78A97ED050A15F097FCF0EE407A68EEC8
:106E8000A77A38EE278A464BD3ED1A8A97ED040A83
:106E900015F046FCF0EE407A68EEA78A97ED050AF9
:106EA00015F082FCF0EE407A68EEA77A78EE277A49
:106EB000C7ED037A3A4B93ED198A97ED040A15F062
:106EC0002FFCF0EE407A28EE278A354BD3ED1A8A54
:106ED00097ED040A15F068FCF0EE407A68EEA77AA8
:106EE00078EE677AC7ED027AD7ED030A97ED020ACA
:106EF00015F09EFBF0EE407A9FED2A7A27EE877A16
:106F0000DFED296AC7EE267A254BC3ED257A244B9F
:106F1000D3F890301846F9F71FFB02460B46294874
:106F200001F0ACFF1E4BD3F894301846F9F714FB70
:106F300002460B46244801F0A1FF194BD3F89830C4
:106F40001846F9F709FB02460B46204801F096FF68
:106F5000134BD3F89C301846F9F7FEFA02460B465D
:106F60001B4801F08BFF0E4BD3F8A4301846F9F7FD
:106F7000F3FA02460B46174801F080FF084BD3F89E
:106F8000A0301846F9F7E8FA02460B46124801F01D
:106F900075FF00BF1837BD46BDEC028B80BD00BF3A
:106FA0003C0E002000003443DB0F49400000B44297
:106FB0000000B4420000B4C20000B4C20000B443F8
:106FC000000034C3ECFB010808FC010820FC0108A8
:106FD0003CFC010860FC01087CFC010880B586B01F
:106FE00004AF78606423029301230193274B00933D
:106FF00001237522D021786807F098FC234B1B7879
:10700000712B3ED1D0237A6880216B20FFF7FAFBE9
:10701000642005F0D3FED0237A6801216B20FFF7AE
:10702000F1FB0A2005F0CAFED0237A6800216C200B
:10703000FFF7E8FBD0237A6803211A20FFF7E2FB71
:10704000D0237A6803211920FFF7DCFBD0237A686C
:1070500008211B20FFF7D6FBD0237A6810211C20C3
:10706000FFF7D0FBD0237A6803211D20FFF7CAFB6E
:10707000D0237A6802213720FFF7C4FB044801F0CF
:10708000FDFE00BF0837BD4680BD00BF380E0020A2
:1070900098FC01082DE9B04388B004AF7860642300
:1070A0000293012301934E4B0093012300221821E8
:1070B000786807F03BFC4A4B1B781946494801F0B9
:1070C000DDFE474B1B78482B40F0858018237A68FB
:1070D00001210B20FFF796FB142005F06FFE18230B
:1070E0007A6800210A20FFF78DFB0A2005F066FE72
:1070F00018237A680F210A20FFF784FB0A2005F085
:107100005DFE6423029303230193374B0093012315
:1071100010221821786807F009FC0023FB6019E0B1
:10712000314AFB6813441B78803B07EE903AB8EE77
:10713000E77ADFED2E6AC7EE267AB7EE007A77EEB1
:10714000877A2B4AFB689B001344C3ED007AFB68E7
:107150000133FB60FB68022BE2DD234B1B781946F1
:10716000214B5B781A46204B9B78224801F086FE23
:107170001F4B1B681846F9F7EFF9804689461C4BF0
:107180005B681846F9F7E8F904460D46184B9B680A
:107190001846F9F7E1F902460B46CDE90223CDE99D
:1071A000004542464B46144801F068FE18237A68B1
:1071B00000210A20FFF726FB0A2005F0FFFD182317
:1071C0007A6816210A20FFF71DFB0A2005F0F6FD5C
:1071D0000A4801F053FE00BF1037BD46BDE8B0833A
:1071E000380E0020B0FC0108280E0020000080436B
:1071F0002C0E0020C0FC0108D0FC0108E8FC0108AE
:1072000080B58CB004AF786042F2107302931823FB
:10721000019307F10803009301238822EE21786887
:1072200007F084FB3B7A1A467B7A1B029BB213441D
:107230009AB2394BDA80BB7A1A46FB7A1B029BB2B0
:1072400013449BB21AB2344B1A833B7B1A467B7BA6
:107250001B029BB213449BB21AB22F4B5A83BB7BC7
:107260001A46FB7B1B029BB213449AB22A4B9A80AC
:107270003B7C1A467B7C1B029BB213449BB21AB226
:10728000254B1A81BB7C1A46FB7C1B029BB2134424
:107290009BB21AB2204B5A813B7D1A467B7D1B0262
:1072A0009BB213449BB21AB21B4B9A81BB7D1A4608
:1072B000FB7D1B029BB213449BB21AB2164BDA81C0
:1072C0003B7E1A467B7E1B029BB213449BB21AB2D2
:1072D000114B1A82BB7E1A46FB7E1B029BB21344E3
:1072E0009BB21AB20C4B5A823B7F1A467B7F1B0221
:1072F0009BB213449BB21AB2074B9A82BB7F1A46C9
:10730000FB7F1B029BB213449BB21AB2024BDA8280
:1073100000BF2037BD4680BDE40E002080B588B098
:1073200004AF7860642302930123019307F10F03F4
:1073300000930123D022EE21786807F0F7FAFB7B57
:10734000582B2FD1EE237A68B621E020FFF75AFAA6
:10735000642302930123019307F10E030093012399
:10736000F322EE21786807F0E1FABB7B03F001031A
:10737000002BEDD17868FFF743FFEE237A680021F8
:10738000F420FFF73FFAEE237A685021F520FFF74B
:1073900039FAEE237A68B721F420FFF733FA03486D
:1073A00001F06CFD00BF1037BD4680BDF8FC010840
:1073B0002DE9B04FD6B004AFC7F80C016423029397
:1073C0000123019307F2171300930123F322EE2107
:1073D000D7F80C0107F0AAFA97F8173103F0090360
:1073E000002BEBD1642302930623019307F58873E6
:1073F00000930123F722EE21D7F80C0107F096FA4B
:107400000346002B03D0DA4801F038FD25E397F856
:1074100010311A0397F811311B011A4397F81231F2
:107420001B09DBB21343C7F8443197F813311A0331
:1074300097F814311B011A4397F815311B09DBB279
:107440001343C7F84031D7F84031DA10C94BDB8815
:107450005B00D21AC74BB3F9183002FB03F3DB12FF
:10746000C7F83C31D7F840311A11C24BDB88D11A2A
:10747000D7F840311A11BF4BDB88D31A01FB03F355
:107480001A13BC4BB3F91A3002FB03F39B13C7F872
:107490003831D7F83C21D7F838311344C7F83431A4
:1074A000D7F8342113469B00134480331B1207EE98
:1074B000903AF8EEE77A9FEDB07A67EE877AAF4BB5
:1074C000C3ED277AD7F83431DA17C7F8C830C7F8D0
:1074D000CC20D7E932120B46B3F5FA33BB6413461E
:1074E00043F1FF33FB64D7E91223C7E94A23D7F8F6
:1074F0002C21D7F8283103FB02F1D7F82C21D7F83B
:10750000283102FB03F3CA18D7F82831A3FB03453F
:1075100053191D46974BB3F910301BB2DA17C7F851
:10752000C030C7F8C420D7E93001034603FB05F299
:107530000B4604FB03F313440246A4FB0212C7F8F4
:10754000D4200A46C7F8D020D7F8D4201344C7F86F
:10755000D430D7E93434C7E94834C7E94834854BD7
:10756000B3F90E301BB2DA17C7F8B830C7F8BC2031
:10757000D7F82831D7E92E452A4602FB03F2D7F87F
:107580002C31214601FB03F31A44D7F82831214658
:10759000A3FB01AB02EB0B039B464FF000004FF047
:1075A00000014FEA4B4141EADA314FEA4A40D7E95C
:1075B000482314183C644B417B64D7E91034C7E975
:1075C00048346C4BB3F90C301BB2DA17C7F8B03043
:1075D000C7F8B4204FF000004FF00001D7F8B030EA
:1075E000D9000020D7E948231418BC634B41FB6342
:1075F000D7E90E34C7E94834D7F82C21D7F8283119
:1076000003FB02F1D7F82C21D7F8283102FB03F352
:10761000CA18D7F82831A3FB038902EB090399465E
:10762000544BB3F90A301BB2DA17C7F8A830C7F8C1
:10763000AC20D7E92A01034603FB09F20B4608FBFD
:1076400003F313440246A8FB0212C7F804210A46BA
:10765000C7F80021D7F804211344C7F804314FF0CC
:1076600000004FF00001D7E940452346180A2B4699
:1076700040EA03602B4619123E4BB3F908301BB2A7
:10768000DA17C7F8A030C7F8A420D7F82831D7E90F
:1076900028894A4602FB03F2D7F82C31444604FB02
:1076A00003F31A44D7F828314446A3FB0443C7F830
:1076B000FC302346C7F8F830D7F8FC30D318C7F8A9
:1076C000FC304FF000024FF00003D7E93E894C46F2
:1076D0002303444643EA14534446220384183C637C
:1076E00041EB03037B63D7E90C34C7E94A34D7E99C
:1076F0004A2303F50041C7F89C10C7F898201D4B9A
:107700009B889BB20022C7F89030C7F89420D7E935
:1077100026452B46D7E92489424602FB03F24B4615
:10772000214601FB03F3134422464146A2FB01120A
:10773000C7F8F4200A46C7F8F020D7F8F42013441D
:10774000C7F8F4304FF000024FF00003D7E93C4592
:1077500029464A102946CB17C7E94A23D7E94A23C5
:1077600013430DD1054B4FF00002C3F8A02074E184
:1077700008FD0108E40E00200AD7233C3C0E00203F
:10778000D7F84431C3F580130022BB62FA62D7E90F
:107790000A34C7E94634D7F818315B08C7F88C308B
:1077A000D7F81831DB07C7F88830D7E94823D7E97D
:1077B00022452146891AC7F88010294661EB030348
:1077C000C7F88430D7E9204522462B469118396204
:1077D0005B417B62D7E9082321465118B9612946EC
:1077E0004B41FB614FF000024FF00003D7E90689DF
:1077F00049468B01414643EA916341468A0141462D
:1078000089183961494643EB010179614FF0000263
:107810004FF00003D7E9048949468B00414643EA0B
:10782000917341468A0010461946034622469B182A
:10783000BB600B462A4642EB0303FB604FF000029D
:107840004FF00003D7E9028949468B00414643EADD
:10785000917341468A0010461946034622469B18FA
:10786000BB672B460A4642EB0303FB67D7E94A2373
:10787000D7E91E01F9F71EFB02460B46C7E946236E
:10788000784BB3F916301BB2DA173B677A67D7E942
:1078900046234FF000004FF00001500B40EAC34078
:1078A0005913D7E91C452B4600FB03F2234603FB83
:1078B00001F313442246A2FB0012C7F8EC200A464B
:1078C000C7F8E820D7F8EC201344C7F8EC30D7E924
:1078D00046234FF000004FF00001500B40EAC34038
:1078E0005913D7E93A452B4600FB03F2234603FB25
:1078F00001F313442246A2FB0012C7F8E4200A4613
:10790000C7F8E020D7F8E4201344C7F8E4304FF07C
:1079100000024FF00003D7E9384521464A0E2946B8
:1079200042EAC11229464B16C7E94A234D4BB3F927
:1079300014301BB2DA17BB66FA66D7F81831D7E9EC
:107940001A452A4602FB03F2D7F81C31214601FBF7
:1079500003F31344D7F818212146A2FB0112C7F8FC
:10796000DC200A46C7F8D820D7F8DC201344C7F833
:10797000DC304FF000024FF00003D7E936452146D6
:10798000CA0C294642EA41322946CB14C7E94823AA
:10799000D7E94601D7E94A2384183C6641EB030343
:1079A0007B66D7E94823D7E9184521468918B96588
:1079B000294643EB0101F9654FF000004FF000014B
:1079C000D7E916452346180A2B4640EA03602B46A2
:1079D0001912244BB3F912301BB2DA173B657A65E2
:1079E0004FF000024FF00003D7E914894C46230101
:1079F000444643EA14734446220184183C6041EB38
:107A000003037B60D7E90034C7E94634D7E9460170
:107A1000F9F712FA06EE900A9FED137AC6EE877A0E
:107A2000124BC3ED287A114BD3ED287ADFED106AA3
:107A300087EEA67ADFED0F0AB0EE470A14F0FAFDE2
:107A4000F0EE407AB7EE007A77EE677A9FED0A7A29
:107A500067EE877A054BC3ED297A07F5A477BD4613
:107A6000BDE8B08FE40E0020000080433C0E0020F3
:107A700080E6C547AEDC423EB2132D4780B584B0E8
:107A800000AF78604FF47A73FB602B4801F0F6F991
:107A9000642005F093F9294B294ADA60274B294ADB
:107AA0001A61264B284A5A61244B284A9A61234B73
:107AB000274ADA61214B274A1A62204B264A9A67E5
:107AC0001E4B264ADA671D4B254AC3F880201B4B04
:107AD000244A1A63194B244A5A63184B234A9A635F
:107AE000164B234ADA63154B224A1A64134B224A77
:107AF0005A64124B214A9A64104B214ADA640F4BA4
:107B00001F4A1A650D4B1F4A5A650C4B1D4A9A6550
:107B10000A4B1C4ADA65094B1B4AC3F88420074B01
:107B20001A4AC3F88820054B194AC3F88C2000BFB5
:107B30001037BD4680BD00BF1CFD01083C0E002073
:107B4000B6937443E9E62A43C891A3C35A647B3FC2
:107B50003F357E3FFCA9813F1748883F1C7C713F21
:107B600020D27F3F5839C8C11D5AFC41A69BD8403E
:107B7000BC74833F2731883FB6F37D3F62BEBC387B
:107B800017B75138BD37863552491B4198DD5041F2
:107B900027C2C440B0B5B4B000AF05F0CDF800F0D6
:107BA000D1F800F031FB00F0D9FA00F083FA00F0D0
:107BB000ABFA00F02FF900F07FF900F0ABF900F01C
:107BC000D7F900F00BFA00F03FFA4E48FCF7A2FD9F
:107BD000FCF76CFF0023C7F8C8300023C7F8CC308F
:107BE00007F1C80318460CF03AFD0346464A1360F5
:107BF000FCF776FD454B07F1AC041D460FCD0FC4D5
:107C000095E8070084E8070007F1AC030021184657
:107C10000CF0C5FC03463E4A13603E4B07F190044E
:107C20001D460FCD0FC495E8070084E8070007F153
:107C30009003002118460CF0B2FC0346364A13604C
:107C4000364B07F174041D460FCD0FC495E80700AD
:107C500084E8070007F17403002118460CF09FFC2C
:107C600003462F4A13602F4B07F158041D460FCDD2
:107C70000FC495E8070084E8070007F158030021C6
:107C800018460CF08CFC0346274A1360274B07F17B
:107C90003C041D460FCD0FC495E8070084E807009B
:107CA00007F13C03002118460CF079FC0346204AFA
:107CB0001360204B07F120041D460FCD0FC495E83B
:107CC000070084E8070007F12003002118460CF0A4
:107CD00066FC0346184A1360184B3C1D1D460FCD29
:107CE0000FC495E8070084E807003B1D00211846F3
:107CF0000CF055FC0346124A13600CF049FC00BF1F
:107D0000FDE700BF9C0F0020E41300205CFD01088C
:107D1000C813002080FD0108CC130020A4FD010839
:107D2000D0130020CCFD0108D4130020F4FD01087D
:107D3000D81300201CFE0108DC13002044FE0108BB
:107D4000E013002080B594B000AF07F1200330228B
:107D50000021184611F074F807F10C0300221A6094
:107D60005A609A60DA601A610023BB60274B1B6C73
:107D7000264A43F080531364244B1B6C03F080535A
:107D8000BB60BB6800237B60214B1B68204A43F427
:107D9000404313601E4B1B6803F440437B607B68C9
:107DA00001233B624FF480337B620223BB634FF4B9
:107DB0008003FB630C233B6460237B640223BB646E
:107DC0000423FB6407F12003184609F057FA034621
:107DD000002B01D000F0EAFB0F23FB6002233B6184
:107DE00000237B614FF48053BB610023FB6107F1EB
:107DF0000C030321184609F0B9FC0346002B01D0FF
:107E000000F0D4FB00BF5037BD4680BD00380240B3
:107E10000070004080B584B000AF3B4600221A607D
:107E20005A609A60DA60214B214A1A601F4B4FF466
:107E300080325A601D4B00229A601C4B00221A614E
:107E40001A4B00221A76194B002283F82020174B78
:107E50000022DA62154B174A9A62144B0022DA604C
:107E6000124B0122DA61114B002283F830200F4BB4
:107E700001225A610D4804F0C5FF0346002B01D0D2
:107E800000F094FB01233B6001237B600023BB6077
:107E90003B461946054805F011FA0346002B01D070
:107EA00000F084FB00BF1037BD4680BD000F0020EE
:107EB000002001400100000F80B500AF124B134AB3
:107EC0001A60114B124A5A600F4B00229A600E4BF7
:107ED0000022DA600C4B4FF480421A610A4B0022F8
:107EE0005A61094B00229A61074B0022DA61064B66
:107EF00000221A62044806F0C1FA0346002B01D0A2
:107F000000F054FB00BF80BD480F00200058004027
:107F1000A086010080B500AF124B134A1A60114BC6
:107F2000124A5A600F4B00229A600E4B0022DA6010
:107F30000C4B4FF480421A610A4B00225A61094BE4
:107F400000229A61074B0022DA61064B00221A6276
:107F5000044806F093FA0346002B01D000F026FBFC
:107F600000BF80BD9C0F0020005C0040A086010087
:107F700080B500AF174B184A1A60164B4FF4827247
:107F80005A60144B00229A60124B0022DA60114BA7
:107F900000221A610F4B00225A610E4B4FF48022CF
:107FA0009A610C4B0022DA610A4B00221A62094BDB
:107FB00000225A62074B00229A62064B0A22DA62BA
:107FC000044809F0E5FD0346002B01D000F0EEFA6D
:107FD00000BF80BDB01000200030014080B500AF70
:107FE000174B184A1A60164B4FF482725A60144BA2
:107FF00000229A60124B0022DA60114B00221A61B3
:108000000F4B00225A610E4B4FF400729A610C4BD9
:108010000022DA610A4B00221A62094B00225A62DE
:10802000074B00229A62064B0A22DA62044809F0E2
:10803000AFFD0346002B01D000F0B8FA00BF80BDB1
:10804000081100200038004080B500AF174B184AD7
:108050001A60164B4FF482725A60144B00229A60D9
:10806000124B0022DA60114B00221A610F4B0022E2
:108070005A610E4B4FF400729A610C4B1022DA6178
:108080000A4B00221A62094B00225A62074B002257
:108090009A62064B0A22DA62044809F079FD034627
:1080A000002B01D000F082FA00BF80BD60110020DB
:1080B000003C004080B500AF114B124A1A60104BD3
:1080C0004FF4E1325A600E4B00229A600C4B0022B2
:1080D000DA600B4B00221A61094B0C225A61084BE3
:1080E00000229A61064B0022DA6105480AF0ECFF93
:1080F0000346002B01D000F059FA00BF80BD00BF3D
:10810000781200200010014080B500AF114B124AD8
:108110001A60104B4FF4E1325A600E4B00229A6005
:108120000C4B0022DA600B4B00221A61094B0C2227
:108130005A61084B00229A61064B0022DA61054819
:108140000AF0C2FF0346002B01D000F02FFA00BF57
:1081500080BD00BFC01200200044004080B582B046
:1081600000AF00237B60274B1B6B264A43F40013B0
:108170001363244B1B6B03F400137B607B680023A9
:108180003B60204B1B6B1F4A43F4800313631D4B62
:108190001B6B03F480033B603B68002205210D202C
:1081A00005F07CFB0D2005F095FB00220521102039
:1081B00005F074FB102005F08DFB00220521112035
:1081C00005F06CFB112005F085FB002205212F2016
:1081D00005F064FB2F2005F07DFB002205213820EF
:1081E00005F05CFB382005F075FB002205213A20E4
:1081F00005F054FB3A2005F06DFB00BF0837BD4683
:1082000080BD00BF0038024080B58AB000AF07F1E2
:10821000140300221A605A609A60DA601A6100231F
:108220003B613D4B1B6B3C4A43F0040313633A4BE9
:108230001B6B03F004033B613B690023FB60364B7F
:108240001B6B354A43F080031363334B1B6B03F006
:108250008003FB60FB680023BB602F4B1B6B2E4A27
:1082600043F0010313632C4B1B6B03F00103BB6052
:10827000BB6800237B60284B1B6B274A43F002033B
:108280001363254B1B6B03F002037B607B680022AA
:108290000721224806F0D8F800224FF40441204874
:1082A00006F0D2F84FF460437B610023BB610123E9
:1082B000FB6107F1140319461A4805F029FF012351
:1082C0007B610023BB610123FB6107F114031946A5
:1082D000134805F01DFF07237B610123BB610023C9
:1082E000FB6100233B6207F1140319460B4805F0BC
:1082F0000FFF4FF404437B610123BB610023FB614B
:1083000000233B6207F114031946054805F000FFFE
:1083100000BF2837BD4680BD00380240000402403F
:10832000000002400008024080B582B000AF7860D3
:108330000B467B807B681B680C4A934211D1FDF78A
:1083400019F84FF480720A490A480AF098FF7B68CE
:10835000DB6B1B681A687B68DB6B1B6822F008020A
:108360001A6000BF0837BD4680BD00BF0044004012
:108370002C090020C012002080B584B000AF7860C6
:108380000F4800F07BFD7B680E4A934214D1002316
:10839000FB600D4B1B6807F10C02114618460CF0F0
:1083A00071FDFB68002B07D0084B4FF080521A601C
:1083B000BFF34F8FBFF36F8F00BF1037BD4680BD37
:1083C00060FE01089C0F00202809002004ED00E059
:1083D00080B582B000AF78607868F9F7A9FB00BF7C
:1083E0000837BD4680BD000080B584B000AF78601E
:1083F0007B681F4A934219D1012210211D4806F0C3
:1084000023F80023FB601C4B1B6807F10C0211468C
:1084100018460CF037FDFB68002B07D0174B4FF0C8
:1084200080521A60BFF34F8FBFF36F8F144B1B69DD
:108430007A689A4217D1134800F020FD0023BB60F0
:10844000114B1B6807F10802114618460EF03AF866
:10845000BB68002B07D0094B4FF080521A60BFF366
:108460004F8FBFF36F8F00BF1037BD4680BD00BF79
:10847000B0100020000002402409002004ED00E0BC
:10848000080800206CFE0108D813002080B582B0D7
:1084900000AF7860054800F0F1FC0548FCF74CF9A6
:1084A00014200CF0C8F800BFF7E700BF84FE0108F5
:1084B0009C0F002080B582B000AF7860044800F0C7
:1084C000DDFCFCF7CDF9C8200CF0B5F800BFF8E7EB
:1084D000A0FE010880B582B000AF7860064800F0C9
:1084E000CDFC064800F0CAFCFCF7E6FA50200CF080
:1084F000A2F800BFF5E700BFB0FE0108C0FE01080A
:1085000080B582B000AF78604FF4FA600CF093F859
:10851000FCF7D8FAFCF7F8FA42F210700CF08BF87E
:1085200000BFF7E780B582B000AF7860FCF7F2FAE1
:108530004FF4FA600CF07FF8FCF75CFB4FF4FA6044
:108540000CF079F800BFF7E780B582B000AF786033
:10855000FCF75AFC4FF4FA600CF06DF8FCF75EFC87
:1085600014200CF068F800BFF8E780B582B000AFC7
:108570007860FCF759FCFCF761FC4FF47A700CF062
:108580005AF800BFF7E7000080B582B000AF78600E
:108590007B681B68044A934201D104F0EFFB00BFE3
:1085A0000837BD4680BD00BF0008004080B400AF62
:1085B00072B600BF00BFFDE780B485B000AF786041
:1085C00039600023FB7310E0FB7B3A681344197891
:1085D000FB7B7A6813441A78FB7B386803444A4073
:1085E000D2B21A70FB7B0133FB73FB7B0F2BEBD9F1
:1085F00000BF00BF1437BD465DF8047B704780B4F0
:1086000083B000AF0346FB7197F90730002B01DA06
:108610001B2200E0002297F907305B005BB2534059
:108620005BB2DBB218460C37BD465DF8047B704781
:1086300080B584B000AF78600123FB7310227968A5
:108640003E4810F012FD1023BB736FE0BB7B03F0BC
:108650000F03002B58D1BB7B384A9818BB7B103BCB
:10866000364A13441022194610F0FFFCFB7B002B06
:1086700001D11B23FB73BB7B304AD15CBB7B033B2B
:108680002E4AD35C1A462E4B9A5CFB7B5340DAB2DF
:10869000BB7B4A40D1B2294AD154BB7B0133274A24
:1086A000D15CBB7B023B254AD35C1A46244B9A5CC7
:1086B000BB7B01334A40D1B2204AD154BB7B023349
:1086C0001E4AD15CBB7B013B1C4AD35C1A461C4B47
:1086D0009A5CBB7B02334A40D1B2184AD154BB7B6F
:1086E0000333164AD15CBB7B043B144AD35C1A4665
:1086F000134B9A5CBB7B03334A40D1B20F4AD1542F
:10870000FB7B5B00FB730EE0BB7B0C4A13441968D8
:10871000BB7B043B094A13441A68BB7B07480344EC
:108720004A401A6000BFBB7B0433BB73BB7BAF2BDB
:108730008CD900BF00BF1037BD4680BDE8130020B4
:10874000D809020880B582B000AF03463960FB71DA
:10875000FB791B011A46054B134439681846FFF78D
:108760002BFF00BF0837BD4680BD00BFE8130020C7
:1087700080B485B000AF78600023FB730DE0FB7B15
:108780007A6813441B781946FB7B7A681344084ABD
:10879000525C1A70FB7B0133FB73FB7B0F2BEED912
:1087A00000BF00BF1437BD465DF8047B704700BFB3
:1087B000D809020880B485B000AF78607B685B7828
:1087C000FB737B6804335A787B685A707B6803F1CB
:1087D00008027B68043352785A707B6803F10C02FC
:1087E0007B68083352785A707B680C33FA7B5A7076
:1087F0007B689B78FB737B6808339A787B689A70F8
:108800007B680833FA7B9A707B6804339B78FB7330
:108810007B6803F10C027B68043392789A707B6862
:108820000C33FA7B9A707B68DB78FB737B680C33C4
:10883000DA787B68DA707B6803F108027B680C33B6
:10884000D278DA707B681A1D7B680833D278DA70C8
:108850007B680433FA7BDA7000BF1437BD465DF8DD
:10886000047B704780B584B000AF78600023FB7351
:1088700077E0FB7B9B007A681A4407F108031268D3
:108880001A60FA7A7B7A5340DBB2FB727A7A3B7ACF
:108890005340DBB27B723A7ABB7A5340DBB23B7215
:1088A0003B7A1846FFF7ABFE0346BB727B7A18464D
:1088B000FFF7A5FE03461A463B7A5340DBB23B72F4
:1088C000FB7A1846FFF79BFE03467B723A7AFB7AE7
:1088D0005340DBB23B72397AFB7B9B007A681344CE
:1088E0001A78FB7B9B00786803444A40D2B21A7026
:1088F0003A7ABB7A5340DBB23B72397AFB7B9B00FE
:108900007A6813445A78FB7B9B00786803444A409A
:10891000D2B25A703A7A7B7A5340DBB23B72397AE0
:10892000FB7B9B007A6813449A78FB7B9B007868FA
:1089300003444A40D2B29A703A7ABB7A5340DBB2CF
:108940003B72397AFB7B9B007A681344DA78FB7BB5
:108950009B00786803444A40D2B2DA70FB7B013353
:10896000FB73FB7B032B84D900BF00BF1037BD46D0
:1089700080BD80B584B000AF786039603B68BB6073
:108980007A683B689A4204D010227968B86810F07F
:108990006CFB0023FB7318E0FB7B39681846FFF77C
:1089A000D1FE3868FFF7E4FEB868FFF703FFFB7BF2
:1089B0000133FB73FB7B0A2B03D0B868FFF752FF30
:1089C00003E039680A20FFF7BDFEFB7B0A2BE3D1E9
:1089D00000BF00BF1037BD4680BD80B485B000AF7A
:1089E000F860B9601346FB71FB795A1EFA7119469B
:1089F000FA680A441178BA68D2B21846FB68034490
:108A00004A40D2B21A70BB681B0ABB60BB68002B1D
:108A1000EAD100BF00BF1437BD465DF8047B704744
:108A200080B483B000AF78600B46FB70FB787A6847
:108A300013441A780132D2B21A701B78002B0FD16E
:108A4000FB78032B05D8FB780133FB70FB78032BF5
:108A5000ECD9FB78013BFB70FB78082BE6D800E0F3
:108A600000BF00BF0C37BD465DF8047B704780B483
:108A700085B000AF78600023BB600023FB6011E08D
:108A8000BB681B027968FA680A4412781343BB601A
:108A9000BB6859087A68FB681344CAB21A70FB684D
:108AA0000133FB60FB680F2BEAD9BB6803F00103BD
:108AB000002B07D07B681B7883F01E03DB43DAB200
:108AC0007B681A7000BF1437BD465DF8047B7047A1
:108AD000B0B588B000AF7860396007F10C030022B0
:108AE0001A605A609A60DA600023BB771DE0802329
:108AF000FB7714E0BB7F7A6813441A78FB7F13403E
:108B0000DBB2002B05D007F10C0319463868FFF7DC
:108B100053FD3868FFF7ABFFFB7F5B08FB77FB7FFC
:108B2000002BE7D1BB7F0133BB77BB7F0F2BDED997
:108B30003B681D4607F10C040FCC28606960AA60F1
:108B4000EB6000BF2037BD46B0BD80B584B000AF3C
:108B5000F860B9607A603B603B7E002B18D0FB6800
:108B60007968B86898470DE03B7E7A6813441978B5
:108B70003B7E3A6813441A783B7EF86903444A40C6
:108B8000D2B21A703B7E5A1E3A76002BECD100E02E
:108B900000BF1037BD4680BD80B586B000AFF8601D
:108BA000B9607A603B60BB681B093B61FB687B6115
:108BB0000AE0396A7869FFF7FFFC3B68396A786830
:108BC00098477B6910337B613B695A1E3A61002BE1
:108BD000EFD1BB6803F00F033B613B69002B17D05B
:108BE0000DE03A6A3B69134419787A693B6913448A
:108BF0001A78386A3B6903444A40D2B21A703B691A
:108C00005A1E3A61002BECD13B68396A7868984764
:108C100000BF1837BD4680BD90B593B002AFF86075
:108C20007A603B600B46FB723B681B09FB630F23BA
:108C300087F83B303A687968386D10F016FAFB68AF
:108C400007F12404186859689A68DB680FC4FB7A36
:108C5000082B14D0082B26DC022B1BD0052B22D18D
:108C600097F82C3003F07F03DBB287F82C3097F8AD
:108C7000303003F07F03DBB287F8303013E097F831
:108C8000333063F07F03DBB287F83330002387F89B
:108C90003B3008E097F83B2007F1240311461846C3
:108CA000FFF7BEFE00BF3B6D7B6318E007F11402C7
:108CB00007F1240311461846FFF75BFE07F1140382
:108CC000796B1846FFF778FC97F83B2007F12403EF
:108CD00011461846FFF7A4FE7B6B10337B63FB6BDA
:108CE0005A1EFA63002BE1D13B68DBB203F00F039D
:108CF000DBB207F1240007F124017A6B01920093A3
:108D00007B6B02460348FFF720FF00BF4437BD4698
:108D100090BD00BF7389000880B58AB002AFF860CB
:108D2000B9607A603B6007F1100300221A605A6054
:108D30009A60DA603B68D90007F1100307221846F1
:108D4000FFF74BFEBB6AD90007F110030F2218464C
:108D5000FFF743FEFB6A00930D4BFA683968B86869
:108D6000FFF71AFFFB6A0093094BFA68B96A786843
:108D7000FFF712FF07F11000FB6A0093044BFA683B
:108D80001021FFF709FF00BF2037BD4680BD00BF9F
:108D9000D18A000880B584B000AFF860B9607A600D
:108DA0003B60F868FFF744FC79687868FFF7E1FDFD
:108DB0000C22B968386810F058F93B680F3301226B
:108DC0001A701037BD4680BDB0B594B002AFF860E0
:108DD000B9607A603B603A6EFB6D13447B6407F1C7
:108DE000340300221A605A609A60DA6007F12403A3
:108DF00000221A605A609A60DA6007F114030022B8
:108E00001A605A609A60DA6007F1340307F12402AD
:108E1000B968F868FFF7BEFF07F134003B6E0093B6
:108E2000FB6DBA6D0221FFF7F7FE07F1340207F17F
:108E3000340311461846FFF79CFD07F1240007F1A3
:108E400014030193FB6D00933B683A6E7968FFF75A
:108E500063FF07F1140207F1340311461846FFF7C8
:108E6000ABFB7B6C1D4607F114040FCC28606960D6
:108E7000AA60EB6000BF4837BD46B0BD0FB480B5F7
:108E800082B000AF07F114033B603B683A694FF4CE
:108E900080710C480FF0C6FF78607B68B3F5807F67
:108EA00002DD4FF480737B607B689AB264230549CE
:108EB00005480AF059F900BF0837BD46BDE88040B3
:108EC00004B07047981400207812002080B582B05A
:108ED00000AF0346FB71002210210C4805F0B4FAE4
:108EE000002202210A4805F0AFFAF91D4FF0FF33C6
:108EF0000122084808F0D5FE01221021034805F0A0
:108F0000A3FA00BF0837BD4680BD00BF0000024085
:108F100000040240B010002080B582B000AF78603D
:108F20003960002210210C4805F08EFA012202213E
:108F30000A4805F089FA3B689AB24FF0FF33796826
:108F4000074808F0AEFE01221021034805F07CFA24
:108F500000BF0837BD4680BD00000240000402404B
:108F6000B010002090B585B000AF04460846114609
:108F70001A462346FB710346BB710B467B711346B1
:108F80003B712A20FFF7A2FF00233B73FB797B7321
:108F90000023BB737B79FB7307F10C030421184694
:108FA000FFF7BAFF2B20FFF791FF00233B72BB793D
:108FB0007B720023BB723B79FB7207F1080304212B
:108FC0001846FFF7A9FF00BF1437BD4690BD00004B
:108FD00080B483B000AF0346FB800B46BB801346D2
:108FE0007B80FB889F2B0FD8BB887F2B0CD8BA883F
:108FF00013469B0013445B011A46FB881344054942
:109000007A8821F8132000E000BF0C37BD465DF8D8
:10901000047B7047B815002082B080B586B000AFE1
:109020007B620346FB710B46BB7113467B710023C9
:109030007B6146E0BA6A7B79203B97F8251003FBF9
:1090400001F17B690B445B0013441B88FB81002307
:109050003B612DE0FA893B69C3F10F0342FA03F348
:1090600003F00103002B10D0FB799AB23B699BB24D
:10907000134498B2BB799AB27B699BB213449BB2FA
:10908000BA8D1946FFF7A4FF0FE0FB799AB23B694E
:109090009BB2134498B2BB799AB27B699BB21344DA
:1090A0009BB23A8E1946FFF793FF3B6901333B6150
:1090B00097F824301A463B699342CBDB7B69013336
:1090C0007B6197F825301A467B699342B2DB00BF7B
:1090D00000BF1837BD46BDE8804002B0704782B07F
:1090E00080B588B004AF3A60FB610346FB710B4664
:1090F000BB710023FB6015E0FB683A6813441A78E3
:10910000B979F8793B8D0293BB8C01933B6A00934C
:10911000FB69FFF781FF3A7FFB791344FB71FB6822
:109120000133FB60FB683A6813441B78002BE3D1E2
:1091300000BF00BF1037BD46BDE8804002B0704799
:1091400080B500AF104B1B684FF0FF3118460BF095
:10915000D1FA7F239F2200210020FFF703FF2C205C
:10916000FFF7B4FE00221021084805F06DF9012236
:109170000221074805F068F94FF4204205490648E6
:1091800009F096F900BF80BD2409002000000240CC
:1091900000040240B8150020B010002090B587B040
:1091A00004AF0023FB80A74BD3E90023CDE90023C4
:1091B0000023A54A2021A5480FF03CFDFB880A3377
:1091C000FB80FB88D9B2A24B002202924FF6E072DC
:1091D00001925A6800921B689C4A0020FFF77FFFAB
:1091E0009C4BD3E900014FF000024FF00003F7F76A
:1091F00091FC0346002B01D0452300E057237B71EF
:109200007C79944BD3E9002310461946F7F7F4FC18
:1092100007EE900AF0EEE77A17EE900AF7F79CF95E
:1092200002460B46CDE9002323468B4A202187487E
:109230000FF000FDFB880A33FB80FB88D9B2844B1A
:109240000022029247F6FF7201925A6800921B6850
:109250007E4A0020FFF743FF804BD3E900014FF027
:1092600000024FF00003F7F755FC0346002B01D036
:109270004E2300E053233B713C79784BD3E9002324
:1092800010461946F7F7B8FC07EE900AF0EEE77AB9
:1092900017EE900AF7F760F902460B46CDE9002376
:1092A00023466F4A202169480FF0C4FCFB880A332B
:1092B000FB80FB88D9B2664B0022029247F6FF7210
:1092C00001925A6800921B68604A0020FFF707FF6E
:1092D000644BD3E90023CDE90023634A20215B4896
:1092E0000FF0A8FCFB880A33FB80FB88D9B2584BEF
:1092F0000022029247F6FF7201925A6800921B68A0
:10930000524A0020FFF7EBFE584BD3E90023CDE98A
:109310000023574A20214D480FF08CFCFB880A336C
:10932000FB80FB88D9B24A4B002202924FF6FF72B3
:1093300001925A6800921B68444A0020FFF7CFFE52
:109340004C4BD3E90023CDE900234B4A20213F4871
:109350000FF070FCFB880A33FB80FB88D9B23C4BD2
:10936000002202924FF6FF7201925A6800921B6827
:10937000364A0020FFF7B3FE404BD3E90023CDE986
:1093800000233F4A202131480FF054FCFB880A3368
:10939000FB80FB88D9B22E4B002202924FF6FF725F
:1093A00001925A6800921B68284A0020FFF797FE36
:1093B000344BD3E900014FF000024FF00003F7F700
:1093C000A9FB0346002B01D0452300E05723FB7087
:1093D000FC782C4BD3E9002310461946F7F70CFC18
:1093E00007EE900AF0EEE77A17EE900AF7F7B4F876
:1093F00002460B46CDE900232346234A2021134889
:109400000FF018FCFB880C33FB80FB88D9B2104BA3
:10941000002202924FF4FC6201925A6800921B688B
:109420000A4A0020FFF75BFE184BD3E900014FF01A
:1094300000024FF00003F7F76DFB0346002B27D027
:109440004E2326E0D8050020D4FE01089815002000
:1094500088000020A0050020F0FE0108A8050020DB
:1094600000FF0108B005002010FF01089000002057
:1094700020FF01089800002030FF0108A000002014
:1094800040FF0108B805002050FF0108C00500207A
:109490005323BB70BC78344BD3E9002310461946E4
:1094A000F7F7AAFB07EE900AF0EEE77A17EE900ABC
:1094B000F7F752F802460B46CDE9002323462B4A24
:1094C00020212B480FF0B6FBFB880A33FB80FB887A
:1094D000D9B2284B002202924FF4FC6201925A68E2
:1094E00000921B68224A0020FFF7F9FD224BD3E9C6
:1094F0000023CDE90023214A20211D480FF09AFBCB
:10950000FB880A33FB80FB88D9B21A4B00220292F7
:109510004FF4FC6201925A6800921B68144A0020C2
:10952000FFF7DDFD164BD3E90023CDE90023154AF3
:1095300020210F480FF07EFBFB880A33FB80FB885D
:10954000D9B20C4B002202924FF4FC6201925A688D
:1095500000921B68064A0020FFF7C1FDFFF7F0FDEF
:1095600000BF0C37BD4690BDC005002060FF01085C
:109570009815002088000020C805002070FF010811
:10958000D005002080FF010890B595B000AF002203
:109590000121894804F058FF142003F00FFC012238
:1095A0000121854804F050FF642003F007FC0120EE
:1095B000FFF78CFC962003F001FC1120FFF786FCDE
:1095C000962003F0FBFB7D4A07F14C03126811461D
:1095D00019800233120C1A70B120FFF777FC07F1E3
:1095E0004C0303211846FFF797FCB220FFF76EFCEF
:1095F00007F14C0303211846FFF78EFCB320FFF759
:1096000065FC07F14C0303211846FFF785FC07F1C1
:109610004C0303211846FFF77FFCB420FFF756FCEC
:10962000072387F8483007F1480301211846FFF760
:1096300073FCC020FFF74AFC614A07F1440312683B
:10964000114619800233120C1A7007F144030321EA
:109650001846FFF761FCC120FFF738FCC52387F8E7
:10966000403007F1400301211846FFF755FCC220A6
:10967000FFF72CFC0A2387F83C30002387F83D30A5
:1096800007F13C0302211846FFF746FCC320FFF711
:109690001DFC4C4B1B883B8707F138030221184601
:1096A000FFF73AFCC420FFF711FC474B1B88BB8631
:1096B00007F1340302211846FFF72EFCC520FFF7FF
:1096C00005FC0E2387F8303007F1300301211846DE
:1096D000FFF722FC2020FFF7F9FB3620FFF7F6FB0F
:1096E000602387F82C3007F12C0301211846FFF77F
:1096F00013FC3A20FFF7EAFB052387F8283007F12F
:10970000280301211846FFF707FC2A20FFF7DEFB9C
:10971000002387F82430002387F82530002387F8BA
:1097200026309F2387F8273007F1240304211846A9
:10973000FFF7F2FB2B20FFF7C9FB002387F820304F
:10974000002387F82130002387F822307F2387F811
:10975000233007F1200304211846FFF7DDFB1B4BE4
:1097600007F110040FCB84E80F00194B3C460FCBD8
:1097700084E80F00E020FFF7A9FB07F11003102198
:109780001846FFF7C9FBE120FFF7A0FB3B4610217D
:109790001846FFF7C1FB1320FFF798FB2920FFF7BE
:1097A00095FB2C20FFF792FB002000F013F800BF80
:1097B0005437BD4690BD00BF0004024090FF010831
:1097C00094FF010898FF01089CFF0108A0FF010811
:1097D000B0FF010880B584B000AF0346FB80FB8872
:1097E0001B0A9BB2FB72FB88BB722C20FFF76EFB3F
:1097F00000221021134804F027FE01220221124802
:1098000004F022FE0023FB600EE0FB7A3B72BB7A81
:109810007B7207F108014FF0FF3302220B4808F07A
:1098200040FAFB680133FB60FB68B3F5A04FECDB4B
:1098300001221021034804F007FE00BF1037BD4687
:1098400080BD00BF0000024000040240B0100020B4
:1098500080B582B000AF00237B60124B5B6C114A75
:1098600043F4804353640F4B5B6C03F480437B6091
:109870007B6800233B600B4B1B6C0A4A43F0805310
:109880001364084B1B6C03F080533B603B68002261
:109890000F216FF0010004F001F800BF0837BD464A
:1098A00080BD00BF0038024080B58AB000AF78604C
:1098B00007F1140300221A605A609A60DA601A6194
:1098C0007B681B681B4A93422FD100233B611A4BD4
:1098D0005B6C194A43F480735364174B5B6C03F45D
:1098E00080733B613B690023FB60134B1B6B124A87
:1098F00043F001031363104B1B6B03F00103FB6088
:10990000FB6802237B610323BB610023FB6107F13A
:1099100014031946094804F0FBFB0022052112201C
:1099200003F0BCFF122003F0D5FF00BF2837BD466F
:1099300080BD00BF0020014000380240000002400E
:1099400080B58CB000AF786007F11C0300221A606C
:109950005A609A60DA601A617B681B68814A934298
:1099600040F09B800023BB617F4B1B6B7E4A43F022
:10997000020313637C4B1B6B03F00203BB61BB69E7
:109980004FF48063FB6112233B6200237B6203235D
:10999000BB620423FB6207F11C031946734804F001
:1099A000B7FB4FF40073FB6112233B6200237B6221
:1099B0000323BB620923FB6207F11C0319466B48B2
:1099C00004F0A6FB00237B61674B1B6C664A43F4E3
:1099D00080031364644B1B6C03F480037B617B691D
:1099E000634B644A1A60624B4FF060625A60604B8E
:1099F00000229A605E4B0022DA605D4B4FF4806279
:109A00001A615B4B00225A61594B00229A61584BF4
:109A10000022DA61564B00221A62554B00225A622C
:109A2000534803F065FF0346002B01D0FEF7BEFD4F
:109A30007B684F4A9A634E4A7B6893634E4B4F4A0A
:109A40001A604D4B4FF060625A604B4B40229A6057
:109A5000494B0022DA60484B4FF480621A61464B52
:109A600000225A61444B00229A61434B0022DA6182
:109A7000414B00221A62404B00225A623E4803F0DA
:109A800037FF0346002B01D0FEF790FD7B683A4A72
:109A90005A63394A7B68936360E07B681B68384A85
:109AA00093425BD100233B612F4B1B6B2E4A43F04B
:109AB000010313632C4B1B6B03F001033B613B69F8
:109AC0000023FB60284B1B6B274A43F00203136300
:109AD000254B1B6B03F00203FB60FB684FF48073A4
:109AE000FB6112233B6200237B620323BB620423DE
:109AF000FB6207F11C031946224804F009FB4FF4EE
:109B00008073FB6112233B6200237B620323BB62F1
:109B10000923FB6207F11C031946144804F0F8FA04
:109B20000023BB60104B1B6C0F4A43F4000313640B
:109B30000D4B1B6C03F40003BB60BB6800220521C6
:109B4000482003F0ABFE482003F0C4FE00220521AC
:109B5000492003F0A3FE492003F0BCFE00BF3037CC
:109B6000BD4680BD0058004000380240000402405D
:109B7000F00F00204060024050100020B86002400A
:109B8000005C00400000024080B58EB000AF7860FD
:109B900007F1240300221A605A609A60DA601A61A1
:109BA0007B681B68824A934240F0918000233B62AD
:109BB000804B5B6C7F4A43F4805353647D4B5B6CFA
:109BC00003F480533B623B6A0023FB61794B1B6BC0
:109BD000784A43F001031363764B1B6B03F00103D8
:109BE000FB61FB69F0237B620223BB620023FB6203
:109BF00003233B6305237B6307F1240319466E4867
:109C000004F086FA6D4B6E4A1A606C4B4FF0C062DE
:109C10005A606A4B00229A60684B0022DA60674BF8
:109C20004FF480621A61654B00225A61634B002237
:109C30009A61624B0022DA61604B00221A625F4B2C
:109C400000225A625D4803F053FE0346002B01D008
:109C5000FEF7ACFC7B68594ADA64584A7B68936328
:109C6000584B594A1A60574B4FF080625A60554B17
:109C700040229A60534B0022DA60524B4FF48062CC
:109C80001A61504B00225A614E4B00229A614D4B93
:109C90000022DA614B4B00221A624A4B00225A62C0
:109CA000484803F025FE0346002B01D0FEF77EFC5A
:109CB0007B68444A9A64434A7B6893630022052187
:109CC000232003F0EBFD232003F004FE6BE07B6810
:109CD0001B683E4A93422DD10023BB61354B1B6C60
:109CE000344A43F480431364324B1B6C03F48043C7
:109CF000BB61BB6900237B612E4B1B6B2D4A43F07C
:109D0000020313632B4B1B6B03F002037B617B6924
:109D10004FF460437B620223BB620023FB62032398
:109D20003B6305237B6307F124031946284804F0AD
:109D3000EFF938E07B681B68264A934233D1002351
:109D40003B611C4B1B6C1B4A43F400431364194BCF
:109D50001B6C03F400433B613B690023FB60154B24
:109D60001B6B144A43F002031363124B1B6B03F08B
:109D70000203FB60FB6838237B620223BB62002383
:109D8000FB6203233B6306237B6307F1240319462D
:109D90000F4804F0BDF900220521332003F07EFDB9
:109DA000332003F097FD00BF3837BD4680BD00BFAC
:109DB000003001400038024000000240B81100208D
:109DC0001064024018120020406402400038004035
:109DD00000040240003C004080B58CB000AF7860C9
:109DE00007F11C0300221A605A609A60DA601A6157
:109DF0007B681B68644A934234D10023BB61634B88
:109E00005B6C624A43F010035364604B5B6C03F07D
:109E10001003BB61BB6900237B615C4B1B6B5B4A1E
:109E200043F002031363594B1B6B03F002037B6186
:109E30007B69C023FB6102233B6200237B62032317
:109E4000BB620723FB6207F11C031946504804F06C
:109E50005FF900220521252003F020FD252003F0D5
:109E600039FD8DE07B681B684A4A934240F0888048
:109E700000233B61454B1B6C444A43F4003313649D
:109E8000424B1B6C03F400333B613B690023FB60D6
:109E90003E4B1B6B3D4A43F0010313633B4B1B6B73
:109EA00003F00103FB60FB680C23FB6102233B62B0
:109EB00000237B620323BB620723FB6207F11C03C1
:109EC0001946354804F024F9344B354A1A60334BAF
:109ED0004FF000625A60314B40229A602F4B0022B3
:109EE000DA602E4B4FF480621A612C4B00225A61CB
:109EF0002A4B00229A61294B0022DA61274B00226B
:109F00001A62264B00225A62244803F0F1FC0346F1
:109F1000002B01D0FEF74AFB7B68204A9A631F4A58
:109F20007B6893631F4B204A1A601E4B4FF0006200
:109F30005A601C4B00229A601A4B0022DA60194BBF
:109F40004FF480621A61174B00225A61154B0022B0
:109F50009A61144B0022DA61124B00221A62114BF3
:109F600000225A620F4803F0C3FC0346002B01D0C5
:109F7000FEF71CFB7B680B4ADA630A4A7B68936333
:109F800000BF3037BD4680BD0010014000380240A0
:109F9000000402400044004000000240081300207A
:109FA000A0600240681300208860024080B58EB037
:109FB00000AF78600023FB620023BB620023FB60DC
:109FC000334B1B6C324A43F004031364304B1B6C5D
:109FD00003F00403FB60FB6807F1100207F11403B0
:109FE0001146184607F0A2FD3B6AFB62FB6A002B94
:109FF00003D107F073FD786304E007F06FFD0346BB
:10A000005B007B637B6B234AA2FB03239B0C013B1E
:10A01000BB62214B214A1A601F4B40F2E732DA60E3
:10A020001D4ABB6A53601C4B00221A611A4B002266
:10A030009A60194B00229A61174808F0D7FD034631
:10A0400087F8333097F83330002B1BD1124808F0D3
:10A0500027FE034687F8333097F83330002B11D1B1
:10A060001E2003F037FC7B680F2B08D8002279688C
:10A070001E2003F013FC0A4A7B68136002E00123F0
:10A0800087F8333097F8333018463837BD4680BDEF
:10A090000038024083DE1B43B8B5002000080040B2
:10A0A000BC00002080B400AF00BFFDE780B400AF6B
:10A0B00000BFFDE780B400AF00BFFDE780B400AF94
:10A0C00000BFFDE780B400AF00BFFDE780B400AF84
:10A0D00000BFBD465DF8047B7047000080B500AF4F
:10A0E000024803F09DFD00BF80BD00BFF00F0020BF
:10A0F00080B500AF024803F093FD00BF80BD00BFF4
:10A100006813002080B500AF024803F089FD00BF4E
:10A1100080BD00BF0813002080B500AF024802F0E8
:10A120009CFF00BF80BD00BF000F002080B500AFC6
:10A13000024808F017FE00BF80BD00BFB8B5002080
:10A1400080B500AF024808F065FA00BF80BD00BFCF
:10A15000B010002080B500AF024809F0E9F800BF58
:10A1600080BD00BF7812002080B500AF024803F028
:10A1700057FD00BF80BD00BF5010002080B500AF6C
:10A18000024808F047FA00BF80BD00BF6011002000
:10A1900080B500AF024803F043FD00BF80BD00BFA3
:10A1A000B811002080B500AF024803F039FD00BFB0
:10A1B00080BD00BF1812002080B500AF024804F037
:10A1C000CFFF00BF80BD00BF9C0F002080B500AF57
:10A1D000024805F036F900BF80BD00BF9C0F00208B
:10A1E00080B483B000AF0346FB710F4B1B680E4A6F
:10A1F00043F0807313600D4B1B680C4A43F001035E
:10A20000136000BF4FF060431B6803F00103002B95
:10A21000F8D04FF06042FB79136000BF0C37BD46A9
:10A220005DF8047B704700BFFCED00E0000E00E02D
:10A2300080B400AF01231846BD465DF8047B70472B
:10A2400080B582B000AF786039600EF0E1FE034661
:10A2500016221A604FF0FF3318460837BD4680BDFE
:10A2600080B582B000AF78604FF0FF317868FFF7BB
:10A27000E7FF00BFFDE780B586B000AFF860B960CA
:10A280007A6000237B610AE0AFF300800146BB687F
:10A290005A1CBA60CAB21A707B6901337B617A6951
:10A2A0007B689A42F0DB7B6818461837BD4680BD54
:10A2B00080B586B000AFF860B9607A6000237B613A
:10A2C00009E0BB685A1CBA601B781846FFF788FF84
:10A2D0007B6901337B617A697B689A42F1DB7B6839
:10A2E00018461837BD4680BD80B483B000AF786093
:10A2F0004FF0FF3318460C37BD465DF8047B7047BE
:10A3000080B483B000AF786039603B684FF400528E
:10A310005A60002318460C37BD465DF8047B704731
:10A3200080B483B000AF7860012318460C37BD4677
:10A330005DF8047B704780B485B000AFF860B96009
:10A340007A60002318461437BD465DF8047B7047D9
:10A3500080B586B000AF7860144A154BD31A7B6184
:10A360007B693B61134B1B68002B02D1114B124AD6
:10A370001A60104B1A687B6813443A699A4207D2F4
:10A380000EF046FE03460C221A604FF0FF3309E040
:10A39000084B1B68FB60074B1A687B681344054A2F
:10A3A0001360FB6818461837BD4680BD00000220C8
:10A3B0000004000000B6002050FA002080B400AF76
:10A3C000064BD3F88830054A43F47003C2F888304E
:10A3D00000BFBD465DF8047B704700BF00ED00E0A4
:10A3E00080B483B000AF87ED010A07E0D7ED017AB2
:10A3F0009FED157A77EEC77AC7ED017AD7ED017A2E
:10A400009FED127AF4EEC77AF1EE10FAEEDC07E077
:10A41000D7ED017A9FED0C7A77EE877AC7ED017A56
:10A42000D7ED017A9FED0A7AF4EEC77AF1EE10FAD1
:10A43000EED47B6807EE903AB0EE670A0C37BD4663
:10A440005DF8047B704700BF0000B4430000344354
:10A45000000034C300000000B0B590B000AF7860D9
:10A4600039603868FCF72AFC7B68254AC3F8B022BB
:10A470007B68234AC3F8E4227B6803F5B463214A6E
:10A480001A604FF07C53BB614FF080437B614FF00B
:10A4900080433B61D7ED067A27EEA77AD7ED047AA1
:10A4A000F1EE086A77EEA67A67EE277AB1EE087ABF
:10A4B00077EEC77AC7ED037AD7ED037AB1EE087A63
:10A4C00037EE877AD7ED036AC6EE877A7B68C3EDED
:10A4D000AC7A7B6893EDAC7AD7ED067A67EEA77A13
:10A4E000F7EE006A76EEE76AD7ED057A76EEA77AA0
:10A4F00077EE277A7B68C3EDB97A0123FB6326E008
:10A500003BAAAA3E0AD7A33CD7ED037AB1EE087A5C
:10A5100077EE877A37EEA77AF7EE006AC6EE877A8B
:10A520007A68FB6BAC339B001344C3ED007A7A6806
:10A53000FB6BAC339B0013441A687968FB6BB83330
:10A540009B000B4404331A60FB6B0133FB63FB6B12
:10A550000C2BD9DDD84B1B6B1846F5F7FDFFD4A3A8
:10A56000D3E90023F6F77AF902460B4614461D4656
:10A57000D14B1B6B1846F5F7EFFFCDA3D3E90023B2
:10A58000F6F76CF902460B4620462946F6F73CF8EA
:10A5900002460B4614461D467B6803F5B4631B68F0
:10A5A0001846F5F7D9FF02460B4620462946F6F72E
:10A5B0002BF802460B4614461D467B6803F5B46330
:10A5C0001B681846F5F7C8FF02460B462046294689
:10A5D000F6F71AF802460B4614461D46B64BD3ED65
:10A5E000217ADFEDB66A87EEA67AB34BD3ED216A06
:10A5F0009FEDB26AC6EE867A27EE277A7B6803F56E
:10A60000B463D3ED007A27EE277A7B6803F5B46351
:10A61000D3ED007A67EE277A17EE900AF5F79CFFE4
:10A6200002460B4620462946F5F738FE02460B4601
:10A6300010461946F6F7E0FA02467B68C3F8A820F0
:10A640009D4B5B6B1846F5F787FF99A3D3E9002371
:10A65000F6F704F902460B4614461D46964B5B6B13
:10A660001846F5F779FF92A3D3E90023F6F7F6F839
:10A6700002460B4620462946F5F7C6FF02460B4622
:10A6800014461D467B6803F5B4631B681846F5F74E
:10A6900063FF02460B4620462946F5F7B5FF024602
:10A6A0000B4614461D467B6803F5B4631B681846C9
:10A6B000F5F752FF02460B4620462946F5F7A4FF60
:10A6C00002460B4614461D467B4BD3ED227ADFED46
:10A6D0007B6A87EEA67A784BD3ED226A9FED776A84
:10A6E000C6EE867A27EE277A7B6803F5B463D3ED4E
:10A6F000007A27EE277A7B6803F5B463D3ED007AFE
:10A7000067EE277A17EE900AF5F726FF02460B460A
:10A7100020462946F5F7C2FD02460B46104619466B
:10A72000F6F76AFA02467B68C3F8C420624B9B6B5B
:10A730001846F5F711FF5EA3D3E90023F6F78EF86C
:10A7400002460B4614461D465B4B9B6B1846F5F7BD
:10A7500003FF57A3D3E90023F6F780F802460B4620
:10A7600020462946F5F750FF02460B4614461D4683
:10A770007B6803F5B4631B681846F5F7EDFE0246E7
:10A780000B4620462946F5F73FFF02460B46144686
:10A790001D467B6803F5B4631B681846F5F7DCFEBD
:10A7A00002460B4620462946F5F72EFF02460B4689
:10A7B00014461D46404BD3ED237ADFED406A87EE09
:10A7C000A67A3D4BD3ED236A9FED3C6AC6EE867AAE
:10A7D00027EE277A7B6803F5B463D3ED007A27EE82
:10A7E000277A7B6803F5B463D3ED007A67EE277AA6
:10A7F00017EE900AF5F7B0FE02460B4620462946B2
:10A80000F5F74CFD02460B4610461946F6F7F4F9EB
:10A8100002467B68C3F8E020274B1B6B1846F5F710
:10A820009BFE23A3D3E90023F6F718F802460B4654
:10A8300014461D46204B1B6B1846F5F78DFE1CA3D6
:10A84000D3E90023F6F70AF802460B4620462946CC
:10A85000F5F7DAFE02460B4614461D46164BD3EDBD
:10A86000217ADFED166A87EEA67A134BD3ED216AC3
:10A870009FED126AC6EE867A67EE277A17EE900A87
:10A88000F5F76AFE02460B4620462946F5F706FD17
:10A8900002460B4610461946F6F7AEF902467B68AB
:10A8A000C3F8FC20044B5B6B184609E0AFF3008053
:10A8B00000000000006050403C0E00200000834279
:10A8C000F5F74AFEACA3D3E90023F5F7C7FF02462C
:10A8D0000B4614461D46AA4B5B6B1846F5F73CFE2B
:10A8E000A5A3D3E90023F5F7B9FF02460B4620469E
:10A8F0002946F5F789FE02460B4614461D46A04B35
:10A90000D3ED227ADFED9F6A87EEA67A9C4BD3EDDA
:10A91000226A9FED9C6AC6EE867A67EE277A17EE6A
:10A92000900AF5F719FE02460B4620462946F5F730
:10A93000B5FC02460B4610461946F6F75DF902468D
:10A940007B68C3F818218E4B9B6B1846F5F704FE05
:10A9500089A3D3E90023F5F781FF02460B4614468D
:10A960001D46874B9B6B1846F5F7F6FD82A3D3E98E
:10A970000023F5F773FF02460B4620462946F5F7FC
:10A9800043FE02460B4614461D467D4BD3ED237A0B
:10A99000DFED7C6A87EEA67A794BD3ED236A9FEDD3
:10A9A000796AC6EE867A67EE277A17EE900AF5F78F
:10A9B000D3FD02460B4620462946F5F76FFC0246BA
:10A9C0000B4610461946F6F717F902467B68C3F89E
:10A9D00034210023BB631DE000237B6314E0BA6BCA
:10A9E0007B6B9A420DD07968BA6B13465B001344B7
:10A9F0005B007A6B13442A339B000B444FF0000238
:10AA00001A607B6B01337B637B6B052BE7DDBB6BD4
:10AA10000133BB63BB6B052BDEDD5B48FEF72EFA13
:10AA200000233B6322E00023FB6216E079683A6B67
:10AA300013465B0013445B00FA6A13442A339B00FD
:10AA40000B441B681846F5F787FD02460B464F4836
:10AA5000FEF714FAFB6A0133FB62FB6A052BE5DDA6
:10AA60004B48FEF70BFA3B6B01333B633B6B052B0B
:10AA7000D9DD7B68474AC3F838217B68454AC3F86B
:10AA80004C217B68444AC3F860217B684FF08542C3
:10AA9000C3F874210023BB621AE000237B6211E03B
:10AAA000BA6A7B6A9A420AD07A68BB6A99007B6A62
:10AAB0000B444E339B0013444FF000021A607B6A34
:10AAC00001337B627B6A032BEADDBB6A0133BB6225
:10AAD000BB6A032BE1DD7B68304A1A607B68304A31
:10AAE0005A607B682F4A9A607B682F4ADA607B68DD
:10AAF0002B4A1A617B682D4A5A617B682C4A9A61FD
:10AB00007B682B4A5A637B682A4A1A657B682A4A03
:10AB1000DA667B68284AC3F888207B68264AC3F82F
:10AB2000A42000233B621DE00023FB6114E03A6A8D
:10AB3000FB699A420DD079683A6A13465B00134468
:10AB40005B00FA69134406339B000B444FF000028C
:10AB50001A60FB690133FB61FB69052BE7DD3B6A8A
:10AB600001333B623B6A052BDEDD00BF00BF40378F
:10AB7000BD46B0BDAFF30080000000000060504053
:10AB80003C0E002000008342C0FF0108C8FF0108FE
:10AB9000D0FF01080AD7233CCDCC4C3D3333933F43
:10ABA00085EB11BF3D0A374085EB113FE17A943EBA
:10ABB000295C37411F8589410AD7A33C90B58BB0EA
:10ABC00000AF786039605C4BFB6000237B62A9E0DA
:10ABD00000233B6286E07A6A13465B001344DB0085
:10ABE0001A467B681A443B6A9B0013441B68FB614E
:10ABF0000023BB6124E07A6A13465B001344DB0048
:10AC00001A463B681A44BB699B00134493ED007AD3
:10AC10003A6A13465B001344DB001A463B681A4449
:10AC2000BB699B001344D3ED007A67EE277A97ED5A
:10AC3000077A77EE677AC7ED077ABB690133BB61A4
:10AC4000BA693B6A9A42D6DB7A6A3B6A9A421BD15E
:10AC5000D7ED030A97ED070A11F0CEFFF0EE407A28
:10AC60007A6A13465B001344DB001A463B689C1863
:10AC7000B0EE670A11F036FDF0EE407A3B6A9B00B9
:10AC80002344C3ED007A2AE03A6A13465B0013447A
:10AC9000DB001A463B681A443B6A9B0013441B685E
:10ACA0007B6197ED057AD7ED037AB4EEE77AF1EEA2
:10ACB00010FA01D5FB687B617A6A13465B00134486
:10ACC000DB001A463B681A44D7ED076A97ED057A10
:10ACD000C6EE877A3B6A9B001344C3ED007A3B6A59
:10ACE00001333B623A6A7B6A9A427FF774AF7B6AB0
:10ACF00001333B6110E07A6A13465B001344DB00CA
:10AD00001A463B681A443B699B0013444FF000020B
:10AD10001A603B6901333B613B69052BEBDD7B6AC4
:10AD200001337B627B6A052B7FF752AF00BF00BF08
:10AD30002C37BD4690BD00BF5F70893080B5ACB088
:10AD400000AF78607B68183307F108021146184697
:10AD5000FFF734FF4FF07C53C7F8A4304FF0804327
:10AD6000C7F8A030D7ED297A27EEA77AD7ED287A51
:10AD7000F1EE086A77EEA67A67EE277AB1EE087AE6
:10AD800077EEC77AC7ED277AD7ED277AB1EE087A42
:10AD900077EE877ADFED460AB0EE670A11F02CFFF6
:10ADA000F0EE407AB0EE670A11F09CFC87ED260ABF
:10ADB0007B6803F5BC737968182218460EF055F9C4
:10ADC0000023C7F8AC3069E00023C7F8A8305CE086
:10ADD0007A68D7F8A8309B00134493ED007AD7F82F
:10ADE000A82013465B0013445B00D7F8AC20134443
:10ADF0009B00B0333B44A83BD3ED006AD7ED267AE5
:10AE000066EEA77AD7F8AC305A1C77EE277A7968C5
:10AE100013465B0013445B00D7F8A82013445E334D
:10AE20009B000B44C3ED007A7A68D7F8A8309B00EA
:10AE3000134493ED007AD7F8A82013465B0013441F
:10AE40005B00D7F8AC2013449B00B0333B44A83BD5
:10AE5000D3ED006AD7ED267A66EEA77AD7F8AC3044
:10AE6000DA1D77EE677A796813465B0013445B005E
:10AE7000D7F8A82013445E339B000B44C3ED007A3F
:10AE8000D7F8A8300133C7F8A830D7F8A830052B79
:10AE90009EDDD7F8AC300133C7F8AC30D7F8AC3012
:10AEA000052B91DD00BF00BFB037BD4680BD00BFA0
:10AEB000CCBC8C2B80B58AB000AF786039607868E4
:10AEC000FFF73CFF00237B628FE079687A6A1346C4
:10AED0005B001344DB000B4403F5BC7393ED007A75
:10AEE0003B68D3ED096A79687A6A13465B001344BC
:10AEF000DB000B4403F5C273D3ED007A76EEE76A0C
:10AF00007B6803F5B463D3ED007A66EEA77A77EE3B
:10AF1000277A79687A6A13465B001344DB000B4496
:10AF200003F5BC73C3ED007A79687A6A13465B0057
:10AF30001344DB000B4403F5BE7393ED007A3B68CA
:10AF4000D3ED0A6A79687A6A13465B001344DB0022
:10AF50000B4403F5C473D3ED007A76EEE76A7B68A1
:10AF600003F5B463D3ED007A66EEA77A77EE277A1D
:10AF700079687A6A13465B001344DB000B4403F5DF
:10AF8000BE73C3ED007A79687A6A13465B00134496
:10AF9000DB000B4403F5C07393ED007A3B68D3EDFF
:10AFA0000B6A79687A6A13465B001344DB000B4432
:10AFB00003F5C673D3ED007A76EEE76A7B6803F596
:10AFC000B463D3ED007A66EEA77A77EE277A7968D4
:10AFD0007A6A13465B001344DB000B4403F5C0732D
:10AFE000C3ED007A7B6A01337B627B6A0C2B7FF7AF
:10AFF0006CAF00233B6239E07A683B6AC6339B0042
:10B0000013444FF000021A600023FB6128E07A68C5
:10B010003B6AC6339B00134493ED007A7A68FB6960
:10B02000AC339B001344D3ED006A7968FA69134688
:10B030005B0013445B003A6A13445E339B000B448D
:10B04000D3ED007A66EEA77A77EE277A7A683B6AC4
:10B05000C6339B001344C3ED007AFB690133FB61E7
:10B06000FB690C2BD3DD3B6A01333B623B6A052B4A
:10B07000C2DD09E07B68D3EDC67A9FED817A77EE79
:10B08000C77A7B68C3EDC67A7B68D3EDC67A9FED3D
:10B090007D7AF4EEC77AF1EE10FAEBDC09E07B681A
:10B0A000D3EDC67A9FED767A77EE877A7B68C3ED2B
:10B0B000C67A7B68D3EDC67A9FED737AF4EEC77AD1
:10B0C000F1EE10FAEBD47B68D3EDC77A9FED6F7A7F
:10B0D000F4EEC77AF1EE10FA03DD7B686C4AC3F830
:10B0E0001C237B68D3EDC77A9FED6A7AF4EEC77AAA
:10B0F000F1EE10FA03D57B68674AC3F81C2309E018
:10B100007B68D3EDC87A9FED5E7A77EEC77A7B686D
:10B11000C3EDC87A7B68D3EDC87A9FED5A7AF4EE16
:10B12000C77AF1EE10FAEBDC09E07B68D3EDC87A60
:10B130009FED537A77EE877A7B68C3EDC87A7B6898
:10B14000D3EDC87A9FED507AF4EEC77AF1EE10FA9B
:10B15000EBD40023BB6189E000237B617FE0796849
:10B16000BA6913465B0013445B007A6913442A33BF
:10B170009B000B4419687868BA6913465B00134456
:10B180005B007A691344CC339B00034419600023AD
:10B190003B615EE079683A6913465B0013445B00EB
:10B1A000BA6913445E339B000B4493ED007A7A68CE
:10B1B000BB69C6339B001344D3ED007A77EE677A00
:10B1C000C7ED037A79683A6913465B0013445B0064
:10B1D0007A6913445E339B000B4493ED007A7A68DE
:10B1E0007B69C6339B001344D3ED007A77EE677A10
:10B1F000C7ED027A7968BA6913465B0013445B00B5
:10B200007A691344CC339B000B4493ED007A7A683F
:10B210003B69B8339B0013440433D3ED006AD7ED88
:10B22000037A66EEA76AD7ED027A66EEA77A77EE22
:10B23000277A7968BA6913465B0013445B007A6920
:10B240001344CC339B000B44C3ED007A3B690133BC
:10B250003B613B690C2B9DDD7B6901337B617B6925
:10B26000052B7FF77CAFBB690133BB61BB69052B45
:10B270007FF772AF00BF00BF2837BD4680BD00BF5B
:10B280000000B44300003443000034C30000B44263
:10B290000000B4420000B4C20000B4C280B52DED7D
:10B2A000028BD6B000AF07F5AC73A3F5AA73186094
:10B2B00007F5AC73A3F5AC7319600023C7F85431DC
:10B2C000AEE007F5AC73A3F5AA731968D7F854215B
:10B2D00013465B001344DB000B4403F5BC73D3ED52
:10B2E000007A9FEDD87A27EE877ADFEDD76AC7EE2E
:10B2F000267AC7ED337A07F5AC73A3F5AA731968FC
:10B30000D7F8542113465B001344DB000B4403F5CC
:10B31000BE73D3ED007A9FEDCB7A27EE877ADFED0F
:10B32000CA6AC7EE267AC7ED327A97ED320A11F073
:10B330003BFAF0EE407AF1EE677AC7ED317A97ED9D
:10B34000330A11F031FAB0EE408A97ED320A11F06B
:10B35000E7F9F0EE407A68EE277AC7ED307A97ED9C
:10B36000330A11F0DDF9B0EE408A97ED320A11F0A0
:10B37000D7F9F0EE407A68EE277AC7ED2F7A07F515
:10B38000AC73A3F5AA731A68D7F854313C331B0188
:10B390001344D7F8C4201A6007F5AC73A3F5AA7359
:10B3A0001A68D7F854311B01134403F57173D7F8A9
:10B3B000C0201A6007F5AC73A3F5AA731A68D7F812
:10B3C00054311B01134403F57273D7F8BC201A6083
:10B3D00007F5AC73A3F5AA731968D7F8542113467F
:10B3E0005B001344DB000B4403F5C073D3ED007A1C
:10B3F000B0EE670AFEF7F4FFF0EE407A07F5AC73A3
:10B40000A3F5AA731A68D7F854311B01134403F546
:10B410007373C3ED007AD7F854310133C7F8543150
:10B42000D7F854310C2B7FF74CAF07F1AC03002257
:10B430001A605A609A60DA600023C7F8503143E01E
:10B440000023C7F84C3136E0D7F850319B0003F5A4
:10B45000AC733B44AC3B93ED007A07F5AC73A3F5BA
:10B46000AA731A68D7F84C31AC339B001344D3ED60
:10B47000006A07F5AC73A3F5AA731A68D7F84C31C4
:10B480009900D7F850310B44F0339B001344D3EDAF
:10B49000007A66EEA77A77EE277AD7F850319B00CC
:10B4A00003F5AC733B44AC3BC3ED007AD7F84C31A9
:10B4B0000133C7F84C31D7F84C310C2BC4DDD7F829
:10B4C00050310133C7F85031D7F85031022BB7DD76
:10B4D0004FF00003C7F848314FF00003C7F844317C
:10B4E0000023C7F840314FE007F5AC73A3F5AA730A
:10B4F0001A68D7F840311B01134403F57373D3ED79
:10B50000007A9FED507A27EE877ADFED4F6AC7EE1B
:10B51000267AC7ED347A07F5AC73A3F5AA731A68D7
:10B52000D7F84031AC339B00134493ED008A97ED7C
:10B53000340A11F039F9F0EE407A68EE277A97ED87
:10B54000527A77EE277AC7ED527A07F5AC73A3F5F6
:10B55000AA731A68D7F84031AC339B00134493EDBB
:10B56000008A97ED340A11F0DBF8F0EE407A68EECD
:10B57000277A97ED517A77EE277AC7ED517AD7F887
:10B5800040310133C7F84031D7F840310C2BABDDE7
:10B59000D7ED510A97ED520A11F04AF8F0EE407AD1
:10B5A0009FED297A27EE877ADFED266AC7EE267AA5
:10B5B000C7ED2E7A0023C7F83C31F1E00023C7F82D
:10B5C0003831E3E007F5AC73A3F5AA731A68D7F82E
:10B5D0003C319900D7F838310B444E339B0013446B
:10B5E0001A6807F5AC73A3F5AA731968D7F83C314C
:10B5F0009800D7F83831034403F592739B000B444D
:10B600001A600023C7F83431B6E0D7F83C31032B79
:10B610001ED107F5AC73A3F5AA731A68D7F83431B5
:10B620001B01134403F5737393ED007AD7ED2E7A63
:10B6300077EE677AB0EE670AFEF7D2FEF0EE407A58
:10B6400021E000BFDB0F494000003443BD378635A1
:10B6500007F5AC73A3F5AA731A68D7F834319900CB
:10B66000D7F83C310B44F0339B00134493ED007A40
:10B67000D7F83C319B0003F5AC733B44AC3BD3EDB6
:10B68000007A77EE677AC7ED367AD7F83831032B30
:10B6900017D107F5AC73A3F5AA731A68D7F834313C
:10B6A0001B01134403F5737393ED007AD7ED2E7AE3
:10B6B00077EE677AB0EE670AFEF792FEF0EE407A18
:10B6C0001AE007F5AC73A3F5AA731A68D7F83431FA
:10B6D0009900D7F838310B44F0339B00134493EDB5
:10B6E000007AD7F838319B0003F5AC733B44AC3B90
:10B6F000D3ED007A77EE677AC7ED357A07F5AC734C
:10B70000A3F5AA731A68D7F83C319900D7F83831F5
:10B710000B4403F592739B00134493ED007A07F5F5
:10B72000AC73A3F5AA731A68D7F83431B8339B0009
:10B7300013440433D3ED006AD7ED367A66EEA76A78
:10B74000D7ED357A66EEA77A77EE277A07F5AC73F0
:10B75000A3F5AA731A68D7F83C319900D7F83831A5
:10B760000B4403F592739B001344C3ED007AD7F8A2
:10B7700034310133C7F83431D7F834310C2B7FF72B
:10B7800044AFD7F838310133C7F83831D7F83831FA
:10B79000032B7FF717AFD7F83C310133C7F83C31A3
:10B7A000D7F83C31032B7FF709AF0023C7F83031BE
:10B7B0006EE00023C7F82C313DE007F5AC73A3F52C
:10B7C000AA731A68D7F830319900D7F82C310B4496
:10B7D00003F592739B00134493ED007A07F5AC7365
:10B7E000A3F5AA731A68D7F82C319900D7F830312D
:10B7F0000B4403F592739B001344D3ED007A77EE6C
:10B80000277AB6EE007A67EE877A07F5AC73A3F570
:10B81000AA731A68D7F830319900D7F82C310B4445
:10B8200003F592739B001344C3ED007AD7F82C31D3
:10B830000133C7F82C31D7F82C31032BBDDD07F5C8
:10B84000AC73A3F5AA731968D7F8302113469B008F
:10B8500013449B000B4403F59263D3ED007A1FED74
:10B86000857A77EE877A07F5AC73A3F5AA73196822
:10B87000D7F8302113469B0013449B000B4403F57B
:10B880009263C3ED007AD7F830310133C7F8303115
:10B89000D7F83031032B8CDD0023C7F82831D1E0F5
:10B8A0000023C7F82431C3E007F5AC73A3F5AA73EE
:10B8B0001A68D7F828319900D7F824310B4403F5DA
:10B8C0009A739B0013444FF000021A600023C7F8DC
:10B8D0002031A3E007F5AC73A3F5AA731968D7F874
:10B8E000202113465B0013445B00D7F82821134442
:10B8F0005E339B000B4493ED007A07F5AC73A3F520
:10B90000AA731A68D7F82831C6339B001344D3EDC5
:10B91000007A77EE677AC7ED477AD7F82831022B9D
:10B9200005D197ED470AFEF75BFD87ED470AD7F88B
:10B930002431032B17D107F5AC73A3F5AA731A684A
:10B94000D7F820311B01134403F5737393ED007A8C
:10B95000D7ED2E7A77EE677AB0EE670AFEF740FDF4
:10B96000F0EE407A1AE007F5AC73A3F5AA731A68F3
:10B97000D7F820319900D7F824310B44F0339B00DD
:10B98000134493ED007AD7F824319B0003F5AC7390
:10B990003B44AC3BD3ED007A77EE677AC7ED377A5C
:10B9A00007F5AC73A3F5AA731A68D7F82831990084
:10B9B000D7F824310B4403F59A739B00134493ED9D
:10B9C000007A07F5AC73A3F5AA731A68D7F820318B
:10B9D000B8339B0013440433D3ED006AD7ED477AA4
:10B9E00066EEA76AD7ED377A66EEA77A77EE277A02
:10B9F00007F5AC73A3F5AA731A68D7F82831990034
:10BA0000D7F824310B4403F59A739B001344C3ED1C
:10BA1000007AD7F820310133C7F82031D7F8203128
:10BA20000C2B7FF757AFD7F824310133C7F82431F7
:10BA3000D7F82431032B7FF737AFD7F828310133FC
:10BA4000C7F82831D7F82831052B7FF729AF07F53C
:10BA5000AC73A3F5AA731B6803F5926207F16C033C
:10BA60001146184600F076FB0346002B27DA07F54F
:10BA7000AC73A3F5AA731B6803F5926207F16C031C
:10BA80001146184600F066FB03461946A248FDF72A
:10BA9000F5F907F5AC73A3F5AA731B689F4A5A60C2
:10BAA00007F5AC73A3F5AA731B689C4A1A6007F5E7
:10BAB000AC73A3F5AA731B68984ADA603BE30023D2
:10BAC000C7F8183174E00023C7F8143167E007F5B0
:10BAD000AC73A3F5AA731A68D7F818319900D7F890
:10BAE00014310B4403F5A6739B0013444FF000027E
:10BAF0001A600023C7F8103148E007F5AC73A3F5CE
:10BB0000AA731A68D7F818319900D7F814310B4482
:10BB100003F5A6739B00134493ED007A07F5AC730D
:10BB2000A3F5AA731A68D7F818319900D7F810311D
:10BB30000B4403F59A739B001344D3ED006AD7F8C6
:10BB400010319A00D7F8143113449B0003F5AC73FD
:10BB50003B44EC3BD3ED007A66EEA77A77EE277A8A
:10BB600007F5AC73A3F5AA731A68D7F818319900D2
:10BB7000D7F814310B4403F5A6739B001344C3EDAF
:10BB8000007AD7F810310133C7F81031D7F81031E7
:10BB9000032BB2DDD7F814310133C7F81431D7F8CD
:10BBA0001431032B93DDD7F818310133C7F818315E
:10BBB000D7F81831052B86DD07F5AC73A3F5AC7308
:10BBC0001B6893ED007A07F5AC73A3F5AC731B68A3
:10BBD000D3ED007A27EE277A07F5AC73A3F5AC73A3
:10BBE0001B68D3ED016A07F5AC73A3F5AC731B6852
:10BBF000D3ED017A66EEA77A37EE277A07F5AC73B4
:10BC0000A3F5AC731B68D3ED026A07F5AC73A3F51B
:10BC1000AC731B68D3ED027A66EEA77A77EE277ACB
:10BC2000B0EE670A10F05EFD87ED390A07F5AC73D8
:10BC3000A3F5AC731B68D3ED006A97ED397AC6EEB5
:10BC4000877A07F5AC73A3F5AA731B6803F5B26393
:10BC5000C3ED007A07F5AC73A3F5AC731B68D3EDA5
:10BC6000016A97ED397AC6EE877A07F5AC73A3F5CA
:10BC7000AA731B6803F29453C3ED007A07F5AC7303
:10BC8000A3F5AC731B68D3ED026A97ED397AC6EE63
:10BC9000877A07F5AC73A3F5AA731B6803F5B36342
:10BCA000C3ED007A07F5AC73A3F5AC731B68D3ED55
:10BCB000257AB0EE670AFEF793FBF0EE407A07F5BF
:10BCC000AC73A3F5AA731B6803F29C53C3ED007A0F
:10BCD0000023C7F80C31A7E04FF00003C7F8083184
:10BCE0000023C7F804315BE0D7F80431032B1DD1E2
:10BCF00007F5AC73A3F5AA731B6803F29C5393ED8D
:10BD0000007AD7ED2E7A77EE677AB0EE670AFEF703
:10BD100067FBF0EE407A21E0D4FF010800401C46AA
:10BD2000000034430000B443000034C307F5AC7393
:10BD3000A3F5AA731A68D7F8043103F5B2739B0010
:10BD4000134493ED007AD7F804319B0003F5AC73EC
:10BD50003B44AC3BD3ED007A77EE677AC7ED387A97
:10BD600007F5AC73A3F5AA731A68D7F80C319900DC
:10BD7000D7F804310B4403F5A6739B00134493EDED
:10BD8000007AD7ED387A67EE277A97ED427A77EE28
:10BD9000277AC7ED427AD7F804310133C7F8043166
:10BDA000D7F80431032B9FDD07F5AC73A3F5AA7315
:10BDB0001A68D7F80C31C6339B00134493ED007A10
:10BDC000D7ED427A77EE277A07F5AC73A3F5AA731D
:10BDD0001A68D7F80C319B001344C3ED007AD7F8EA
:10BDE0000C31022B1BD107F5AC73A3F5AA731A68AB
:10BDF000D7F80C319B001344D3ED007AB0EE670AFC
:10BE0000FEF7EEFAF0EE407A07F5AC73A3F5AA73ED
:10BE10001A68D7F80C319B001344C3ED007AD7F8A9
:10BE20000C310133C7F80C31D7F80C31052B7FF7F3
:10BE300053AF0023C7F800316FE00023C7F8FC3090
:10BE400062E007F5AC73A3F5A672D7F8003199004C
:10BE5000D7F8FC300B449B0013444FF000021A60EB
:10BE60000023C7F8F83046E007F5AC73A3F5A672D7
:10BE7000D7F800319900D7F8FC300B449B001344ED
:10BE800093ED007A07F5AC73A3F5AA731A68D7F897
:10BE900000319900D7F8F8300B4403F5A6739B00E6
:10BEA0001344D3ED006A07F5AC73A3F5AA731A68BF
:10BEB000D7F8F8309900D7F8FC300B4403F59273AB
:10BEC0009B001344D3ED007A66EEA77A77EE277ACB
:10BED00007F5AC73A3F5A672D7F800319900D7F82F
:10BEE000FC300B449B001344C3ED007AD7F8F830C4
:10BEF0000133C7F8F830D7F8F830032BB4DDD7F8A2
:10BF0000FC300133C7F8FC30D7F8FC30032B98DD48
:10BF1000D7F800310133C7F80031D7F80031052BCD
:10BF20008BDD0023C7F8F4306DE00023C7F8F03054
:10BF300060E007F5AC73A3F5AA731968D7F8F4208D
:10BF400013465B0013445B00D7F8F0201344CC3356
:10BF50009B000B441B68C7F8EC300023C7F8E8309F
:10BF60002BE007F5AC73A3F5A672D7F8F43099006F
:10BF7000D7F8E8300B449B00134493ED007A07F5A3
:10BF8000AC73A3F5AA731A68D7F8F0309900D7F804
:10BF9000E8300B4403F5A6739B001344D3ED007AFD
:10BFA00067EE277A97ED3B7A77EE677AC7ED3B7AB3
:10BFB000D7F8E8300133C7F8E830D7F8E830032B7A
:10BFC000CFDD07F5AC73A3F5AA731968D7F8F42091
:10BFD00013465B0013445B00D7F8F020134406338C
:10BFE0009B000B44D7F8EC201A60D7F8F0300133EF
:10BFF000C7F8F030D7F8F030052B9ADDD7F8F430D9
:10C000000133C7F8F430D7F8F430052B8DDD11E09B
:10C0100007F5AC73A3F5AA731B68D3ED007A1FED87
:10C02000BF7A77EEC77A07F5AC73A3F5AA731B68DE
:10C03000C3ED007A07F5AC73A3F5AA731B68D3EDC3
:10C04000007A1FEDC97AF4EEC77AF1EE10FADFDC60
:10C0500011E007F5AC73A3F5AA731B68D3ED007A62
:10C060001FEDD07A77EE877A07F5AC73A3F5AA7344
:10C070001B68C3ED007A07F5AC73A3F5AA731B68C0
:10C08000D3ED007A1FEDD87AF4EEC77AF1EE10FA0C
:10C09000DFD407F5AC73A3F5AA731B68D3ED007A60
:10C0A000B0EE670AFEF79CF9F0EE407A07F5AC7344
:10C0B000A3F5AA731B68C3ED007A07F5AC73A3F56B
:10C0C000AA731B68D3ED017A9FED1E7AF4EEC77A4E
:10C0D000F1EE10FA06DD07F5AC73A3F5AA731B6841
:10C0E000194A5A6007F5AC73A3F5AA731B68D3ED20
:10C0F000017A9FED167AF4EEC77AF1EE10FA06D5C2
:10C1000007F5AC73A3F5AA731B68114A5A6007F5CB
:10C11000AC73A3F5AA731B68D3ED027AB0EE670A7D
:10C12000FEF75EF9F0EE407A07F5AC73A3F5AA735B
:10C130001B68C3ED027A07F5AC77BD46BDEC028BF8
:10C1400080BD00BF0000B4420000B4420000B4C291
:10C150000000B4C280B495B000AF786039603B682D
:10C160001B68FB643B685B68BB643B689B687B64E3
:10C170003B68DB683B643B6810331B68FB633B68D0
:10C1800010335B68BB633B6810339B687B633B6821
:10C190001033DB683B633B6820331B68FB623B6802
:10C1A00020335B68BB623B6820339B687B623B68E3
:10C1B0002033DB683B623B6830331B68FB613B68C4
:10C1C00030335B68BB613B6830339B687B613B68A5
:10C1D0003033DB683B6197ED097AD7ED047A27EEBF
:10C1E000277AD7ED056AD7ED087A66EEA77A37EE9B
:10C1F000677AD7ED0E7A27EE277AD7ED0A6AD7ED60
:10C20000047A66EEA76A97ED066AD7ED087A66EEBD
:10C21000277A76EEE76AD7ED0D7A66EEA77A37EEE3
:10C22000677AD7ED0A6AD7ED057A66EEA76A97EDC9
:10C23000066AD7ED097A66EE277A76EEE76AD7EDD9
:10C240000C7A66EEA77A37EE277AD7ED137A27EEC7
:10C25000277AD7ED096AD7ED047A66EEA76A97EDDB
:10C26000056AD7ED087A66EE277A76EEE76AD7EDAB
:10C270000F7A66EEA76A97ED0B6AD7ED047A26EE81
:10C28000276AD7ED075AD7ED087A65EEA77A36EE1A
:10C29000676AD7ED0D7A66EE277A76EEE76A97ED54
:10C2A0000B6AD7ED057A26EE276AD7ED075AD7ED48
:10C2B000097A65EEA77A36EE676AD7ED0C7A66EEF4
:10C2C000277A76EEA76AD7ED127A66EEA77A37EE6E
:10C2D000677AD7ED0A6AD7ED047A66EEA76A97ED1A
:10C2E000066AD7ED087A66EE277A76EEE76AD7ED2A
:10C2F0000F7A66EEA76A97ED0B6AD7ED047A26EE01
:10C30000276AD7ED075AD7ED087A65EEA77A36EE99
:10C31000676AD7ED0E7A66EE277A76EEE76A97EDD2
:10C320000B6AD7ED067A26EE276AD7ED075AD7EDC6
:10C330000A7A65EEA77A36EE676AD7ED0C7A66EE72
:10C34000277A76EEA76AD7ED117A66EEA77A37EEEE
:10C35000277AD7ED0A6AD7ED057A66EEA76A97EDD8
:10C36000066AD7ED097A66EE277A76EEE76AD7EDA8
:10C370000F7A66EEA76A97ED0B6AD7ED057A26EE7F
:10C38000276AD7ED075AD7ED097A65EEA77A36EE18
:10C39000676AD7ED0E7A66EE277A76EEE76A97ED52
:10C3A0000B6AD7ED067A26EE276AD7ED075AD7ED46
:10C3B0000A7A65EEA77A36EE676AD7ED0D7A66EEF1
:10C3C000277A76EEA76AD7ED107A66EEA77A77EE2F
:10C3D000677AC7ED037AD7ED037AF0EEE77A9FED3F
:10C3E000057AF4EEC77AF1EE10FA05D54FF0FF3377
:10C3F00000F037BCBD378635F7EE006A97ED037A5B
:10C40000C6EE877AC7ED027A97ED097AD7ED047AFE
:10C4100027EE277AD7ED056AD7ED087A66EEA77A78
:10C4200037EE677AD7ED0E7A27EE277AD7ED0A6ACC
:10C43000D7ED047A66EEA76A97ED066AD7ED087A1B
:10C4400066EE277A76EEE76AD7ED0D7A66EEA77A82
:10C4500037EE677AD7ED0A6AD7ED057A66EEA76AF6
:10C4600097ED066AD7ED097A66EE277A76EEE76AE7
:10C47000D7ED0C7A66EEA77A37EE277AD7ED027AF7
:10C4800067EE277A7B68C3ED007A97ED097AD7EDDE
:10C49000047A27EE277AD7ED056AD7ED087A66EE9B
:10C4A000A77A37EE677AD7ED127A27EE277AD7ED9B
:10C4B0000A6AD7ED047A66EEA76A97ED066AD7EDA9
:10C4C000087A66EE277A76EEE76AD7ED117A66EE9D
:10C4D000A77A37EE677AD7ED0A6AD7ED057A66EE66
:10C4E000A76A97ED066AD7ED097A66EE277A76EEA7
:10C4F000E76AD7ED107A66EEA77A77EE277AB1EE83
:10C50000677AD7ED027A67EE277A7B68C3ED017A06
:10C5100097ED0D7AD7ED047A27EE277AD7ED056AE5
:10C52000D7ED0C7A66EEA77A37EE677AD7ED127AF6
:10C5300027EE277AD7ED0E6AD7ED047A66EEA76A62
:10C5400097ED066AD7ED0C7A66EE277A76EEE76A03
:10C55000D7ED117A66EEA77A37EE677AD7ED0E6AD5
:10C56000D7ED057A66EEA76A97ED066AD7ED0D7AE4
:10C5700066EE277A76EEE76AD7ED107A66EEA77A4E
:10C5800037EE277AD7ED027A67EE277A7B68C3ED1C
:10C59000027A97ED0D7AD7ED087A27EE277AD7ED54
:10C5A000096AD7ED0C7A66EEA77A37EE677AD7ED8F
:10C5B000127A27EE277AD7ED0E6AD7ED087A66EE63
:10C5C000A76A97ED0A6AD7ED0C7A66EE277A76EEBF
:10C5D000E76AD7ED117A66EEA77A37EE677AD7ED7C
:10C5E0000E6AD7ED097A66EEA76A97ED0A6AD7ED6B
:10C5F0000D7A66EE277A76EEE76AD7ED107A66EE68
:10C60000A77A77EE277AB1EE677AD7ED027A67EEEE
:10C61000277A7B68C3ED037A97ED097AD7ED047A20
:10C6200027EE277AD7ED056AD7ED087A66EEA77A66
:10C6300037EE677AD7ED0F7A27EE277AD7ED0B6AB8
:10C64000D7ED047A66EEA76A97ED076AD7ED087A08
:10C6500066EE277A76EEE76AD7ED0D7A66EEA77A70
:10C6600037EE677AD7ED0B6AD7ED057A66EEA76AE3
:10C6700097ED076AD7ED097A66EE277A76EEE76AD4
:10C68000D7ED0C7A66EEA77A77EE277AB1EE677A65
:10C690007B681033D7ED027A67EE277AC3ED007A14
:10C6A00097ED097AD7ED047A27EE277AD7ED056A58
:10C6B000D7ED087A66EEA77A37EE677AD7ED137A68
:10C6C00027EE277AD7ED0B6AD7ED047A66EEA76AD4
:10C6D00097ED076AD7ED087A66EE277A76EEE76A75
:10C6E000D7ED117A66EEA77A37EE677AD7ED0B6A47
:10C6F000D7ED057A66EEA76A97ED076AD7ED097A56
:10C7000066EE277A76EEE76AD7ED107A66EEA77ABC
:10C7100037EE277A7B681033D7ED027A67EE277AF7
:10C72000C3ED017A97ED0D7AD7ED047A27EE277ADB
:10C73000D7ED056AD7ED0C7A66EEA77A37EE677A01
:10C74000D7ED137A27EE277AD7ED0F6AD7ED047A63
:10C7500066EEA76A97ED076AD7ED0C7A66EE277A40
:10C7600076EEE76AD7ED117A66EEA77A37EE677A4A
:10C77000D7ED0F6AD7ED057A66EEA76A97ED076ADF
:10C78000D7ED0D7A66EE277A76EEE76AD7ED107A66
:10C7900066EEA77A77EE277AB1EE677A7B68103378
:10C7A000D7ED027A67EE277AC3ED027A97ED0D7A1C
:10C7B000D7ED087A27EE277AD7ED096AD7ED0C7AFC
:10C7C00066EEA77A37EE677AD7ED137A27EE277AE7
:10C7D000D7ED0F6AD7ED087A66EEA76A97ED0B6A78
:10C7E000D7ED0C7A66EE277A76EEE76AD7ED117A06
:10C7F00066EEA77A37EE677AD7ED0F6AD7ED097A3A
:10C8000066EEA76A97ED0B6AD7ED0D7A66EE277A8A
:10C8100076EEE76AD7ED107A66EEA77A37EE277ADA
:10C820007B681033D7ED027A67EE277AC3ED037A7F
:10C8300097ED0A7AD7ED047A27EE277AD7ED066AC4
:10C84000D7ED087A66EEA77A37EE677AD7ED0F7ADA
:10C8500027EE277AD7ED0B6AD7ED047A66EEA76A42
:10C8600097ED076AD7ED087A66EE277A76EEE76AE3
:10C87000D7ED0E7A66EEA77A37EE677AD7ED0B6AB8
:10C88000D7ED067A66EEA76A97ED076AD7ED0A7AC2
:10C8900066EE277A76EEE76AD7ED0C7A66EEA77A2F
:10C8A00037EE277A7B682033D7ED027A67EE277A56
:10C8B000C3ED007A97ED0A7AD7ED047A27EE277A4E
:10C8C000D7ED066AD7ED087A66EEA77A37EE677A73
:10C8D000D7ED137A27EE277AD7ED0B6AD7ED047AD6
:10C8E00066EEA76A97ED076AD7ED087A66EE277AB3
:10C8F00076EEE76AD7ED127A66EEA77A37EE677AB8
:10C90000D7ED0B6AD7ED067A66EEA76A97ED076A50
:10C91000D7ED0A7A66EE277A76EEE76AD7ED107AD7
:10C9200066EEA77A77EE277AB1EE677A7B682033D6
:10C93000D7ED027A67EE277AC3ED017A97ED0E7A8A
:10C94000D7ED047A27EE277AD7ED066AD7ED0C7A71
:10C9500066EEA77A37EE677AD7ED137A27EE277A55
:10C96000D7ED0F6AD7ED047A66EEA76A97ED076AEE
:10C97000D7ED0C7A66EE277A76EEE76AD7ED127A73
:10C9800066EEA77A37EE677AD7ED0F6AD7ED067AAB
:10C9900066EEA76A97ED076AD7ED0E7A66EE277AFC
:10C9A00076EEE76AD7ED107A66EEA77A37EE277A49
:10C9B0007B682033D7ED027A67EE277AC3ED027ADF
:10C9C00097ED0E7AD7ED087A27EE277AD7ED0A6A27
:10C9D000D7ED0C7A66EEA77A37EE677AD7ED137A41
:10C9E00027EE277AD7ED0F6AD7ED087A66EEA76AA9
:10C9F00097ED0B6AD7ED0C7A66EE277A76EEE76A4A
:10CA0000D7ED127A66EEA77A37EE677AD7ED0F6A1E
:10CA1000D7ED0A7A66EEA76A97ED0B6AD7ED0E7A24
:10CA200066EE277A76EEE76AD7ED107A66EEA77A99
:10CA300077EE277AB1EE677A7B682033D7ED027AFA
:10CA400067EE277AC3ED037A97ED0A7AD7ED057A78
:10CA500027EE277AD7ED066AD7ED097A66EEA77A30
:10CA600037EE677AD7ED0F7A27EE277AD7ED0B6A84
:10CA7000D7ED057A66EEA76A97ED076AD7ED097AD2
:10CA800066EE277A76EEE76AD7ED0E7A66EEA77A3B
:10CA900037EE677AD7ED0B6AD7ED067A66EEA76AAE
:10CAA00097ED076AD7ED0A7A66EE277A76EEE76A9F
:10CAB000D7ED0D7A66EEA77A77EE277AB1EE677A30
:10CAC0007B683033D7ED027A67EE277AC3ED007AC0
:10CAD00097ED0A7AD7ED057A27EE277AD7ED066A21
:10CAE000D7ED097A66EEA77A37EE677AD7ED137A33
:10CAF00027EE277AD7ED0B6AD7ED057A66EEA76A9F
:10CB000097ED076AD7ED097A66EE277A76EEE76A3F
:10CB1000D7ED127A66EEA77A37EE677AD7ED0B6A11
:10CB2000D7ED067A66EEA76A97ED076AD7ED0A7A1F
:10CB300066EE277A76EEE76AD7ED117A66EEA77A87
:10CB400037EE277A7B683033D7ED027A67EE277AA3
:10CB5000C3ED017A97ED0E7AD7ED057A27EE277AA5
:10CB6000D7ED066AD7ED0D7A66EEA77A37EE677ACB
:10CB7000D7ED137A27EE277AD7ED0F6AD7ED057A2E
:10CB800066EEA76A97ED076AD7ED0D7A66EE277A0B
:10CB900076EEE76AD7ED127A66EEA77A37EE677A15
:10CBA000D7ED0F6AD7ED067A66EEA76A97ED076AAA
:10CBB000D7ED0E7A66EE277A76EEE76AD7ED117A30
:10CBC00066EEA77A77EE277AB1EE677A7B68303324
:10CBD000D7ED027A67EE277AC3ED027A97ED0E7AE7
:10CBE000D7ED097A27EE277AD7ED0A6AD7ED0D7AC5
:10CBF00066EEA77A37EE677AD7ED137A27EE277AB3
:10CC0000D7ED0F6AD7ED097A66EEA76A97ED0B6A42
:10CC1000D7ED0D7A66EE277A76EEE76AD7ED127ACF
:10CC200066EEA77A37EE677AD7ED0F6AD7ED0A7A04
:10CC300066EEA76A97ED0B6AD7ED0E7A66EE277A55
:10CC400076EEE76AD7ED117A66EEA77A37EE277AA5
:10CC50007B683033D7ED027A67EE277AC3ED037A2B
:10CC6000002318465437BD465DF8047B704700BF6B
:10CC700080B582B000AF7860396039687868FEF7B7
:10CC800019F939687868FEF709FB7B685B68184614
:10CC9000F3F762FC02460B460E48FCF7EFF87B68A0
:10CCA0009B681846F3F758FC02460B460A48FCF707
:10CCB000E5F87B681B681846F3F74EFC02460B4606
:10CCC0000648FCF7DBF80648FCF7D8F800BF083741
:10CCD000BD4680BDE4FF01080400020820000208F0
:10CCE00040000208DFF834D0FDF768FB0C480D491E
:10CCF0000D4A002302E0D458C4500433C4188C42B7
:10CD0000F9D30A4A0A4C002301E013600432A2421C
:10CD1000FBD30CF083F9FAF73DFF704700000220C7
:10CD20000000002090020020E01502089002002080
:10CD30004CFA0020FEE7000080B500AF0E4B1B68E8
:10CD40000D4A43F4007313600B4B1B680A4A43F40B
:10CD500080631360084B1B68074A43F480731360B9
:10CD6000032000F090FD0F20FDF720F9FCF770FD87
:10CD70000023184680BD00BF003C024080B400AFD5
:10CD8000064B1B781A46064B1B681344044A136073
:10CD900000BFBD465DF8047B704700BFC0000020A7
:10CDA000A8BB002080B400AF034B1B681846BD46EB
:10CDB0005DF8047B704700BFA8BB002080B584B03D
:10CDC00000AF7860FFF7EEFFB8607B68FB60FB6840
:10CDD000B3F1FF3F05D00A4B1B781A46FB6813449A
:10CDE000FB6000BFFFF7DEFF0246BB68D31AFA689C
:10CDF0009A42F7D800BF00BF1037BD4680BD00BFC4
:10CE0000C000002080B584B000AF78600023FB73C1
:10CE10007B68002B01D1012333E07B681B6C002B66
:10CE200009D17868FCF740FD7B6800225A647B6872
:10CE3000002283F83C207B681B6C03F01003002B5E
:10CE400018D17B681B6C23F4885323F0020343F052
:10CE500002027B681A64786800F062FB7B6800223B
:10CE60005A647B681B6C23F0030343F001027B6868
:10CE70001A6401E00123FB737B68002283F83C20E5
:10CE8000FB7B18461037BD4680BD000080B485B0DE
:10CE900000AF78600023BB607B6893F83C30012BC7
:10CEA00001D1022397E07B68012283F83C207B6854
:10CEB0001B689B6803F00103012B18D07B681B687B
:10CEC0009A687B681B6842F001029A60454B1B68B8
:10CED000454AA2FB03239A0C13465B001344BB6034
:10CEE00002E0BB68013BBB60BB68002BF9D17B68EB
:10CEF0001B689B6803F00103012B5FD17B681B6CEF
:10CF000023F4E06323F0010343F480727B681A6426
:10CF10007B681B685B6803F48063002B07D07B6829
:10CF20001B6C23F4405343F480527B681A647B6883
:10CF30001B6C03F48053B3F5805F06D17B685B6C98
:10CF400023F006027B685A6402E07B6800225A6480
:10CF50007B68002283F83C20244BFB607B681B68C5
:10CF60006FF022021A60FB685B6803F01F03002B5E
:10CF70000FD17B681B689B6803F04053002B29D1BD
:10CF80007B681B689A687B681B6842F080429A60E5
:10CF900020E07B681B68164A93421BD17B681B68A4
:10CFA0009B6803F04053002B14D17B681B689A6880
:10CFB0007B681B6842F080429A600BE07B681B6CC8
:10CFC00043F010027B681A647B685B6C43F00102DB
:10CFD0007B685A64002318461437BD465DF8047B0D
:10CFE000704700BFB800002083DE1B4300230140D0
:10CFF0000020014080B483B000AF78607B6893F874
:10D000003C30012B01D1022321E07B68012283F80F
:10D010003C207B681B689A687B681B6822F00102D1
:10D020009A607B681B689B6803F00103002B09D1A1
:10D030007B681B6C23F4885323F0010343F0010247
:10D040007B681A647B68002283F83C200023184622
:10D050000C37BD465DF8047B704780B586B000AFE5
:10D06000786000237B6100233B617B681B681B6841
:10D07000FB607B681B685B68BB60FB6803F00203B6
:10D080007B61BB6803F020033B617B69002B49D0C7
:10D090003B69002B46D07B681B6C03F01003002B10
:10D0A00005D17B681B6C43F400727B681A647B6853
:10D0B0001B689B6803F04053002B2BD17B681B7EC1
:10D0C000002B27D17B681B68DB6A03F47003002BFD
:10D0D00006D07B681B689B6803F48063002B19D122
:10D0E0007B681B685A687B681B6822F020025A60C4
:10D0F0007B681B6C23F480727B681A647B681B6CF2
:10D1000003F48053002B05D17B681B6C43F00102B4
:10D110007B681A647868FBF75BF97B681B686FF0C3
:10D1200012021A60FB6803F004037B61BB6803F022
:10D1300080033B617B69002B57D03B69002B54D0A7
:10D140007B681B6C03F01003002B05D17B681B6C04
:10D1500043F400527B681A647B681B689B6803F485
:10D160004013002B39D17B681B689B6B03F4401381
:10D17000002B06D07B681B689B6803F48063002B40
:10D180002BD17B681B685B6803F48063002B24D180
:10D190007B681B689B6803F04053002B1DD17B68A4
:10D1A0001B7E002B19D17B681B685A687B681B6843
:10D1B00022F080025A607B681B6C23F480527B68EB
:10D1C0001A647B681B6C03F48073002B05D17B68A9
:10D1D0001B6C43F001027B681A64786800F09CFACB
:10D1E0007B681B686FF00C021A60FB6803F0010398
:10D1F0007B61BB6803F040033B617B69002B17D068
:10D200003B69002B14D07B681B681B6803F001038B
:10D21000012B0DD17B681B6C43F480327B681A6450
:10D22000786800F037F87B681B686FF001021A60BD
:10D23000FB6803F020037B61BB6803F080633B6104
:10D240007B69002B15D03B69002B12D07B685B6C8F
:10D2500043F002027B685A647B681B686FF020020F
:10D260001A60786800F020F87B681B686FF0200275
:10D270001A6000BF1837BD4680BD80B483B000AFD0
:10D2800078607B681B68DB6C18460C37BD465DF820
:10D29000047B704780B483B000AF786000BF0C3768
:10D2A000BD465DF8047B704780B483B000AF786002
:10D2B00000BF0C37BD465DF8047B704780B485B075
:10D2C00000AF786039600023BB607B6893F83C3026
:10D2D000012B01D1022313E17B68012283F83C205A
:10D2E0003B681B68092B25D97B681B68D9683B689C
:10D2F0001B689BB21A4613465B0013441E3B072271
:10D3000002FA03F3DA437B681B680A40DA607B6841
:10D310001B68D9683B689A683B681B689BB21846D3
:10D3200003465B0003441E3B9A407B681B680A432C
:10D33000DA6022E07B681B6819693B681B689BB256
:10D340001A4613465B001344072202FA03F3DA433A
:10D350007B681B680A401A617B681B6819693B6817
:10D360009A683B681B689BB2184603465B000344FF
:10D370009A407B681B680A431A613B685B68062B0E
:10D3800024D87B681B68596B3B685A6813469B001E
:10D390001344053B1F2202FA03F3DA437B681B6840
:10D3A0000A405A637B681B68596B3B681B689BB2D9
:10D3B00018463B685A6813469B001344053B00FA25
:10D3C00003F27B681B680A435A634CE03B685B6866
:10D3D0000C2B24D87B681B68196B3B685A68134672
:10D3E0009B001344233B1F2202FA03F3DA437B68BA
:10D3F0001B680A401A637B681B68196B3B681B68D3
:10D400009BB218463B685A6813469B001344233B63
:10D4100000FA03F27B681B680A431A6323E07B6807
:10D420001B68D96A3B685A6813469B001344413B0A
:10D430001F2202FA03F3DA437B681B680A40DA62B0
:10D440007B681B68D96A3B681B689BB218463B68BF
:10D450005A6813469B001344413B00FA03F27B6871
:10D460001B680A43DA62294BFB607B681B68284A09
:10D4700093420FD13B681B68122B0BD1FB685B6892
:10D4800023F40002FB685A60FB685B6843F4800287
:10D49000FB685A607B681B681D4A93422BD13B682E
:10D4A0001B681C4A934203D03B681B68112B22D196
:10D4B000FB685B6823F48002FB685A60FB685B686A
:10D4C00043F40002FB685A603B681B68114A9342B0
:10D4D00011D1114B1B68114AA2FB03239A0C13466E
:10D4E0009B0013445B00BB6002E0BB68013BBB6078
:10D4F000BB68002BF9D17B68002283F83C20002315
:10D5000018461437BD465DF8047B70470023014080
:10D510000020014012000010B800002083DE1B43F1
:10D5200080B485B000AF7860794BFB60FB685B68C6
:10D5300023F44032FB685A60FB685A687B685B687A
:10D540001A43FB685A607B681B685A687B681B68D3
:10D5500022F480725A607B681B6859687B681B697B
:10D560001A027B681B680A435A607B681B685A680A
:10D570007B681B6822F040725A607B681B685968A0
:10D580007B689A687B681B680A435A607B681B68E3
:10D590009A687B681B6822F400629A607B681B684B
:10D5A00099687B68DA687B681B680A439A607B68C5
:10D5B0009B6A584A934222D07B681B689A687B68B2
:10D5C0001B6822F070629A607B681B6899687B68B0
:10D5D0009A6A7B681B680A439A607B681B689A6832
:10D5E0007B681B6822F040529A607B681B689968D0
:10D5F0007B68DA6A7B681B680A439A600FE07B6885
:10D600001B689A687B681B6822F070629A607B686E
:10D610001B689A687B681B6822F040529A607B689E
:10D620001B689A687B681B6822F002029A607B681C
:10D630001B6899687B681B7E5A007B681B680A43DD
:10D640009A607B6893F82030002B1BD07B681B68A6
:10D650005A687B681B6842F400625A607B681B68EA
:10D660005A687B681B6822F460425A607B681B68BA
:10D6700059687B685B6A013B5A037B681B680A43F5
:10D680005A6007E07B681B685A687B681B6822F455
:10D6900000625A607B681B68DA6A7B681B6822F448
:10D6A0007002DA627B681B68D96A7B68DB69013BC0
:10D6B0001A057B681B680A43DA627B681B689A68F4
:10D6C0007B681B6822F400729A607B681B6899680B
:10D6D0007B6893F830305A027B681B680A439A6073
:10D6E0007B681B689A687B681B6822F480629A607A
:10D6F0007B681B6899687B685B699A027B681B681A
:10D700000A439A6000BF1437BD465DF8047B70473A
:10D71000002301400100000F80B483B000AF7860A7
:10D7200000BF0C37BD465DF8047B704780B485B000
:10D7300000AF78607B6803F00703FB600C4BDB688D
:10D74000BB60BA684FF6FF031340BB60FB681A0268
:10D75000BB68134343F0BF6343F40033BB60044A28
:10D76000BB68D36000BF1437BD465DF8047B7047CB
:10D7700000ED00E080B400AF044BDB681B0A03F04F
:10D7800007031846BD465DF8047B704700ED00E0D6
:10D7900080B483B000AF0346FB7197F90730002BCC
:10D7A0000BDBFB7903F01F02074997F907305B0990
:10D7B000012000FA02F241F8232000BF0C37BD46D9
:10D7C0005DF8047B704700BF00E100E080B483B0E7
:10D7D00000AF03463960FB7197F90730002B0ADB75
:10D7E0003B68DAB20C4997F907301201D2B20B4408
:10D7F00083F800230AE03B68DAB20849FB7903F0BA
:10D800000F03043B1201D2B20B441A7600BF0C374F
:10D81000BD465DF8047B704700E100E000ED00E0EC
:10D8200080B489B000AFF860B9607A60FB6803F03B
:10D830000703FB61FB69C3F10703042B28BF042323
:10D84000BB61FB690433062B02D9FB69033B00E093
:10D8500000237B614FF0FF32BB6902FA03F3DA4326
:10D86000BB681A407B699A404FF0FF317B6901FA2F
:10D8700003F3D9437B680B40134318462437BD4656
:10D880005DF8047B704780B582B000AF786078683F
:10D89000FFF74CFF00BF0837BD4680BD80B586B09E
:10D8A00000AF0346B9607A60FB7300237B61FFF72A
:10D8B00061FF78617A68B9687869FFF7B1FF02465D
:10D8C00097F90F3011461846FFF780FF00BF183751
:10D8D000BD4680BD80B582B000AF0346FB7197F9AD
:10D8E00007301846FFF754FF00BF0837BD4680BD1C
:10D8F00080B586B000AF786000237B61FFF752FAF5
:10D9000038617B68002B01D1012399E07B680222FA
:10D9100083F835207B68002283F834207B681B68FD
:10D920001A687B681B6822F001021A600FE0FFF79B
:10D9300039FA02463B69D31A052B08D97B682022A5
:10D940005A657B68032283F83520032378E07B68DF
:10D950001B681B6803F00103002BE8D17B681B6880
:10D960001B687B617A69384B13407B617B685A681E
:10D970007B689B681A437B68DB681A437B681B697A
:10D980001A437B685B691A437B689B691A437B680F
:10D99000DB691A437B681B6A13437A6913437B6113
:10D9A0007B685B6A042B07D17B68DA6A7B681B6B38
:10D9B00013437A6913437B617B681B687A691A6039
:10D9C0007B681B685B697B617B6923F007037B6174
:10D9D0007B685B6A7A6913437B617B685B6A042BB3
:10D9E00017D17B689B6A7A6913437B617B68DB6A2A
:10D9F000002B0ED0786800F00FFB0346002B08D0F8
:10DA00007B6840225A657B68012283F83520012318
:10DA100016E07B681B687A695A61786800F0C6FA7C
:10DA20000346FB607B68DB6D3F229A40FB689A608F
:10DA30007B6800225A657B68012283F83520002329
:10DA400018461837BD4680BD3F8010F080B586B0BF
:10DA500000AFF860B9607A603B600023FB75FB683B
:10DA60009B6D3B61FB6893F83430012B01D102239D
:10DA700040E0FB68012283F83420FB6893F83530DE
:10DA8000DBB2012B2FD1FB68022283F83520FB6823
:10DA900000225A653B687A68B968F86800F058FA5D
:10DAA000FB68DB6D3F229A403B699A60FB681B680C
:10DAB0001A68FB681B6842F016021A60FB681B6C50
:10DAC000002B07D0FB681B681A68FB681B6842F0D4
:10DAD00008021A60FB681B681A68FB681B6842F042
:10DAE00001021A6005E0FB68002283F8342002235B
:10DAF000FB75FB7D18461837BD4680BD80B584B0E8
:10DB000000AF78607B689B6DFB60FFF74BF9B860F6
:10DB10007B6893F83530DBB2022B08D07B6880221B
:10DB20005A657B68002283F83420012352E07B6829
:10DB30001B681A687B681B6822F016021A607B68F3
:10DB40001B685A697B681B6822F080025A617B68F7
:10DB50001B6C002B03D17B689B6C002B07D07B6870
:10DB60001B681A687B681B6822F008021A607B68D1
:10DB70001B681A687B681B6822F001021A6013E0B8
:10DB8000FFF710F90246BB68D31A052B0CD97B6846
:10DB900020225A657B68032283F835207B680022A7
:10DBA00083F83420032315E07B681B681B6803F0AF
:10DBB0000103002BE4D17B68DB6D3F229A40FB68B8
:10DBC0009A607B68012283F835207B68002283F805
:10DBD0003420002318461037BD4680BD80B483B082
:10DBE00000AF78607B6893F83530DBB2022B04D04D
:10DBF0007B6880225A6501230CE07B68052283F84C
:10DC000035207B681B681A687B681B6822F001025C
:10DC10001A60002318460C37BD465DF8047B704738
:10DC200080B586B000AF78600023BB608E4B1B6868
:10DC30008E4AA2FB03239B0A7B617B689B6D3B6141
:10DC40003B691B68FB607B68DB6D08229A40FB68C0
:10DC50001340002B1AD07B681B681B6803F0040379
:10DC6000002B13D07B681B681A687B681B6822F046
:10DC700004021A607B68DB6D08229A403B699A6057
:10DC80007B685B6D43F001027B685A657B68DB6DE6
:10DC900001229A40FB681340002B12D07B681B685E
:10DCA0005B6903F08003002B0BD07B68DB6D0122E6
:10DCB0009A403B699A607B685B6D43F002027B6827
:10DCC0005A657B68DB6D04229A40FB681340002B89
:10DCD00012D07B681B681B6803F00203002B0BD07B
:10DCE0007B68DB6D04229A403B699A607B685B6DC0
:10DCF00043F004027B685A657B68DB6D10229A4012
:10DD0000FB681340002B43D07B681B681B6803F043
:10DD10000803002B3CD07B68DB6D10229A403B69E6
:10DD20009A607B681B681B6803F48023002B18D063
:10DD30007B681B681B6803F40023002B08D17B68F9
:10DD40001B6C002B24D07B681B6C786898471FE005
:10DD50007B689B6C002B1BD07B689B6C786898471A
:10DD600016E07B681B681B6803F48073002B07D1E7
:10DD70007B681B681A687B681B6822F008021A60BF
:10DD80007B681B6C002B03D07B681B6C7868984702
:10DD90007B68DB6D20229A40FB681340002B00F06B
:10DDA0008F807B681B681B6803F01003002B00F05A
:10DDB00087807B68DB6D20229A403B699A607B6894
:10DDC00093F83530DBB2052B36D17B681B681A68B7
:10DDD0007B681B6822F016021A607B681B685A6910
:10DDE0007B681B6822F080025A617B681B6C002BE9
:10DDF00003D17B689B6C002B07D07B681B681A687B
:10DE00007B681B6822F008021A607B68DB6D3F228A
:10DE10009A403B699A607B68012283F835207B68D1
:10DE2000002283F834207B681B6D002B7ED07B683A
:10DE30001B6D7868984779E07B681B681B6803F462
:10DE40008023002B1DD07B681B681B6803F4002314
:10DE5000002B0DD17B685B6C002B31D07B685B6C39
:10DE6000786898472CE000BFB8000020B5814E1BB1
:10DE70007B68DB6B002B23D07B68DB6B7868984773
:10DE80001EE07B681B681B6803F48073002B0FD1B6
:10DE90007B681B681A687B681B6822F010021A6096
:10DEA0007B68012283F835207B68002283F83420C8
:10DEB0007B68DB6B002B03D07B68DB6B7868984753
:10DEC0007B685B6D002B32D07B685B6D03F00103D8
:10DED000002B22D07B68052283F835207B681B68E5
:10DEE0001A687B681B6822F001021A60BB68013364
:10DEF000BB607A699A4207D37B681B681B6803F092
:10DF00000103002BF2D100E000BF7B68012283F8FF
:10DF100035207B68002283F834207B68DB6C002B83
:10DF200005D07B68DB6C7868984700E000BF183745
:10DF3000BD4680BD80B483B000AF78607B6893F845
:10DF40003530DBB218460C37BD465DF8047B7047B0
:10DF500080B485B000AFF860B9607A603B60FB6860
:10DF60001B681A68FB681B6822F480221A60FB6831
:10DF70001B683A685A60FB689B68402B08D1FB68B5
:10DF80001B687A689A60FB681B68BA68DA6007E009
:10DF9000FB681B68BA689A60FB681B687A68DA607D
:10DFA00000BF1437BD465DF8047B704780B485B070
:10DFB00000AF78607B681B68DBB2103B144AA2FBA1
:10DFC00003231B09FB60134AFB6813441B781A46A2
:10DFD0007B68DA65FB68032B09D97B681B6823F42F
:10DFE0007F7323F003031A1D7B689A6507E07B6843
:10DFF0001B6823F47F7323F003037A6893657B68BF
:10E000009B6D18461437BD465DF8047B704700BF12
:10E01000ABAAAAAAF00A020880B485B000AF786063
:10E020000023FB737B689B6ABB607B689B69002B4A
:10E030001FD1BB68032B56D801A252F823F000BFB2
:10E0400051E0000863E0000851E00008E7E0000844
:10E050007B68DB6A03F08073002B46D00123FB73DF
:10E0600043E07B68DB6AB3F1C07F40D10123FB73DF
:10E070003DE07B689B69B3F5005F21D1BB68032B52
:10E0800037D801A252F823F099E000089FE0000879
:10E0900099E00008B1E000080123FB7330E07B68E1
:10E0A000DB6A03F08073002B25D00123FB7322E091
:10E0B0007B68DB6AB3F1C07F1FD10123FB731CE0D7
:10E0C000BB68022B03D9BB68032B03D018E00123E4
:10E0D000FB7315E07B68DB6A03F08073002B0ED0C6
:10E0E0000123FB730BE000BF0AE000BF08E000BFA4
:10E0F00006E000BF04E000BF02E000BF00E000BF98
:10E10000FB7B18461437BD465DF8047B704700BFA3
:10E1100080B489B000AF7860396000237B61002350
:10E120003B610023BB610023FB6159E10122FB69D4
:10E1300002FA03F37B613B681B687A6913403B6119
:10E140003A697B699A4240F048813B685B6803F01A
:10E150000303012B05D03B685B6803F00303022B2C
:10E1600030D17B689B68BB61FB695B00032202FACC
:10E1700003F3DB43BA691340BB613B68DA68FB69B0
:10E180005B0002FA03F3BA691343BB617B68BA69A7
:10E190009A607B685B68BB610122FB6902FA03F34A
:10E1A000DB43BA691340BB613B685B681B0903F042
:10E1B0000102FB6902FA03F3BA691343BB617B688E
:10E1C000BA695A603B685B6803F00303032B17D0FE
:10E1D0007B68DB68BB61FB695B00032202FA03F327
:10E1E000DB43BA691340BB613B689A68FB695B001B
:10E1F00002FA03F3BA691343BB617B68BA69DA6058
:10E200003B685B6803F00303022B23D1FB69DA0848
:10E210007B68083253F82230BB61FB6903F00703C7
:10E220009B000F2202FA03F3DB43BA691340BB6180
:10E230003B681A69FB6903F007039B0002FA03F3CA
:10E24000BA691343BB61FB69DA087B680832B969B4
:10E2500043F822107B681B68BB61FB695B000322EB
:10E2600002FA03F3DB43BA691340BB613B685B68A6
:10E2700003F00302FB695B0002FA03F3BA6913437C
:10E28000BB617B68BA691A603B685B6803F4403322
:10E29000002B00F0A2800023FB60574B5B6C564ABA
:10E2A00043F480435364544B5B6C03F48043FB6042
:10E2B000FB68524AFB699B08023352F82330BB616A
:10E2C000FB6903F003039B000F2202FA03F3DB4315
:10E2D000BA691340BB617B68494A934219D07B6895
:10E2E000484A934213D07B68474A93420DD07B68DB
:10E2F000464A934207D07B68454A934201D10423A2
:10E3000008E0072306E0032304E0022302E00123E0
:10E3100000E00023FA6902F0030292009340BA6918
:10E320001343BB613549FB699B080233BA6941F865
:10E330002320384B9B68BB613B69DB43BA691340C0
:10E34000BB613B685B6803F48013002B03D0BA69A0
:10E350003B691343BB612F4ABB6993602D4BDB685C
:10E36000BB613B69DB43BA691340BB613B685B68D7
:10E3700003F40013002B03D0BA693B691343BB615C
:10E38000244ABB69D360234B5B68BB613B69DB43B9
:10E39000BA691340BB613B685B6803F40033002B30
:10E3A00003D0BA693B691343BB611A4ABB69536026
:10E3B000184B1B68BB613B69DB43BA691340BB6107
:10E3C0003B685B6803F48033002B03D0BA693B6978
:10E3D0001343BB610F4ABB691360FB690133FB61E7
:10E3E000FB690F2B7FF6A2AE00BF00BF2437BD46EE
:10E3F0005DF8047B704700BF0038024000380140E0
:10E40000000002400004024000080240000C0240EC
:10E4100000100240003C014080B485B000AF78603D
:10E420000B467B807B681A697B881340002B02D0E7
:10E430000123FB7301E00023FB73FB7B18461437B9
:10E44000BD465DF8047B704780B483B000AF786050
:10E450000B467B8013467B707B78002B03D07A8839
:10E460007B689A6103E07B881A047B689A6100BF2D
:10E470000C37BD465DF8047B7047000080B584B062
:10E4800000AF78607B68002B01D101232BE17B6812
:10E4900093F83D30DBB2002B06D17B68002283F875
:10E4A0003C207868FBF74CFA7B68242283F83D20F7
:10E4B0007B681B681A687B681B6822F001021A607F
:10E4C0007B681B681A687B681B6842F400421A600C
:10E4D0007B681B681A687B681B6822F400421A601C
:10E4E00003F0FCFAF8607B685B68814A934207D8C6
:10E4F000FB68804A934294BF01230023DBB206E00D
:10E50000FB687D4A934294BF01230023DBB2002BBA
:10E5100001D00123E7E0FB68784AA2FB03239B0CB0
:10E52000BB607B681B685B6823F03F017B681B68EE
:10E53000BA680A435A607B681B681B6A23F03F0174
:10E540007B685B686A4A934202D8BB68013309E082
:10E55000BB684FF4967202FB03F3694AA2FB0323E4
:10E560009B0901337A6812680B4313627B681B684E
:10E57000DB6923F44F4222F0FF027B685B685C4951
:10E580008B4219D8FB68591E7B685B685B00B1FB46
:10E59000F3F3591C40F6FC730B40002B0AD0FB68C8
:10E5A000591E7B685B685B00B1FBF3F30133C3F377
:10E5B0000B0351E004234FE07B689B68002B11D1D3
:10E5C000FB68581E7B6859680B465B000B44B0FB28
:10E5D000F3F30133C3F30B03002B0CBF0123002320
:10E5E000DBB212E0FB68581E7B6859680B469B0043
:10E5F0000B4499000B44B0FBF3F30133C3F30B035B
:10E60000002B0CBF01230023DBB2002B01D0012320
:10E6100022E07B689B68002B0ED1FB68581E7B684C
:10E6200059680B465B000B44B0FBF3F30133C3F3B3
:10E630000B0343F400430FE0FB68581E7B685968E6
:10E640000B469B000B4499000B44B0FBF3F30133E2
:10E65000C3F30B0343F44043796809681343CB6168
:10E660007B681B681B6823F0C0017B68DA697B68E4
:10E670001B6A1A437B681B680A431A607B681B6825
:10E680009B6823F4034323F0FF037A6811697A68D7
:10E69000D26811437A6812680B4393607B681B68E9
:10E6A000DB6823F0FF017B685A697B689B691A432A
:10E6B0007B681B680A43DA607B681B681A687B68A2
:10E6C0001B6842F001021A607B6800221A647B68B2
:10E6D000202283F83D207B6800221A637B68002299
:10E6E00083F83E20002318461037BD4680BD00BF8A
:10E6F000A08601007F841E00FF083D0083DE1B43CF
:10E70000D34D621080B483B000AF78607B681B6823
:10E710005B6903F08003802B03D17B681B680022B8
:10E720001A6100BF0C37BD465DF8047B70470000DE
:10E7300080B588B002AFF8607A601A460B467B81DC
:10E7400013463B81FEF72EFB7861FB6893F83D3062
:10E75000DBB2202B40F0E0807B690093192301227B
:10E760007049F86802F006FB0346002B01D0022333
:10E77000D3E0FB6893F83C30012B01D10223CCE0BD
:10E78000FB68012283F83C20FB681B681B6803F0D0
:10E790000103012B07D0FB681B681A68FB681B6824
:10E7A00042F001021A60FB681B681A68FB681B686C
:10E7B00022F400621A60FB68212283F83D20FB6886
:10E7C000102283F83E20FB6800221A64FB687A68F6
:10E7D0005A62FB683A895A85FB685B8D9AB2FB687E
:10E7E0001A85FB68504ADA6279897B693A6AF86867
:10E7F00002F0AEF80346002B01D001238DE0002388
:10E800003B61FB681B685B693B61FB681B689B693C
:10E810003B613B6966E07A69396AF86802F0C4FBDB
:10E820000346002B0DD0FB681B6C042B07D1FB6843
:10E830001B681A68FB681B6842F400721A600123A7
:10E840006BE0FB685B6A1A78FB681B681A61FB68FF
:10E850005B6A5A1CFB685A62FB685B8D9BB2013B8A
:10E860009AB2FB685A85FB681B8D013B9AB2FB6824
:10E870001A85FB681B685B6903F00403042B1BD13A
:10E88000FB681B8D002B17D0FB685B6A1A78FB684E
:10E890001B681A61FB685B6A5A1CFB685A62FB685A
:10E8A0005B8D9BB2013B9AB2FB685A85FB681B8D5E
:10E8B000013B9AB2FB681A857A69396AF86802F0F6
:10E8C000BBFB0346002B0DD0FB681B6C042B07D150
:10E8D000FB681B681A68FB681B6842F400721A60C8
:10E8E00001231AE0FB681B8D002B94D1FB681B6889
:10E8F0001A68FB681B6842F400721A60FB682022E9
:10E9000083F83D20FB68002283F83E20FB6800224C
:10E9100083F83C20002300E0022318461837BD4648
:10E9200080BD00BF020010000000FFFF80B58CB06A
:10E9300002AFF860084611461A4603467B810B4633
:10E940003B811346FB80FEF72DFA7862FB6893F853
:10E950003D30DBB2202B40F014827B6A00931923F8
:10E9600001227B49F86802F005FA0346002B01D02A
:10E97000022307E2FB6893F83C30012B01D102230C
:10E9800000E2FB68012283F83C20FB681B681B68DF
:10E9900003F00103012B07D0FB681B681A68FB68B2
:10E9A0001B6842F001021A60FB681B681A68FB686A
:10E9B0001B6822F400621A60FB68222283F83D2063
:10E9C000FB68402283F83E20FB6800221A64FB6843
:10E9D0003A6B5A62FB68BA8E5A85FB685B8D9AB2B5
:10E9E000FB681A85FB685B4ADA62F8883A8979899C
:10E9F0007B6A0193BB6B00930346F86802F02AF828
:10EA00000346002B01D00123BCE1FB681B8D002BCA
:10EA100013D100233B62FB681B685B693B62FB68A8
:10EA20001B689B693B623B6AFB681B681A68FB6852
:10EA30001B6842F400721A6090E1FB681B8D012B89
:10EA40001BD1FB681B681A68FB681B6822F4806294
:10EA50001A600023FB61FB681B685B69FB61FB6854
:10EA60001B689B69FB61FB69FB681B681A68FB6894
:10EA70001B6842F400721A6070E1FB681B8D022B68
:10EA80001BD1FB681B681A68FB681B6822F4806254
:10EA90001A60FB681B681A68FB681B6842F4006216
:10EAA0001A600023BB61FB681B685B69BB61FB6884
:10EAB0001B689B69BB61BB6950E100237B61FB68FC
:10EAC0001B685B697B61FB681B689B697B617B6979
:10EAD00044E1FB681B8D032B00F2F180FB681B8D6A
:10EAE000012B23D17A6AB96BF86802F01FFB034649
:10EAF000002B01D0012345E1FB681B681A69FB6804
:10EB00005B6AD2B21A70FB685B6A5A1CFB685A6275
:10EB1000FB681B8D013B9AB2FB681A85FB685B8D15
:10EB20009BB2013B9AB2FB685A8517E1FB681B8DCB
:10EB3000022B4ED17B6A0093BB6B00220649F8681A
:10EB400002F018F90346002B08D001231AE100BF98
:10EB5000020010000000FFFF04000100FB681B68BA
:10EB60001A68FB681B6842F400721A60FB681B6835
:10EB70001A69FB685B6AD2B21A70FB685B6A5A1C3E
:10EB8000FB685A62FB681B8D013B9AB2FB681A85D1
:10EB9000FB685B8D9BB2013B9AB2FB685A85FB68B0
:10EBA0001B681A69FB685B6AD2B21A70FB685B6A01
:10EBB0005A1CFB685A62FB681B8D013B9AB2FB68CA
:10EBC0001A85FB685B8D9BB2013B9AB2FB685A8544
:10EBD000C4E07B6A0093BB6B00226C49F86802F0CA
:10EBE000C9F80346002B01D00123CBE0FB681B686A
:10EBF0001A68FB681B6822F480621A60FB681B6855
:10EC00001A69FB685B6AD2B21A70FB685B6A5A1CAD
:10EC1000FB685A62FB681B8D013B9AB2FB681A8540
:10EC2000FB685B8D9BB2013B9AB2FB685A857B6A9D
:10EC30000093BB6B00225549F86802F09BF803462D
:10EC4000002B01D001239DE0FB681B681A68FB685C
:10EC50001B6842F400721A60FB681B681A69FB6843
:10EC60005B6AD2B21A70FB685B6A5A1CFB685A6214
:10EC7000FB681B8D013B9AB2FB681A85FB685B8DB4
:10EC80009BB2013B9AB2FB685A85FB681B681A6904
:10EC9000FB685B6AD2B21A70FB685B6A5A1CFB683D
:10ECA0005A62FB681B8D013B9AB2FB681A85FB68B0
:10ECB0005B8D9BB2013B9AB2FB685A854EE07A6A43
:10ECC000B96BF86802F032FA0346002B01D0012339
:10ECD00058E0FB681B681A69FB685B6AD2B21A705D
:10ECE000FB685B6A5A1CFB685A62FB681B8D013B20
:10ECF0009AB2FB681A85FB685B8D9BB2013B9AB2A6
:10ED0000FB685A85FB681B685B6903F00403042BEE
:10ED100024D1FB681B8D032B07D1FB681B681A6885
:10ED2000FB681B6822F480621A60FB681B681A6922
:10ED3000FB685B6AD2B21A70FB685B6A5A1CFB689C
:10ED40005A62FB681B8D013B9AB2FB681A85FB680F
:10ED50005B8D9BB2013B9AB2FB685A85FB681B8DA9
:10ED6000002B7FF4B6AEFB68202283F83D20FB68C1
:10ED7000002283F83E20FB68002283F83C20002319
:10ED800000E0022318462837BD4680BD040001007C
:10ED900080B487B000AFF860084611461A460346B3
:10EDA0007B810B463B811346FB8000237B61FB6824
:10EDB00093F83D30DBB2202B40F096804E4B1B6821
:10EDC000DB084E4AA2FB03231A0A13469B00134496
:10EDD0009A0013447B617B69013B7B617B69002B5B
:10EDE00012D1FB6800221A63FB68202283F83D20C1
:10EDF000FB68002283F83E20FB681B6C43F0200276
:10EE0000FB681A64022370E0FB681B689B6903F0CF
:10EE10000203022BDFD0FB6893F83C30012B01D1B9
:10EE2000022362E0FB68012283F83C20FB681B6838
:10EE30001B6803F00103012B07D0FB681B681A68ED
:10EE4000FB681B6842F001021A60FB681B681A68C5
:10EE5000FB681B6822F400621A60FB68222283F8B8
:10EE60003D20FB68402283F83E20FB6800221A64A4
:10EE7000FB683A6A5A62FB68BA8C5A85FB685B8DFC
:10EE80009AB2FB681A85FB681D4ADA627A89FB68C8
:10EE90005A643A89FB689A64FA88FB68DA64FB680A
:10EEA00000221A65FB681B681A68FB681B6842F43D
:10EEB00080621A60FB681B681A68FB681B6842F472
:10EEC00080721A60FB68002283F83C20FB681B8D6F
:10EED000002B07D0FB681B685A68FB681B6842F46C
:10EEE000E0625A60002300E0022318461C37BD464A
:10EEF0005DF8047B704700BFB800002089B5F814A6
:10EF00000000FFFF80B58AB002AFF8607A603B6016
:10EF10000B467B81FDF746FFF8610023BB61FB6870
:10EF200093F83D30DBB2202B40F01181FB69009358
:10EF3000192301228849F86801F01CFF0346002BC1
:10EF400001D0022304E1FB6893F83C30012B01D18E
:10EF50000223FDE0FB68012283F83C20FB681B686C
:10EF60001B6803F00103012B07D0FB681B681A68BC
:10EF7000FB681B6842F001021A60FB681B681A6894
:10EF8000FB681B6822F400621A60FB68242283F885
:10EF90003D20FB6800221A64FB68704ADA62FB6855
:10EFA0001B681A68FB681B6842F480721A60FB6970
:10EFB00000933B6800224FF00111F86801F0DAFE7F
:10EFC0000346002B0DD0FB681B681B6803F480739D
:10EFD000B3F5807F03D1FB684FF400721A640323FA
:10EFE000B6E07B89DBB21A46FB681B6802F0FE02C2
:10EFF0001A61FDF7D7FEF861FB681B685B6903F0D7
:10F000000203022B0CBF01230023DBB2FB75FB685C
:10F010001B685B6903F48063B3F5806F0CBF012349
:10F020000023DBB2BB7525E0FDF7BCFE0246FB69A1
:10F03000D31A3A689A4202D33B68002B03D1FB688B
:10F04000A02283F83D20FB681B685B6903F0020384
:10F05000022B0CBF01230023DBB2FB75FB681B688E
:10F060005B6903F48063B3F5806F0CBF0123002359
:10F07000DBB2BB75FB6893F83D30DBB2A02B05D04B
:10F08000FB7D002B02D1BB7D002BCDD0FB68202265
:10F0900083F83D20FB681B685B6903F00203022BC9
:10F0A00029D1FB681B681A68FB681B6842F4007270
:10F0B0001A6000233B61FB681B685B693B61FB686E
:10F0C0001B689B693B613B69FB6900931923012223
:10F0D0002149F86801F04EFE0346002B01D00123C0
:10F0E00036E0FB68202283F83D20FB68002283F88D
:10F0F0003C2000232CE0FB681B681A68FB681B6837
:10F1000042F400721A60FB681B686FF480625A61F7
:10F11000FB690093192301220F49F86801F02AFEC8
:10F120000346002B01D0012312E0BB690133BB6110
:10F13000BA697B689A42FFF432AFFB68202283F8F9
:10F140003D20FB68002283F83C20012300E00223DD
:10F1500018462037BD4680BD020010000000FFFFAA
:10F1600080B588B000AF78600023BB617B681B6806
:10F170005B687B617B68DB6A3B617B6893F83E3050
:10F18000FB737B6893F83D30BB73FB7B102B03D084
:10F19000FB7B402B40F0C1807B681B689B69BB6197
:10F1A0007B681B685B69FB61FB6903F00103002B53
:10F1B0000DD13B69B3F52A0F03D03B69B3F12A4F58
:10F1C00001D1012300E00023012B00F03281FB6913
:10F1D00003F00103002B0CD07B695B0A03F00103F1
:10F1E000002B06D0786802F02DF8786800F091FDC9
:10F1F00092E0FB69DB0803F00103002B09D07B6977
:10F200005B0A03F00103002B03D0786800F007FECF
:10F2100082E0FB695B0803F00103002B09D07B69E6
:10F220005B0A03F00103002B03D0786800F021FE95
:10F2300072E0BB699B0803F00103002B3BD07B68A5
:10F240001B685B6803F40063B3F5006F00F0F380A4
:10F25000FB69DB0903F00103002B0FD07B699B0ADC
:10F2600003F00103002B09D0FB699B0803F00103A5
:10F27000002B03D1786800F0E9F94DE0FB699B08A9
:10F2800003F00103002B00F0D6807B695B0A03F0DA
:10F290000103002B00F0CF80BB7B212B03D17868CA
:10F2A00000F070FAC7E0FB7B402B40F0C480786828
:10F2B00000F0DEFABFE07B681B685B6803F4006364
:10F2C000B3F5006F00F0B780FB699B0903F0010301
:10F2D000002B0FD07B699B0A03F00103002B09D0A0
:10F2E000FB699B0803F00103002B03D1786800F051
:10F2F00057FB11E0FB699B0803F00103002B00F0B2
:10F300009A807B695B0A03F00103002B00F0938075
:10F31000786800F00DFC8EE08DE07B681B6C002BA4
:10F3200004D07B681B685B69FB6107E07B681B6836
:10F330009B69BB617B681B685B69FB61FB695B0860
:10F3400003F00103002B12D07B695B0A03F0010379
:10F35000002B0CD07B681B6C002B03D07B681B68D8
:10F360009B69BB61B969786800F0D2FF66E0FB6910
:10F370001B0903F00103002B09D07B695B0A03F032
:10F380000103002B03D0786801F00CF856E0BB7B3A
:10F39000212B02D0BB7B292B25D1FB69DB0903F094
:10F3A0000103002B0FD07B699B0A03F00103002BA4
:10F3B00009D0FB699B0803F00103002B03D1786897
:10F3C00000F0E8FE39E0FB699B0803F00103002B25
:10F3D00033D07B695B0A03F00103002B2DD07868E2
:10F3E00000F015FF29E0FB699B0903F00103002BE6
:10F3F0000FD07B699B0A03F00103002B09D0FB6946
:10F400009B0803F00103002B03D1786800F020FF74
:10F4100014E0FB699B0803F00103002B0ED07B690D
:10F420005B0A03F00103002B08D0786800F04EFF60
:10F4300004E000BF02E000BF00E000BF2037BD468F
:10F4400080BD80B58AB000AF78607B681B685B695F
:10F450003B627B681B685B68FB6100237B627B68A7
:10F4600093F83E30FB763B6A1B0A03F00103002B46
:10F470000ED0FB691B0A03F00103002B08D07B6A46
:10F4800043F001037B627B681B686FF480725A61F2
:10F490003B6A5B0A03F00103002B0ED0FB691B0AD9
:10F4A00003F00103002B08D07B6A43F002037B6268
:10F4B0007B681B686FF400725A613B6A9B0A03F019
:10F4C0000103002B3FD0FB691B0A03F00103002B53
:10F4D00039D0FB7EBB767B685B8D9BB27B617B68A2
:10F4E00093F83D30FB747B681B6BFB60BB7E202B6D
:10F4F00012D17B69002B0FD1FB7C212B08D0FB7C28
:10F50000292B05D0FB7C282B06D1FB68212B03D1AE
:10F51000786801F077F816E07B681B686FF480620A
:10F520005A617B6A43F004037B62FB7E102B02D09E
:10F53000FB7E402B07D17B681B681A687B681B68C1
:10F5400042F400721A603B6ADB0A03F00103002BED
:10F550000ED0FB691B0A03F00103002B08D07B6A65
:10F5600043F008037B627B681B686FF400625A619A
:10F570007B6A002B08D07B681A6C7B6A1A437B6815
:10F580001A64786801F0B2F800BF2837BD4680BD24
:10F5900080B483B000AF786000BF0C37BD465DF823
:10F5A000047B704780B483B000AF786000BF0C3735
:10F5B000BD465DF8047B704780B483B000AF7860CF
:10F5C00000BF0C37BD465DF8047B704780B483B044
:10F5D00000AF786000BF0C37BD465DF8047B704714
:10F5E00080B483B000AF78600B46FB7013463B805D
:10F5F00000BF0C37BD465DF8047B704780B483B014
:10F6000000AF786000BF0C37BD465DF8047B7047E3
:10F6100080B483B000AF786000BF0C37BD465DF8A2
:10F62000047B704780B483B000AF786000BF0C37B4
:10F63000BD465DF8047B704780B483B000AF78604E
:10F6400000BF0C37BD465DF8047B704780B584B0C1
:10F6500000AF78607B6893F83D30FB737B6893F86C
:10F660003E30BB737B68DB6ABB607B681B8D002B05
:10F6700050D1FB7B212B4DD1BB68082B1DD0BB6823
:10F68000202B1AD0BB6813F5803F16D07B681B680F
:10F690005A687B681B6822F4E0625A607B6811221A
:10F6A0001A637B68002283F83E207B68202283F85F
:10F6B0003D207868FFF76CFF60E07B681B685A6844
:10F6C0007B681B6822F4E0625A607B681B681A68DA
:10F6D0007B681B6842F400721A607B6800221A6320
:10F6E0007B68202283F83D207B6893F83E30DBB2B4
:10F6F000402B07D17B68002283F83E207868FFF713
:10F7000087FF3BE07B68002283F83E207868FFF7A4
:10F710003FFF33E0FB7B212B05D0BB7B402B2DD162
:10F72000FB7B222B2AD17B685B8D9BB2002B08D1FF
:10F730007B681B685A687B681B6822F480625A6089
:10F740001CE07B6893F83E30DBB2402B03D1786835
:10F7500000F08EF812E07B685B6A1A787B681B68A1
:10F760001A617B685B6A5A1C7B685A627B685B8D96
:10F770009BB2013B9AB27B685A85FFE700BF103706
:10F78000BD4680BD80B584B000AF78607B68DB6A21
:10F79000FB607B6893F83D30DBB2212B64D17B6842
:10F7A0005B8D9BB2002B12D07B685B6A1A787B68FA
:10F7B0001B681A617B685B6A5A1C7B685A627B68AB
:10F7C0005B8D9BB2013B9AB27B685A854CE0FB682B
:10F7D000082B1DD0FB68202B1AD0FB6813F5803F47
:10F7E00016D07B681B685A687B681B6822F4E0624D
:10F7F0005A607B6811221A637B68002283F83E20DE
:10F800007B68202283F83D207868FFF7C1FE2BE05B
:10F810007B681B685A687B681B6822F4E0625A6048
:10F820007B681B681A687B681B6842F400721A6068
:10F830007B6800221A637B68202283F83D207B6866
:10F8400093F83E30DBB2402B07D17B68002283F86F
:10F850003E207868FFF7DCFE06E07B68002283F834
:10F860003E207868FFF794FE00BF1037BD4680BD8C
:10F8700080B584B000AF78607B6893F83D30FB734F
:10F880007B681B6D002B1DD17B68DB6C012B0BD1C2
:10F890007B689B6CDAB27B681B681A617B681B6DA6
:10F8A0009A1C7B681A6577E07B689B6C9BB21B1285
:10F8B000DAB27B681B681A617B681B6D5A1C7B6817
:10F8C0001A6569E07B681B6D012B0BD17B689B6C13
:10F8D000DAB27B681B681A617B681B6D5A1C7B68F7
:10F8E0001A6559E07B681B6D022B52D1FB7B222BE2
:10F8F0000DD17B681B681A687B681B6842F48072B4
:10F900001A607B681B6D5A1C7B681A6544E07B6833
:10F910005B8D9BB2002B15D0FB7B212B12D17B681A
:10F920005B6A1A787B681B681A617B685B6A5A1C81
:10F930007B685A627B685B8D9BB2013B9AB27B68A5
:10F940005A8529E07B685B8D9BB2002B24D1FB7B21
:10F95000212B21D17B681B685A687B681B6822F4C5
:10F96000E0625A607B681B681A687B681B6842F417
:10F9700000721A607B6800221A637B68202283F879
:10F980003D207B68002283F83E207868FFF740FE28
:10F9900002E07868FEF7B6FE00BF1037BD4680BDB6
:10F9A00080B584B000AF78607B6893F83D30DBB2FF
:10F9B000222B40F0B9807B68DB6AFB607B685B8D43
:10F9C0009BB2BB60BB68032B21D97B681B681A699B
:10F9D0007B685B6AD2B21A707B685B6A5A1C7B6870
:10F9E0005A627B685B8D9BB2013B9AB27B685A85F9
:10F9F0007B685B8D9BB2032B40F096807B681B6815
:10FA00005A687B681B6822F480625A608CE07B68CD
:10FA1000DB6A022B7FD0BB68012B02D0BB68002BB6
:10FA200079D1786801F050FB0346002B4CD17B68FC
:10FA30001B681A687B681B6822F480621A607B6806
:10FA40001B685A687B681B6822F4E0625A607B6816
:10FA50001B681A697B685B6AD2B21A707B685B6A42
:10FA60005A1C7B685A627B685B8D9BB2013B9AB2E1
:10FA70007B685A857B68202283F83D207B6893F859
:10FA80003E30DBB2402B0AD17B68002283F83E2057
:10FA90007B6800221A637868F8F76EFC44E07B68A4
:10FAA000002283F83E20FB68082B02D0FB68202B45
:10FAB00003D17B6800221A6302E07B6812221A637A
:10FAC0007868FFF76FFD2FE07B681B685A687B68DA
:10FAD0001B6822F4E0625A607B681B681A697B68C5
:10FAE0005B6AD2B21A707B685B6A5A1C7B685A6286
:10FAF0007B685B8D9BB2013B9AB27B685A857B68C1
:10FB0000202283F83D207B68002283F83E2078681D
:10FB1000FFF788FD08E07B681B685A687B681B68F4
:10FB200022F480625A60FFE700BF1037BD4680BDF7
:10FB300080B584B000AF78607B68DB6AFB607B686F
:10FB40005B8D9BB2042B1BD17B681B685A687B685A
:10FB50001B6822F480625A607B681B681A697B68A4
:10FB60005B6AD2B21A707B685B6A5A1C7B685A6205
:10FB70007B685B8D9BB2013B9AB27B685A85C4E07F
:10FB80007B685B8D9BB2032B29D17B681B685A680D
:10FB90007B681B6822F480625A60FB68042B0AD0E1
:10FBA000FB68022B07D07B681B681A687B681B68A0
:10FBB00022F480621A607B681B681A697B685B6A42
:10FBC000D2B21A707B685B6A5A1C7B685A627B6887
:10FBD0005B8D9BB2013B9AB27B685A8595E07B684E
:10FBE0005B8D9BB2022B7DD1FB68012B02D0FB68A1
:10FBF000102B08D17B681B681A687B681B6822F48D
:10FC000080621A6016E0FB68042B02D0FB68022BAE
:10FC100008D17B681B681A687B681B6842F48062A5
:10FC20001A6007E07B681B681A687B681B6842F4EF
:10FC300000721A607B681B681A697B685B6AD2B2C3
:10FC40001A707B685B6A5A1C7B685A627B685B8DA2
:10FC50009BB2013B9AB27B685A857B681B681A6924
:10FC60007B685B6AD2B21A707B685B6A5A1C7B68DD
:10FC70005A627B685B8D9BB2013B9AB27B685A8566
:10FC80007B681B685A687B681B6822F440725A6064
:10FC90007B68202283F83D207B6893F83E30DBB2FE
:10FCA000402B0AD17B68002283F83E207B6800222B
:10FCB0001A637868F8F760FB27E07B68002283F816
:10FCC0003E20FB68082B02D0FB68202B03D17B6809
:10FCD00000221A6302E07B6812221A637868FFF739
:10FCE00061FC12E07B681B681A697B685B6AD2B2B0
:10FCF0001A707B685B6A5A1C7B685A627B685B8DF2
:10FD00009BB2013B9AB27B685A8500BF1037BD4653
:10FD100080BD80B483B000AF78607B6893F83E30DC
:10FD2000DBB2402B17D17B681B6D002B09D17B68A0
:10FD30005B6CDBB21A467B681B6802F0FE021A613C
:10FD400067E07B685B6CDBB243F00103DAB27B688F
:10FD50001B681A615DE07B681B69B3F5804F33D186
:10FD60007B6893F83D30DBB2212B09D17B685B6C5B
:10FD7000DBB21A467B681B6802F0FE021A6108E0DB
:10FD80007B685B6CDBB243F00103DAB27B681B6813
:10FD90001A617B685B6B002B04D07B685B6BDB6B51
:10FDA000002B08D17B689B6B002B32D07B689B6B50
:10FDB000DB6B002B2DD07B681B685A687B681B6847
:10FDC00042F400625A6024E07B681B6D002B0ED168
:10FDD0007B685B6C9BB2DB11DBB203F00603DBB22A
:10FDE00063F00F03DAB27B681B681A6111E07B686D
:10FDF0001B6D012B0DD17B685B6C9BB2DB11DBB201
:10FE000003F00603DBB263F00E03DAB27B681B6813
:10FE10001A6100BF0C37BD465DF8047B704780B4A3
:10FE200083B000AF78607B685B6CDAB27B681B687C
:10FE30001A617B685B6B002B04D07B685B6BDB6BB0
:10FE4000002B08D17B689B6B002B0CD07B689B6BD5
:10FE5000DB6B002B07D07B681B685A687B681B68CC
:10FE600042F400625A6000BF0C37BD465DF8047B67
:10FE7000704780B491B000AF78607B6893F83E30F3
:10FE800087F83F307B68DB6ABB637B681B6B7B63F7
:10FE90007B6893F83D30DBB2222B40F069817B68B0
:10FEA0001B6D002B0FD197F83F30402B0BD1002357
:10FEB0003B637B681B685B693B637B681B689B6972
:10FEC0003B633B6B60E17B681B6D002B1DD17B6846
:10FED0001B69B3F5404F18D10023FB627B681B6898
:10FEE0005B69FB627B681B689B69FB62FB6A7B68E2
:10FEF0001B681A687B681B6842F480721A607B6812
:10FF00001B6D5A1C7B681A653EE17B685B8D9BB25A
:10FF1000002B13D10023BB627B681B685B69BB624B
:10FF20007B681B689B69BB62BB6A7B681B681A683D
:10FF30007B681B6842F400721A6015E17B685B8D78
:10FF40009BB2012B40F08A80BB6B13F5803F37D109
:10FF50007B681B681A687B681B6822F480621A60E1
:10FF60007B681B685B6803F40063B3F5006F13D113
:10FF70007B681B681A687B681B6822F480621A60C1
:10FF800000237B627B681B685B697B627B681B6804
:10FF90009B697B627B6AE7E000233B627B681B68AE
:10FFA0005B693B627B681B689B693B623B6A7B6861
:10FFB0001B681A687B681B6842F400721A60D3E001
:10FFC000BB6B082B2ED0BB6B202B2BD07B6B122B4B
:10FFD00002D1BB6B012B25D1BB6B042B0ED0BB6BAD
:10FFE000022B0BD0BB6B102B08D07B681B681A68E8
:10FFF0007B681B6822F480621A6007E07B681B68DC
:020000040801F1
:100000001A687B681B6842F480621A600023FB61F7
:100010007B681B685B69FB617B681B689B69FB6194
:10002000FB69A1E07B681B681A687B681B6822F487
:1000300080621A600023BB617B681B685B69BB61DF
:100040007B681B689B69BB61BB697B681B681A681E
:100050007B681B6842F400721A6085E07B685B8DE8
:100060009BB2022B4DD1BB6B042B16D0BB6B022B6A
:1000700013D0BB6B102B10D07B681B681A687B6891
:100080001B6822F480621A607B681B681A687B68B0
:100090001B6842F400621A6007E07B681B681A68FC
:1000A0007B681B6842F480621A607B681B685B682F
:1000B00003F40063B3F5006F17D1BB6B13F5803FFA
:1000C0000BD0BB6B012B08D0BB6B082B05D0BB6BD7
:1000D000102B02D0BB6B202B07D17B681B685A68A2
:1000E0007B681B6842F480525A6000237B617B6806
:1000F0001B685B697B617B681B689B697B617B69B3
:1001000032E07B681B681A687B681B6842F4806277
:100110001A607B681B685B6803F40063B3F5006FCB
:1001200017D1BB6B13F5803F0BD0BB6B012B08D0F5
:10013000BB6B082B05D0BB6B102B02D0BB6B202BED
:1001400007D17B681B685A687B681B6842F4805241
:100150005A6000233B617B681B685B693B617B687D
:100160001B689B693B613B697B6800221A650BE059
:100170000023FB607B681B685B69FB607B681B6816
:100180009B69FB60FB68FFE700BF4437BD465DF835
:10019000047B704780B584B000AF78607B6893F8CB
:1001A0003D30FB737B685B8D9BB2002B2BD07B6853
:1001B0005B6A1A787B681B681A617B685B6A5A1CE9
:1001C0007B685A627B685B8D9BB2013B9AB27B680D
:1001D0005A857B685B8D9BB2002B14D1FB7B292B4E
:1001E00011D17B681B685A687B681B6822F48062A7
:1001F0005A607B6821221A637B68282283F83D209D
:100200007868FFF7D9F900BF1037BD4680BD80B4CC
:1002100083B000AF78607B685B8D9BB2002B11D000
:100220007B685B6A1A787B681B681A617B685B6A0B
:100230005A1C7B685A627B685B8D9BB2013B9AB209
:100240007B685A8500BF0C37BD465DF8047B70475C
:1002500080B584B000AF78607B6893F83D30FB7365
:100260007B685B8D9BB2002B2CD07B681B681A6966
:100270007B685B6AD2B21A707B685B6A5A1C7B68C7
:100280005A627B685B8D9BB2013B9AB27B685A8550
:100290007B685B8D9BB2002B14D1FB7B2A2B11D189
:1002A0007B681B685A687B681B6822F480625A600E
:1002B0007B6822221A637B68282283F83D207868B5
:1002C000FFF784F900BF1037BD4680BD80B483B00E
:1002D00000AF78607B685B8D9BB2002B12D07B688F
:1002E0001B681A697B685B6AD2B21A707B685B6AAA
:1002F0005A1C7B685A627B685B8D9BB2013B9AB249
:100300007B685A8500BF0C37BD465DF8047B70479B
:1003100080B584B000AF786039600023FB737B68E0
:1003200093F83D30DBB203F02803282B27D17B68FC
:100330001B685A687B681B6822F480625A603B68BD
:100340009B0803F00103002B01D10123FB733B68E1
:10035000DB0903F00103002B03D17B68DB68BB8161
:1003600002E07B689B69BB817B68002283F83C20AC
:10037000BA89FB7B19467868FFF732F90EE0002353
:10038000BB607B681B685B69BB607B681B689B69A3
:10039000BB60BB687B68002283F83C2000BF10373D
:1003A000BD4680BD80B584B000AF78607B6893F8AF
:1003B0003D30FB737B681B685A687B681B6822F4BE
:1003C000E0625A600023BB607B681B685B69BB60AE
:1003D0007B681B681A687B681B6842F001021A6020
:1003E000BB687B681B681A687B681B6822F48062A4
:1003F0001A607B681B685B6803F40063B3F5006FE9
:1004000072D1FB7B222B02D0FB7B2A2B35D17B6860
:100410009B6B1B685B689AB27B685A857B685B8DB7
:100420009BB2002B05D07B681B6C43F004027B68F9
:100430001A647B681B685A687B681B6822F4006238
:100440005A607B689B6B1846FDF774FD0346012BD1
:1004500049D07B689B6B694A1A657B689B6B184621
:10046000FDF7BCFB0346002B3DD07B689B6B1B6DEF
:100470007A68926B1046984735E07B685B6B1B6827
:100480005B689AB27B685A857B685B8D9BB2002B58
:1004900005D07B681B6C43F004027B681A647B68A0
:1004A0001B685A687B681B6822F400625A607B688C
:1004B0005B6B1846FDF73EFD0346012B14D07B68AD
:1004C0005B6B4E4A1A657B685B6B1846FDF786FBD3
:1004D0000346002B08D07B685B6B1B6D7A68526B00
:1004E0001046984700E000BF7B685B8D9BB2002BF5
:1004F0003ED07B681B685B6903F00403042B12D1B8
:100500007B681B681A697B685B6AD2B21A707B6869
:100510005B6A5A1C7B685A627B685B8D9BB2013BAD
:100520009AB27B685A857B681B685B6903F040035D
:10053000402B12D17B681B681A697B685B6AD2B258
:100540001A707B685B6A5A1C7B685A627B685B8D99
:100550009BB2013B9AB27B685A857B685B8D9BB2EC
:10056000002B05D07B681B6C43F004027B681A6487
:100570007B681B6C002B03D0786800F0B7F839E07B
:10058000FB7B2A2B09D17B6800221A637B68282217
:1005900083F83D207868FFF719F87B6893F83D30C1
:1005A000DBB2282B11D17B68154ADA627B68002206
:1005B0001A637B68202283F83D207B68002283F841
:1005C0003E207868FFF71AF814E07B681B6B222B3B
:1005D00002D0FB7B222B0DD17B6800221A637B6843
:1005E000202283F83D207B68002283F83E20786833
:1005F000FEF7ECFF00BF1037BD4680BD250C01089B
:100600000000FFFF80B584B000AF78607B6893F88E
:100610003D30FB737B68DB6ABB60BB68082B02D094
:10062000BB68202B29D1FB7B282B26D17B682E4A47
:10063000DA627B681B685A687B681B6822F4E06298
:100640005A607B681B686FF480625A617B681B6824
:100650001A687B681B6822F480621A607B6800223B
:100660001A637B68202283F83D207B68002283F890
:100670003E207868FEF7C2FF31E0FB7B212B29D1B9
:100680007B68194ADA627B6821221A637B68202220
:1006900083F83D207B68002283F83E207B681B683E
:1006A0005A687B681B6822F4E0625A607B681B68AA
:1006B0006FF480625A617B681B681A687B681B68EC
:1006C00022F480621A607868FEF71CF87868FEF7FA
:1006D00073FF04E07B681B686FF480625A6100BF9F
:1006E0001037BD4680BD00BF0000FFFF80B584B05D
:1006F00000AF78607B6893F83D30FB737B6893F8BC
:100700003E30BB73BB7B102B02D0BB7B402B0AD18E
:10071000FB7B222B07D17B681B681A687B681B68F0
:1007200022F400621A60FB7B03F02803282B07D118
:100730007B6800221A637B68282283F83D2015E03D
:100740007B681B685B6803F40063B3F5006F0AD035
:10075000FB7B602B07D07B68202283F83D207B68E1
:10076000002283F83E207B6800221A637B681B68A6
:100770005B6803F40063B3F5006F62D17B681B68AC
:100780005A687B681B6822F400625A607B685B6B66
:1007900093F83530DBB2012B20D07B685B6B6A4A63
:1007A0001A657B685B6B1846FDF718FA0346002B49
:1007B00000F089807B681B681A687B681B6822F0E0
:1007C00001021A607B68202283F83D207B685B6B06
:1007D0001B6D7A68526B1046984774E07B689B6B80
:1007E000594A1A657B689B6B1846FDF7F7F9034673
:1007F000002B68D07B681B685B6903F04003402BCB
:100800000BD17B681B681A697B685B6AD2B21A706D
:100810007B685B6A5A1C7B685A627B681B681A6833
:100820007B681B6822F001021A607B68202283F833
:100830003D207B689B6B1B6D7A68926B10469847D6
:1008400041E07B6893F83D30DBB2602B25D17B68BB
:10085000202283F83D207B6800221A647B681B6895
:100860005B6903F04003402B0BD17B681B681A695E
:100870007B685B6AD2B21A707B685B6A5A1C7B68C1
:100880005A627B681B681A687B681B6822F0010249
:100890001A607868FEF7D0FE15E07B681B685B691C
:1008A00003F04003402B0BD17B681B681A697B68FF
:1008B0005B6AD2B21A707B685B6A5A1C7B685A62A8
:1008C0007868FEF7AFFE7B681B6CBB60BB6803F00B
:1008D0000103002B0ED1BB6803F00203002B09D1EA
:1008E000BB6803F00403002B04D1BB6803F00803CA
:1008F000002B07D07B681B685A687B681B6822F452
:10090000E0625A607B6893F83D30FB737B681B6C38
:1009100003F00403042B13D1FB7B282B10D17B683D
:100920000A4ADA627B6800221A637B68202283F815
:100930003D207B68002283F83E207868FEF75EFE4B
:1009400000BF1037BD4680BD250C01080000FFFF29
:1009500080B588B002AFF8607A603B600B467B815F
:10096000FB68DB6A7B617B69082B06D07B69012B06
:1009700003D07B6913F5803F08D1FB681B681A68B8
:10098000FB681B6842F480721A600BE0FB681B6B0B
:10099000122B07D1FB681B681A68FB681B6842F4BE
:1009A00080721A603B6800937B6800224FF001114F
:1009B000F86800F0DFF90346002B0DD0FB681B68D8
:1009C0001B6803F48073B3F5807F03D1FB684FF499
:1009D00000721A64032335E0FB681B69B3F5804F8E
:1009E00008D17B89DBB21A46FB681B6802F0FE0265
:1009F0001A611BE07B89DB11DBB203F00603DBB27B
:100A000063F00F03DAB2FB681B681A613B687A680F
:100A10000E49F86800F028FA0346002B01D00123A4
:100A200010E07B89DAB2FB681B681A613B687A6860
:100A30000749F86800F018FA0346002B01D001239B
:100A400000E0002318461837BD4680BD08000100AD
:100A50000200010080B588B002AFF8600846114678
:100A60001A4603467B810B463B811346FB80FB689D
:100A70001B681A68FB681B6842F480621A60FB6896
:100A80001B681A68FB681B6842F480721A607B6AF4
:100A900000933B6A00224FF00111F86800F06AF9F8
:100AA0000346002B0DD0FB681B681B6803F48073A2
:100AB000B3F5807F03D1FB684FF400721A640323FF
:100AC000AAE07B89DBB21A46FB681B6802F0FE02D3
:100AD0001A617B6A3A6A5249F86800F0C5F9034620
:100AE000002B01D0012397E000237B61FB681B688A
:100AF0005B697B61FB681B689B697B617B697A6AC8
:100B0000396AF86800F050FA0346002B0DD0FB68F4
:100B10001B6C042B07D1FB681B681A68FB681B68F9
:100B200042F400721A60012376E0FB88012B05D1A4
:100B30003B89DAB2FB681B681A6121E03B891B0A1A
:100B40009BB2DAB2FB681B681A617A6A396AF86884
:100B500000F02AFA0346002B0DD0FB681B6C042B17
:100B600007D1FB681B681A68FB681B6842F40072B7
:100B70001A60012350E03B89DAB2FB681B681A61F6
:100B80007A6A396AF86800F00FFA0346002B0DD034
:100B9000FB681B6C042B07D1FB681B681A68FB6899
:100BA0001B6842F400721A60012335E0FB681B6881
:100BB0001A68FB681B6842F480721A607B6A0093B3
:100BC0003B6A00224FF00111F86800F0D3F80346A9
:100BD000002B0DD0FB681B681B6803F48073B3F512
:100BE000807F03D1FB684FF400721A64032313E083
:100BF0007B89DBB243F00103DAB2FB681B681A6140
:100C00007B6A3A6A0649F86800F02EF90346002B21
:100C100001D0012300E0002318461837BD4680BDEF
:100C20000200010080B586B000AF78600023FB6051
:100C30007B689B6B7B617B6993F83D30FB744B4B0E
:100C40001B68DB084A4AA2FB03231A0A13469B00CF
:100C50001344DA00D31AFB60FB68002B06D17B69D2
:100C60001B6C43F020027B691A640AE0FB68013BBD
:100C7000FB607B691B681B6803F40073B3F5007F9E
:100C8000EAD07B695B6B002B03D07B695B6B002236
:100C9000DA637B699B6B002B03D07B699B6B002223
:100CA000DA637B691B681A687B691B6822F48062BF
:100CB0001A607B6900225A857B695B6B002B03D02D
:100CC0007B695B6B00221A657B699B6B002B03D0F1
:100CD0007B699B6B00221A657B691B681A687B69BC
:100CE0001B6822F001021A607B6993F83D30DBB289
:100CF000602B0ED17B69202283F83D207B69002286
:100D000083F83E207B6900221A647869FEF794FC20
:100D100027E0FB7C03F02803282B17D17B691B6895
:100D20001A687B691B6842F001021A607B691B68C4
:100D30001A687B691B6842F480621A607B69002232
:100D40001A637B69282283F83D2007E07B69202213
:100D500083F83D207B69002283F83E207869FEF706
:100D600061FC00BF1837BD4680BD00BFB800002041
:100D700089B5F81480B584B000AFF860B9603B6005
:100D80001346FB7148E03B68B3F1FF3F44D0FCF7EA
:100D900009F80246BB69D31A3A689A4202D33B6803
:100DA000002B39D1BB681B0CDBB2012B0DD1FB68CA
:100DB0001B685B69DA43BB6813409BB2002B0CBF16
:100DC00001230023DBB21A460CE0FB681B689B6919
:100DD000DA43BB6813409BB2002B0CBF01230023F6
:100DE000DBB21A46FB799A4216D1FB6800221A63DD
:100DF000FB68202283F83D20FB68002283F83E2018
:100E0000FB681B6C43F02002FB681A64FB6800223D
:100E100083F83C20012323E0BB681B0CDBB2012BD1
:100E20000DD1FB681B685B69DA43BB6813409BB25A
:100E3000002B0CBF01230023DBB21A460CE0FB6839
:100E40001B689B69DA43BB6813409BB2002B0CBF45
:100E500001230023DBB21A46FB799A4293D0002388
:100E600018461037BD4680BD80B584B000AFF8602D
:100E7000B9607A603B6071E0FB681B685B6903F4F2
:100E80008063B3F5806F23D1FB681B681A68FB6829
:100E90001B6842F400721A60FB681B686FF4806282
:100EA0005A61FB6800221A63FB68202283F83D2008
:100EB000FB68002283F83E20FB681B6C43F00402B1
:100EC000FB681A64FB68002283F83C20012367E07A
:100ED0007B68B3F1FF3F41D0FBF764FF02463B68FC
:100EE000D31A7A689A4202D37B68002B36D1BB684A
:100EF0001B0CDBB2012B0CD1FB681B685B69DA436E
:100F0000BB6813409BB2002B14BF01230023DBB24C
:100F10000BE0FB681B689B69DA43BB6813409BB21C
:100F2000002B14BF01230023DBB2002B16D0FB687B
:100F300000221A63FB68202283F83D20FB68002210
:100F400083F83E20FB681B6C43F02002FB681A64A8
:100F5000FB68002283F83C20012321E0BB681B0CC6
:100F6000DBB2012B0CD1FB681B685B69DA43BB6801
:100F700013409BB2002B14BF01230023DBB20BE014
:100F8000FB681B689B69DA43BB6813409BB2002B6C
:100F900014BF01230023DBB2002B7FF46DAF0023CD
:100FA00018461037BD4680BD80B584B000AFF860EC
:100FB000B9607A6034E0F86800F015F90346002B58
:100FC00001D0012334E0BB68B3F1FF3F28D0FBF729
:100FD000E9FE02467B68D31ABA689A4202D3BB681C
:100FE000002B1DD1FB681B685B6903F08003802B1D
:100FF00016D0FB6800221A63FB68202283F83D208C
:10100000FB68002283F83E20FB681B6C43F0200243
:10101000FB681A64FB68002283F83C20012307E088
:10102000FB681B685B6903F08003802BC3D100233E
:1010300018461037BD4680BD80B584B000AFF8605B
:10104000B9607A6034E0F86800F0CDF80346002B10
:1010500001D0012334E0BB68B3F1FF3F28D0FBF798
:10106000A1FE02467B68D31ABA689A4202D3BB68D3
:10107000002B1DD1FB681B685B6903F00403042B84
:1010800016D0FB6800221A63FB68202283F83D20FB
:10109000FB68002283F83E20FB681B6C43F02002B3
:1010A000FB681A64FB68002283F83C20012307E0F8
:1010B000FB681B685B6903F00403042BC3D10023A6
:1010C00018461037BD4680BD80B485B000AF78604B
:1010D0000023FB60134B1B68DB08134AA2FB0323AE
:1010E0001A0A13469B001344FB60FB68013BFB603C
:1010F000FB68002B07D17B681B6C43F020027B68E8
:101100001A64012308E07B681B681B6803F4007302
:10111000B3F5007FE9D0002318461437BD465DF8CB
:10112000047B7047B800002089B5F81480B584B0FE
:1011300000AFF860B9607A6049E0FB681B685B69E2
:1011400003F01003102B19D1FB681B686FF010021D
:101150005A61FB6800221A63FB68202283F83D2055
:10116000FB68002283F83E20FB681A6CFB681A6457
:10117000FB68002283F83C20012330E0FBF712FEDD
:1011800002467B68D31ABA689A4202D3BB68002B26
:101190001DD1FB681B685B6903F04003402B16D030
:1011A000FB6800221A63FB68202283F83D20FB685D
:1011B000002283F83E20FB681B6C43F02002FB6892
:1011C0001A64FB68002283F83C20012307E0FB68D7
:1011D0001B685B6903F04003402BAED10023184627
:1011E0001037BD4680BD80B483B000AF78607B68A7
:1011F0001B685B6903F48063B3F5806F1BD17B6868
:101200001B686FF480625A617B6800221A637B68F6
:10121000202283F83D207B68002283F83E207B68F3
:101220001B6C43F004027B681A647B68002283F81D
:101230003C20012300E0002318460C37BD465DF832
:10124000047B704780B483B000AF78607B68DB6A52
:10125000B3F52A0F03D17B680122DA6207E07B68CD
:10126000DB6AB3F12A4F02D17B680822DA6200BF41
:101270000C37BD465DF8047B7047000080B586B032
:1012800000AF78607B68002B01D1012367E27B68A7
:101290001B6803F00103002B75D0884B9B6803F09B
:1012A0000C03042B0CD0854B9B6803F00C03082B1C
:1012B00012D1824B5B6803F48003B3F5800F0BD12E
:1012C0007E4B1B6803F40033002B5BD07B685B68AC
:1012D000002B57D1012342E27B685B68B3F5803F66
:1012E00006D1764B1B68754A43F4803313601DE0CA
:1012F0007B685B68B3F5A02F0CD1704B1B686F4AFD
:1013000043F4802313606D4B1B686C4A43F48033B5
:1013100013600BE0694B1B68684A23F48033136049
:10132000664B1B68654A23F4802313607B685B6807
:10133000002B13D0FBF736FD386108E0FBF732FDD8
:1013400002463B69D31A642B01D9032307E25B4BA6
:101350001B6803F40033002BF0D014E0FBF722FDF0
:10136000386108E0FBF71EFD02463B69D31A642B87
:1013700001D90323F3E1514B1B6803F40033002B25
:10138000F0D100E000BF7B681B6803F00203002B74
:1013900063D04A4B9B6803F00C03002B0BD0474BE8
:1013A0009B6803F00C03082B1CD1444B5B6803F4CF
:1013B0008003002B16D1414B1B6803F00203002B66
:1013C00005D07B68DB68012B01D00123C7E13B4BD3
:1013D0001B6823F0F8027B681B69DB003749134365
:1013E0000B603AE07B68DB68002B20D0344B012295
:1013F0001A60FBF7D7FC386108E0FBF7D3FC024624
:101400003B69D31A022B01D90323A8E12B4B1B689C
:1014100003F00203002BF0D0284B1B6823F0F802E6
:101420007B681B69DB00254913430B6015E0244BE7
:1014300000221A60FBF7B6FC386108E0FBF7B2FC4B
:1014400002463B69D31A022B01D9032387E11B4BC8
:101450001B6803F00203002BF0D17B681B6803F0CC
:101460000803002B36D07B685B69002B16D0154B28
:1014700001221A60FBF796FC386108E0FBF792FC4A
:1014800002463B69D31A022B01D9032367E10B4BB8
:101490005B6F03F00203002BF0D01BE0094B00222E
:1014A0001A60FBF77FFC38610EE0FBF77BFC02461D
:1014B0003B69D31A022B07D9032350E100380240BD
:1014C00000004742800E4742884B5B6F03F00203E7
:1014D000002BEAD17B681B6803F00403002B00F0AB
:1014E00097800023FB75814B1B6C03F08053002B0E
:1014F0000FD10023BB607D4B1B6C7C4A43F08053B3
:1015000013647A4B1B6C03F08053BB60BB680123F0
:10151000FB75774B1B6803F48073002B18D1744B59
:101520001B68734A43F480731360FBF73BFC38611C
:1015300008E0FBF737FC02463B69D31A022B01D9BE
:1015400003230CE16A4B1B6803F48073002BF0D07B
:101550007B689B68012B06D1644B1B6F634A43F089
:10156000010313671CE07B689B68052B0CD15F4B64
:101570001B6F5E4A43F0040313675C4B1B6F5B4AAF
:1015800043F0010313670BE0584B1B6F574A23F0DE
:1015900001031367554B1B6F544A23F00403136771
:1015A0007B689B68002B15D0FBF7FCFB38610AE0D9
:1015B000FBF7F8FB02463B69D31A41F288329342AB
:1015C00001D90323CBE0494B1B6F03F00203002B2F
:1015D000EED014E0FBF7E6FB38610AE0FBF7E2FB34
:1015E00002463B69D31A41F28832934201D9032360
:1015F000B5E03E4B1B6F03F00203002BEED1FB7DE9
:10160000012B05D1394B1B6C384A23F080531364EE
:101610007B689B69002B00F0A180344B9B6803F032
:101620000C03082B5CD07B689B69022B41D1314BAA
:1016300000221A60FBF7B6FB386108E0FBF7B2FB4B
:1016400002463B69D31A022B01D9032387E0274BBB
:101650001B6803F00073002BF0D17B68DA697B68AC
:101660001B6A1A437B685B6A9B011A437B689B6A0F
:101670005B08013B1B041A437B68DB6A1B061B49A2
:1016800013434B601B4B01221A60FBF78BFB386145
:1016900008E0FBF787FB02463B69D31A022B01D90E
:1016A00003235CE0114B1B6803F00073002BF0D0A8
:1016B00054E0104B00221A60FBF774FB386108E01D
:1016C000FBF770FB02463B69D31A022B01D90323B7
:1016D00045E0064B1B6803F00073002BF0D13DE0A2
:1016E0007B689B69012B07D1012338E00038024059
:1016F00000700040600047421B4B5B68FB607B68EA
:101700009B69012B28D0FB6803F480027B68DB69AE
:101710009A4221D1FB6803F03F027B681B6A9A4220
:101720001AD1FA6847F6C07313407A68526A920178
:10173000934211D1FB6803F440327B689B6A5B08DB
:10174000013B1B049A4207D1FB6803F070627B687F
:10175000DB6A1B069A4201D0012300E000231846F1
:101760001837BD4680BD00BF0038024080B584B048
:1017700000AF786039607B68002B01D10123CCE099
:10178000684B1B6803F007033A689A420CD9654B13
:101790003A68D2B21A70634B1B6803F007033A68C9
:1017A0009A4201D00123B8E07B681B6803F0020372
:1017B000002B20D07B681B6803F00403002B05D0AE
:1017C000594B9B68584A43F4E05393607B681B680D
:1017D00003F00803002B05D0534B9B68524A43F497
:1017E00060439360504B9B6823F0F0027B689B68DA
:1017F0004D4913438B607B681B6803F00103002B8A
:1018000044D07B685B68012B07D1474B1B6803F40E
:101810000033002B19D101237FE07B685B68022B2A
:1018200003D07B685B68032B07D13F4B1B6803F039
:101830000073002B09D101236FE03B4B1B6803F0C1
:101840000203002B01D1012367E0374B9B6823F093
:1018500003027B685B68344913438B60FBF7A2FA91
:10186000F8600AE0FBF79EFA0246FB68D31A41F2E1
:101870008832934201D903234FE02B4B9B6803F03E
:101880000C027B685B689B009A42EBD1254B1B687E
:1018900003F007033A689A420CD2224B3A68D2B25C
:1018A0001A70204B1B6803F007033A689A4201D074
:1018B000012332E07B681B6803F00403002B08D08F
:1018C000194B9B6823F4E0527B68DB68164913438D
:1018D0008B607B681B6803F00803002B09D0124B58
:1018E0009B6823F460427B681B69DB000E4913434D
:1018F0008B6000F021F802460B4B9B681B0903F03C
:101900000F030A49CB5C22FA03F3094A1360094B1F
:101910001B681846F8F74AFB002318461037BD46E7
:1019200080BD00BF003C024000380240D80A0208D7
:10193000B8000020BC0000202DE9B04F90B000AFEF
:1019400000237B630023FB6300233B630023BB6313
:10195000594B9B6803F00C03082B0DD0082B00F2A9
:10196000A180002B02D0042B03D09BE0534BBB6320
:101970009BE0534BBB6398E04F4B5B6803F03F0326
:101980007B634D4B5B6803F48003002B28D04A4BEC
:101990005B689B0900223B627A623B6AC3F30800E2
:1019A0000021474B03FB01F2002300FB03F3134428
:1019B000434AA0FB0212FA620A46BA62FA6A134468
:1019C000FB627B6B0022BB61FA61D7E90623D7E992
:1019D0000A01EFF7BFFA02460B461346FB6353E0DA
:1019E000354B5B689B0900223B617A613B69C3F31D
:1019F000080A4FF0000B52465B464FF000004FF0D4
:101A00000001590141EAD261500102460B46B2EB96
:101A10000A0863EB0B094FF000024FF000034FEA96
:101A2000891343EA98634FEA8812B2EB080463EB28
:101A300009054FF000024FF00003EB0043EA547336
:101A4000E20014461D4614EB0A033B6045EB0B0312
:101A50007B604FF000024FF00003D7E900452946B4
:101A60008B02214643EA915321468A0210461946C9
:101A70007B6B0022BB60FA60D7E90223EFF76AFABA
:101A800002460B461346FB630B4B5B681B0C03F0D3
:101A9000030301335B003B63FA6B3B6BB2FBF3F375
:101AA000BB6302E0054BBB6300BFBB6B184640370E
:101AB000BD46BDE8B08F00BF003802400024F400EE
:101AC00040787D0180B400AF034B1B681846BD46CB
:101AD0005DF8047B704700BFB800002080B500AF00
:101AE000FFF7F0FF0246054B9B689B0A03F00703D4
:101AF0000349CB5C22FA03F3184680BD003802404C
:101B0000E80A020880B500AFFFF7DCFF0246054B8C
:101B10009B685B0B03F007030349CB5C22FA03F3DA
:101B2000184680BD00380240E80A020880B483B03D
:101B300000AF786039607B680F221A60124B9B6897
:101B400003F003027B685A600F4B9B6803F0F002BE
:101B50007B689A600C4B9B6803F4E0527B68DA6008
:101B6000094B9B68DB0803F4E0527B681A61074B62
:101B70001B6803F007023B681A6000BF0C37BD46C4
:101B80005DF8047B704700BF00380240003C024013
:101B900080B582B000AF78607B68002B01D1012353
:101BA0007BE07B685B6A002B08D17B685B68B3F5E0
:101BB000827F09D07B680022DA6105E07B68002221
:101BC0001A617B6800225A617B6800229A627B68F6
:101BD00093F85130DBB2002B06D17B68002283F8EA
:101BE00050207868F7F7D0FF7B68022283F85120F5
:101BF0007B681B681A687B681B6822F040021A60C9
:101C00007B685B6803F482727B689B6803F404431F
:101C10001A437B68DB6803F400631A437B681B6923
:101C200003F002031A437B685B6903F001031A4364
:101C30007B689B6903F400731A437B68DB6903F0DC
:101C400038031A437B681B6A03F0800342EA0301EE
:101C50007B689B6A03F400527B681B680A431A6026
:101C60007B689B691B0C03F004017B685B6A03F0D3
:101C700010027B681B680A435A607B681B68DA693C
:101C80007B681B6822F40062DA617B6800225A6577
:101C90007B68012283F85120002318460837BD468F
:101CA00080BD80B588B000AFF860B9603B60134676
:101CB000FB80FBF777F8F861FB887B83FB6893F880
:101CC0005130DBB2012B01D002232AE1BB68002B8B
:101CD00002D0FB88002B01D1012322E1FB6893F89D
:101CE0005030012B01D102231BE1FB68012283F854
:101CF0005020FB68032283F85120FB6800225A65BC
:101D0000FB68BA681A63FB68FA889A86FB68FA88E7
:101D1000DA86FB6800229A63FB6800229A87FB68D8
:101D20000022DA87FB6800225A64FB6800221A64EA
:101D3000FB689B68B3F5004F0FD1FB681B681A68FE
:101D4000FB681B6822F040021A60FB681B681A6877
:101D5000FB681B6842F480421A60FB681B681B68C2
:101D600003F04003402B07D0FB681B681A68FB6830
:101D70001B6842F040021A60FB68DB68B3F5006F35
:101D800052D1FB685B68002B02D07B8B012B45D1C5
:101D9000FB681B6B1A88FB681B68DA60FB681B6BAF
:101DA0009A1CFB681A63FB68DB8E9BB2013B9AB2FC
:101DB000FB68DA8632E0FB681B689B6803F002036D
:101DC000022B12D1FB681B6B1A88FB681B68DA6058
:101DD000FB681B6B9A1CFB681A63FB68DB8E9BB26B
:101DE000013B9AB2FB68DA8618E0FAF7DBFF02469D
:101DF000FB69D31A3A689A4203D83B68B3F1FF3FB4
:101E000002D13B68002B09D1FB68012283F85120E5
:101E1000FB68002283F85020032382E0FB68DB8EFE
:101E20009BB2002BC7D153E0FB685B68002B02D04C
:101E30007B8B012B47D1FB681A6BFB681B680C334B
:101E400012781A70FB681B6B5A1CFB681A63FB68DC
:101E5000DB8E9BB2013B9AB2FB68DA8633E0FB680B
:101E60001B689B6803F00203022B13D1FB681A6BFB
:101E7000FB681B680C3312781A70FB681B6B5A1CCA
:101E8000FB681A63FB68DB8E9BB2013B9AB2FB686E
:101E9000DA8618E0FAF786FF0246FB69D31A3A6839
:101EA0009A4203D83B68B3F1FF3F02D13B68002B55
:101EB00009D1FB68012283F85120FB68002283F8D6
:101EC000502003232DE0FB68DB8E9BB2002BC6D194
:101ED000FA693968F86800F035FE0346002B02D035
:101EE000FB6820225A65FB689B68002B0AD10023FF
:101EF0007B61FB681B68DB687B61FB681B689B6818
:101F00007B617B69FB68012283F85120FB6800221A
:101F100083F85020FB685B6D002B01D0012300E0AB
:101F2000002318462037BD4680BD80B588B002AF7B
:101F3000F860B9603B601346FB80FB6893F8513052
:101F4000DBB2012B01D0022304E1BB68002B02D0DD
:101F5000FB88002B01D10123FCE0FB685B68B3F533
:101F6000827F12D1FB689B68002B0ED1FB68042294
:101F700083F85120FA883B6800931346BA68B96821
:101F8000F86800F0EBF80346E4E0FAF70BFF78613D
:101F9000FB6893F85030012B01D10223DAE0FB6893
:101FA000012283F85020FB68042283F85120FB684B
:101FB00000225A65FB68BA689A63FB68FA889A87B8
:101FC000FB68FA88DA87FB6800221A63FB68002244
:101FD0009A86FB680022DA86FB6800221A64FB6896
:101FE00000225A64FB689B68B3F5004F0FD1FB6871
:101FF0001B681A68FB681B6822F040021A60FB68C5
:102000001B681A68FB681B6822F480421A60FB6830
:102010001B681B6803F04003402B07D0FB681B685C
:102020001A68FB681B6842F040021A60FB68DB68B4
:10203000002B70D135E0FB681B689B6803F001033F
:10204000012B15D1FB681B6803F10C02FB689B6B2D
:102050001278D2B21A70FB689B6B5A1CFB689A63A9
:10206000FB68DB8F9BB2013B9AB2FB68DA8718E012
:10207000FAF798FE02467B69D31A3A689A4203D867
:102080003B68B3F1FF3F02D13B68002B09D1FB68ED
:10209000012283F85120FB68002283F8502003239B
:1020A00058E0FB68DB8F9BB2002BC4D138E0FB68A3
:1020B0001B689B6803F00103012B13D1FB681B68AD
:1020C000DA68FB689B6B92B21A80FB689B6B9A1C68
:1020D000FB689A63FB68DB8F9BB2013B9AB2FB689B
:1020E000DA8718E0FAF75EFE02467B69D31A3A688F
:1020F0009A4203D83B68B3F1FF3F02D13B68002B03
:1021000009D1FB68012283F85120FB68002283F883
:10211000502003231EE0FB68DB8F9BB2002BC6D14F
:102120007A693968F86800F0A7FC0346002B02D0F2
:10213000FB6820225A65FB68012283F85120FB6866
:10214000002283F85020FB685B6D002B01D0012337
:1021500000E0002318461837BD4680BD80B58AB020
:1021600000AFF860B9607A607B8001237B62FAF788
:1021700019FE3862FB6893F85130FB77FB685B68A7
:10218000BB617B88FB82FB7F012B0CD0BB69B3F565
:10219000827F06D1FB689B68002B02D1FB7F042B5A
:1021A00001D002237FE1BB68002B05D07B68002BA8
:1021B00002D07B88002B01D1012374E1FB6893F8E6
:1021C0005030012B01D102236DE1FB68012283F81D
:1021D0005020FB6893F85130DBB2042B03D0FB682E
:1021E000052283F85120FB6800225A65FB687A6853
:1021F0009A63FB687A88DA87FB687A889A87FB6833
:10220000BA681A63FB687A88DA86FB687A889A86E5
:10221000FB6800221A64FB6800225A64FB681B6892
:102220001B6803F04003402B07D0FB681B681A684B
:10223000FB681B6842F040021A60FB68DB68B3F57C
:10224000006F7ED1FB685B68002B02D0FB8A012BFC
:102250006CD1FB681B6B1A88FB681B68DA60FB6833
:102260001B6B9A1CFB681A63FB68DB8E9BB2013BFD
:102270009AB2FB68DA8659E0FB681B689B6803F03A
:102280000203022B1BD1FB68DB8E9BB2002B16D006
:102290007B6A012B13D1FB681B6B1A88FB681B68D8
:1022A000DA60FB681B6B9A1CFB681A63FB68DB8EA9
:1022B0009BB2013B9AB2FB68DA8600237B62FB6823
:1022C0001B689B6803F00103012B19D1FB68DB8FAE
:1022D0009BB2002B14D0FB681B68DA68FB689B6B11
:1022E00092B21A80FB689B6B9A1CFB689A63FB682E
:1022F000DB8F9BB2013B9AB2FB68DA8701237B62DA
:10230000FAF750FD02463B6AD31A3A6B9A420DD84F
:102310003B6BB3F1FF3F09D0FB68012283F85120EA
:10232000FB68002283F850200323BCE0FB68DB8EAF
:102330009BB2002BA0D1FB68DB8F9BB2002B9BD103
:1023400082E0FB685B68002B02D0FB8A012B71D115
:10235000FB681A6BFB681B680C3312781A70FB68F9
:102360001B6B5A1CFB681A63FB68DB8E9BB2013B3C
:102370009AB2FB68DA865DE0FB681B689B6803F035
:102380000203022B1CD1FB68DB8E9BB2002B17D003
:102390007B6A012B14D1FB681A6BFB681B680C333A
:1023A00012781A70FB681B6B5A1CFB681A63FB6877
:1023B000DB8E9BB2013B9AB2FB68DA8600237B621C
:1023C000FB681B689B6803F00103012B19D1FB68B4
:1023D000DB8F9BB2002B14D0FB681B68DA68FB68AC
:1023E0009B6BD2B21A70FB689B6B5A1CFB689A639A
:1023F000FB68DB8F9BB2013B9AB2FB68DA87012353
:102400007B62FAF7CFFC02463B6AD31A3A6B9A42D8
:1024100003D83B6BB3F1FF3F02D13B6B002B09D1DB
:10242000FB68012283F85120FB68002283F85020CA
:10243000032338E0FB68DB8E9BB2002B9CD1FB684A
:10244000DB8F9BB2002B97D13A6A396BF86800F0AA
:1024500079FB0346002B08D0FB6820225A65FB68F5
:10246000002283F8502001231DE0FB689B68002BAD
:102470000AD100233B61FB681B68DB683B61FB689A
:102480001B689B683B613B69FB68012283F8512014
:10249000FB68002283F85020FB685B6D002B01D0A5
:1024A000012300E0002318462837BD4680BD000008
:1024B00080B584B000AFF860B9601346FB80FB685C
:1024C00093F85130DBB2012B01D0022397E0BB68B7
:1024D000002B02D0FB88002B01D101238FE0FB6889
:1024E00093F85030012B01D1022388E0FB680122D0
:1024F00083F85020FB68032283F85120FB680022F8
:102500005A65FB68BA681A63FB68FA889A86FB68A2
:10251000FA88DA86FB6800229A63FB6800225A6414
:10252000FB6800221A64FB6800229A87FB6800227D
:10253000DA87FB689B68B3F5004F0FD1FB681B6817
:102540001A68FB681B6822F040021A60FB681B686F
:102550001A68FB681B6842F480421A60FB689B6C37
:10256000294A1A64FB689B6C284ADA63FB689B6CF7
:10257000274ADA64FB689B6C00221A65FB68986C3A
:10258000FB681B6B1946FB681B680C331A46FB681B
:10259000DB8E9BB2FBF75AFA0346002B0BD0FB688D
:1025A0005B6D43F01002FB685A65FB68002283F8FC
:1025B0005020012323E0FB681B681B6803F04003E5
:1025C000402B07D0FB681B681A68FB681B6842F049
:1025D00040021A60FB68002283F85020FB681B68E9
:1025E0005A68FB681B6842F020025A60FB681B684F
:1025F0005A68FB681B6842F002025A6000231846C2
:102600001037BD4680BD00BFE52801083D28010800
:102610000129010880B588B000AF78607B681B682D
:102620005B68FB617B681B689B68BB61BB699B093E
:1026300003F00103002B0FD1BB6903F00103002B52
:102640000AD0FB699B0903F00103002B04D07B68CF
:102650001B6C78689847D7E0BB695B0803F00103FF
:10266000002B0AD0FB69DB0903F00103002B04D027
:102670007B685B6C78689847C6E0BB695B0903F0D0
:102680000103002B0CD1BB699B0903F00103002B54
:1026900006D1BB691B0A03F00103002B00F0B480D4
:1026A000FB695B0903F00103002B00F0AD80BB69FF
:1026B0009B0903F00103002B23D07B6893F8513072
:1026C000DBB2032B11D07B685B6D43F004027B68A7
:1026D0005A6500237B617B681B68DB687B617B68D4
:1026E0001B689B687B617B690BE000233B617B6817
:1026F0001B68DB683B617B681B689B683B613B69CF
:1027000082E0BB695B0903F00103002B14D07B68F6
:102710005B6D43F001027B685A650023FB607B68B8
:102720001B689B68FB607B681B681A687B681B687A
:1027300022F040021A60FB68BB691B0A03F0010328
:10274000002B0CD07B685B6D43F008027B685A65F8
:102750000023BB607B681B689B68BB60BB687B68B1
:102760005B6D002B4FD07B681B685A687B681B68C9
:1027700022F0E0025A607B68012283F85120FB6955
:1027800003F00203002B04D1FB6903F00103002BCB
:1027900034D07B681B685A687B681B6822F0030290
:1027A0005A607B68DB6C002B11D07B68DB6C184AAD
:1027B0001A657B68DB6C1846FBF710FA0346002BA2
:1027C00005D07B685B6D43F040027B685A657B688F
:1027D0009B6C002B16D07B689B6C0D4A1A657B683E
:1027E0009B6C1846FBF7FAF90346002B0AD07B686E
:1027F0005B6D43F040027B685A6503E0786800F047
:1028000013F800E000BF00BF2037BD4680BD00BF09
:102810004129010880B483B000AF786000BF0C3755
:10282000BD465DF8047B704780B483B000AF78602C
:1028300000BF0C37BD465DF8047B704780B586B09D
:1028400000AF78607B689B6B7B61FAF7ABFA38610D
:102850007B681B681B6803F48073B3F5807F3BD0F3
:102860007B691B685A687B691B6822F020025A60EA
:102870007B691B685A687B691B6822F002025A60F8
:102880003A696421786900F05DF90346002B05D0B0
:102890007B695B6D43F020027B695A657B699B68AD
:1028A000002B0AD10023FB607B691B68DB68FB609F
:1028B0007B691B689B68FB60FB687B690022DA868A
:1028C0007B69012283F851207B695B6D002B03D06B
:1028D0007869FFF7A9FF02E07869F5F785FD1837F9
:1028E000BD4680BD80B584B000AF78607B689B6BCF
:1028F000FB60F868FFF78EFF00BF1037BD4680BD54
:1029000080B584B000AF78607B689B6BFB60FB6830
:102910001B685A68FB681B6822F003025A60FB6858
:102920005B6D43F01002FB685A65FB68012283F877
:102930005120F868FFF778FF00BF1037BD4680BD13
:1029400080B584B000AF78607B689B6BFB60FB68F0
:102950000022DA87FB680022DA86F868FFF764FF56
:1029600000BF1037BD4680BD80B588B000AFF860AD
:10297000B9603B601346FB71FAF714FA0246BB6A72
:102980009B1A3A681344FB61FAF70CFAB861394BA9
:102990001B685B011B0DFA6902FB03F37B6155E0C9
:1029A0003B68B3F1FF3F51D0FAF7FCF90246BB692F
:1029B000D31AFA699A4202D9FB69002B3DD1FB6810
:1029C0001B685A68FB681B6822F0E0025A60FB68CB
:1029D0005B68B3F5827F11D1FB689B68B3F5004F4C
:1029E00004D0FB689B68B3F5806F07D1FB681B6858
:1029F0001A68FB681B6822F040021A60FB689B6A39
:102A0000B3F5005F0FD1FB681B681A68FB681B6891
:102A100022F400521A60FB681B681A68FB681B6886
:102A200042F400521A60FB68012283F85120FB68CF
:102A3000002283F85020032318E07B69002B02D189
:102A40000023FB6102E07B69013B7B61FB681B6843
:102A50009A68BB681340BA689A420CBF01230023EE
:102A6000DBB21A46FB799A429AD1002318462037E6
:102A7000BD4680BDB800002080B586B002AFF860CA
:102A8000B9607A60FB685B68B3F5827F11D1FB683F
:102A90009B68B3F5004F04D0FB689B68B3F5806F6B
:102AA00007D1FB681B681A68FB681B6822F04002AC
:102AB0001A60FB685B68B3F5827F2AD1FB689B686C
:102AC000B3F5806F12D07B680093BB680022802131
:102AD000F868FFF749FF0346002B2DD0FB685B6DBC
:102AE00043F02002FB685A65032326E07B680093CD
:102AF000BB6800220121F868FFF736FF0346002B70
:102B00001AD0FB685B6D43F02002FB685A65032313
:102B100013E07B680093BB6800220121F868FFF78F
:102B200023FF0346002B07D0FB685B6D43F02002B8
:102B3000FB685A65032300E0002318461037BD46A2
:102B400080BD000080B588B002AFF860B9607A60DF
:102B50007B680093BB6801220221F868FFF704FF3D
:102B60000346002B07D0FB685B6D43F02002FB6837
:102B70005A65032332E01B4B1B681B4AA2FB03234D
:102B80005B0D4FF47A7202FB03F37B61FB685B68B9
:102B9000B3F5827F12D17B680093BB68002280214D
:102BA000F868FFF7E1FE0346002B16D0FB685B6D6B
:102BB00043F02002FB685A6503230FE07B69002B7A
:102BC0000AD07B69013B7B61FB681B689B6803F053
:102BD0008003802BF2D000E000BF00231846183796
:102BE000BD4680BDB8000020819F5E1680B582B0D2
:102BF00000AF78607B68002B01D1012341E07B6846
:102C000093F83D30DBB2002B06D17B68002283F8BD
:102C10003C20786800F039F87B68022283F83D2078
:102C20007B681A687B6804331946104600F0B2F9D5
:102C30007B68012283F846207B68012283F83E20CE
:102C40007B68012283F83F207B68012283F84020C3
:102C50007B68012283F841207B68012283F84220AF
:102C60007B68012283F843207B68012283F844209B
:102C70007B68012283F845207B68012283F83D2090
:102C8000002318460837BD4680BD80B483B000AF2E
:102C9000786000BF0C37BD465DF8047B70470000CC
:102CA00080B485B000AF78607B6893F83D30DBB2CC
:102CB000012B01D0012344E07B68022283F83D20F0
:102CC0007B681B68DA687B681B6842F00102DA6087
:102CD0007B681B681E4A934218D07B681B68B3F15F
:102CE000804F13D07B681B681A4A93420ED07B68D2
:102CF0001B68194A934209D07B681B68174A9342A4
:102D000004D07B681B68164A934211D17B681B680C
:102D10009B6803F00703FB60FB68062B10D07B6801
:102D20001B681A687B681B6842F001021A6007E0A2
:102D30007B681B681A687B681B6842F001021A6096
:102D4000002318461437BD465DF8047B704700BF6A
:102D5000000001400004004000080040000C00405A
:102D60000040014080B584B000AF78607B681B688C
:102D7000DB68FB607B681B681B69BB60BB6803F09A
:102D80000203002B20D0FB6803F00203002B1BD0B2
:102D90007B681B686FF002021A617B6801221A7758
:102DA0007B681B689B6903F00303002B03D07868E2
:102DB00000F0D2F805E0786800F0C4F8786800F018
:102DC000D5F87B6800221A77BB6803F00403002B58
:102DD00020D0FB6803F00403002B1BD07B681B682A
:102DE0006FF004021A617B6802221A777B681B6805
:102DF0009B6903F44073002B03D0786800F0ACF8B3
:102E000005E0786800F09EF8786800F0AFF87B681D
:102E100000221A77BB6803F00803002B20D0FB6860
:102E200003F00803002B1BD07B681B686FF00802BF
:102E30001A617B6804221A777B681B68DB6903F0E0
:102E40000303002B03D0786800F086F805E078686B
:102E500000F078F8786800F089F87B6800221A772B
:102E6000BB6803F01003002B20D0FB6803F01003B5
:102E7000002B1BD07B681B686FF010021A617B6807
:102E800008221A777B681B68DB6903F44073002B08
:102E900003D0786800F060F805E0786800F052F838
:102EA000786800F063F87B6800221A77BB6803F04B
:102EB0000103002B0CD0FB6803F00103002B07D0AB
:102EC0007B681B686FF001021A617868F5F75CFB9C
:102ED000BB6803F08003002B0CD0FB6803F0800379
:102EE000002B07D07B681B686FF080021A6178683E
:102EF00000F0E0F8BB6803F04003002B0CD0FB6847
:102F000003F04003002B07D07B681B686FF0400282
:102F10001A61786800F034F8BB6803F02003002BD6
:102F20000CD0FB6803F02003002B07D07B681B68E4
:102F30006FF020021A61786800F0B2F800BF103715
:102F4000BD4680BD80B483B000AF786000BF0C3751
:102F5000BD465DF8047B704780B483B000AF7860F5
:102F600000BF0C37BD465DF8047B704780B483B06A
:102F700000AF786000BF0C37BD465DF8047B70473A
:102F800080B483B000AF786000BF0C37BD465DF8F9
:102F9000047B704780B485B000AF786039607B688F
:102FA0001B68FB607B68374A93420FD07B68B3F1A4
:102FB000804F0BD07B68344A934207D07B68334AFA
:102FC000934203D07B68324A934208D1FB6823F0D6
:102FD0007003FB603B685B68FA681343FB607B68C7
:102FE000284A93421BD07B68B3F1804F17D07B688F
:102FF000254A934213D07B68244A93420FD07B68C2
:10300000234A93420BD07B68224A934207D07B68C5
:10301000214A934203D07B68204A934208D1FB683F
:1030200023F44073FB603B68DB68FA681343FB6082
:10303000FB6823F080023B685B691343FB603B68DD
:103040009A687B68DA623B681A687B689A627B6878
:103050000C4A934203D13B681A697B681A637B6808
:103060001B6843F004027B681A607B6801225A6186
:103070007B68FA681A6000BF1437BD465DF8047BB0
:10308000704700BF000001400004004000080040FD
:10309000000C004000400140004401400048014055
:1030A00080B483B000AF786000BF0C37BD465DF8D8
:1030B000047B704780B483B000AF786000BF0C37EA
:1030C000BD465DF8047B704780B582B000AF786084
:1030D0007B68002B01D1012342E07B6893F84130EB
:1030E000DBB2002B06D17B68002283F84020786891
:1030F000F6F772FE7B68242283F841207B681B6808
:10310000DA687B681B6822F40052DA60786800F0A5
:10311000A1FF7B681B681A697B681B6822F49042D8
:103120001A617B681B685A697B681B6822F02A0257
:103130005A617B681B68DA687B681B6842F400523E
:10314000DA607B6800225A647B68202283F8412081
:103150007B68202283F842207B6800225A63002388
:1031600018460837BD4680BD80B58AB002AFF8600A
:10317000B9603B601346FB8000237B61FB6893F8DA
:103180004130DBB2202B75D1BB68002B02D0FB880D
:10319000002B01D101236EE0FB6800225A64FB681A
:1031A000212283F84120F9F7FDFD7861FB68FA8858
:1031B0009A84FB68FA88DA84FB689B68B3F5805FC1
:1031C00008D1FB681B69002B04D10023FB61BB689D
:1031D000BB6103E0BB68FB610023BB612EE03B6881
:1031E00000937B6900228021F86800F071FC03469F
:1031F000002B05D0FB68202283F8412003233AE00E
:10320000FB69002B0BD1BB691B881A46FB681B6846
:10321000C2F308025A60BB690233BB6107E0FB6975
:103220001A78FB681B685A60FB690133FB61FB6815
:10323000DB8C9BB2013B9AB2FB68DA84FB68DB8CC7
:103240009BB2002BCBD13B6800937B6900224021CD
:10325000F86800F03DFC0346002B05D0FB682022F7
:1032600083F84120032306E0FB68202283F84120F5
:10327000002300E0022318462037BD4680BD80B5FC
:103280008CB000AFF860B9601346FB80FB6893F820
:103290004230DBB2202B46D1BB68002B02D0FB882A
:1032A000002B01D101233FE0FB6801221A63FB6878
:1032B00000225A63FB881A46B968F86800F062FC7D
:1032C000034687F82F30FB681B6B012B25D10023A9
:1032D0003B61FB681B681B683B61FB681B685B68A4
:1032E0003B613B69FB681B680C33BB61BB6953E8FE
:1032F000003F7B617B6943F01003BB62FB681B6886
:103300000C33BA6A7A623B62396A7A6A41E800230E
:10331000FB61FB69002BE5D102E0012387F82F3028
:1033200097F82F3000E0022318463037BD4680BDA5
:1033300080B5BAB000AF78607B681B681B68C7F8BF
:10334000E4307B681B68DB68C7F8E0307B681B688B
:103350005B69C7F8DC300023C7F8D8300023C7F812
:10336000D430D7F8E43003F00F03C7F8D830D7F8DB
:10337000D830002B0FD1D7F8E43003F02003002B16
:1033800009D0D7F8E03003F02003002B03D0786891
:1033900000F0A2FD73E2D7F8D830002B00F0DE80F9
:1033A000D7F8DC3003F00103002B06D1D7F8E0306A
:1033B00003F49073002B00F0D180D7F8E43003F0D1
:1033C0000103002B0BD0D7F8E03003F48073002BFF
:1033D00005D07B685B6C43F001027B685A64D7F8C8
:1033E000E43003F00403002B0BD0D7F8DC3003F0FB
:1033F0000103002B05D07B685B6C43F002027B6805
:103400005A64D7F8E43003F00203002B0BD0D7F84E
:10341000DC3003F00103002B05D07B685B6C43F0CC
:1034200004027B685A64D7F8E43003F00803002BE9
:1034300011D0D7F8E03003F02003002B05D1D7F8E6
:10344000DC3003F00103002B05D07B685B6C43F09C
:1034500008027B685A647B685B6C002B00F00A8270
:10346000D7F8E43003F02003002B08D0D7F8E03081
:1034700003F02003002B02D0786800F02DFD7B685C
:103480001B685B6903F04003402B0CBF0123002342
:10349000DBB2C7F8D4307B685B6C03F00803002B09
:1034A00003D1D7F8D430002B4FD0786800F038FC27
:1034B0007B681B685B6903F04003402B41D17B684C
:1034C0001B681433C7F89C30D7F89C3053E8003F92
:1034D000C7F89830D7F8983023F04003C7F8D030B9
:1034E0007B681B681433D7F8D020C7F8A820C7F82A
:1034F000A430D7F8A410D7F8A82041E80023C7F8D3
:10350000A030D7F8A030002BD9D17B68DB6B002B23
:1035100013D07B68DB6B8A4A1A657B68DB6B1846C5
:10352000FAF75CFB0346002B16D07B68DB6B1B6D48
:103530007A68D26B104698470EE0786800F0C0F9C0
:103540000AE0786800F0BCF906E0786800F0B8F9A5
:103550007B6800225A648DE100BF8BE17B681B6BA6
:10356000012B40F06781D7F8E43003F01003002B03
:1035700000F06081D7F8E03003F01003002B00F07A
:1035800059810023BB607B681B681B68BB607B683C
:103590001B685B68BB60BB687B681B685B6903F08A
:1035A0004003402B40F0CE807B68DB6B1B685B6880
:1035B000A7F8BE30B7F8BE30002B00F0A9807B68BA
:1035C0009B8DB7F8BE209A4280F0A2807B68B7F846
:1035D000BE20DA857B68DB6BDB69B3F5807F00F0AA
:1035E00088807B681B680C33C7F88830D7F8883030
:1035F00053E8003FC7F88430D7F8843023F4807351
:10360000C7F8B8307B681B680C33D7F8B820C7F808
:103610009420C7F89030D7F89010D7F8942041E85C
:103620000023C7F88C30D7F88C30002BD9D17B68B9
:103630001B6814337B677B6F53E8003F3B673B6F2E
:1036400023F00103C7F8B4307B681B681433D7F844
:10365000B420C7F88020FB67F96FD7F8802041E8D5
:103660000023BB67BB6F002BE1D17B681B68143361
:103670003B663B6E53E8003FFB65FB6D23F0400368
:10368000C7F8B0307B681B681433D7F8B020FA66EF
:10369000BB66B96EFA6E41E800237B667B6E002B39
:1036A000E3D17B68202283F842207B6800221A63E2
:1036B0007B681B680C33FB64FB6C53E8003FBB6406
:1036C000BB6C23F01003C7F8AC307B681B680C336D
:1036D000D7F8AC20BA657B65796DBA6D41E80023F7
:1036E0003B653B6D002BE3D17B68DB6B1846FAF73B
:1036F00005FA7B6802225A637B689A8D7B68DB8DB2
:103700009BB2D31A9BB219467868F4F70DFEB3E06A
:103710007B689B8DB7F8BE209A4240F0AD807B68F5
:10372000DB6BDB69B3F5807F40F0A6807B6802220B
:103730005A637B689B8D19467868F4F7F5FD9BE02A
:10374000E73D01087B689A8D7B68DB8D9BB2D31ABD
:10375000A7F8CE307B68DB8D9BB2002B00F08E800B
:10376000B7F8CE30002B00F089807B681B680C33E3
:10377000BB63BB6B53E8003F7B637B6B23F49073AD
:10378000C7F8C8307B681B680C33D7F8C8207A6448
:103790003B64396C7A6C41E80023FB63FB6B002BC4
:1037A000E3D17B681B6814337B627B6A53E8003F7C
:1037B0003B623B6A23F00103C7F8C4307B681B6897
:1037C0001433D7F8C4203A63FB62F96A3A6B41E8D4
:1037D0000023BB62BB6A002BE3D17B68202283F805
:1037E00042207B6800221A637B681B680C333B61B4
:1037F0003B6953E8003FFB60FB6823F01003C7F808
:10380000C0307B681B680C33D7F8C020FA61BB61FD
:10381000B969FA6941E800237B617B69002BE3D138
:103820007B6802225A63B7F8CE3019467868F4F7FD
:103830007BFD23E0D7F8E43003F08003002B09D0B0
:10384000D7F8E03003F08003002B03D0786800F055
:10385000DBFA14E0D7F8E43003F04003002B0ED07D
:10386000D7F8E03003F04003002B08D0786800F070
:103870001BFB04E000BF02E000BF00E000BFE83730
:10388000BD4680BD80B483B000AF786000BF0C3708
:10389000BD465DF8047B704780B483B000AF7860AC
:1038A00000BF0C37BD465DF8047B704780B483B021
:1038B00000AF786000BF0C37BD465DF8047B7047F1
:1038C00080B483B000AF786000BF0C37BD465DF8B0
:1038D000047B704780B59CB000AF78607B689B6BC1
:1038E000FB667B681B681B6803F48073002B72D136
:1038F000FB6E0022DA85FB6E1B680C33FB64FB6CED
:1039000053E8003FBB64BB6C23F48073BB66FB6E63
:103910001B680C33BA6EBA657B65796DBA6D41E888
:1039200000233B653B6D002BE5D1FB6E1B68143318
:10393000BB63BB6B53E8003F7B637B6B23F00103EE
:103940007B66FB6E1B6814337A6E7A643B64396C59
:103950007A6C41E80023FB63FB6B002BE5D1FB6E27
:103960001B6814337B627B6A53E8003F3B623B6A0F
:1039700023F040033B66FB6E1B6814333A6E3A63D8
:10398000FB62F96A3A6B41E80023BB62BB6A002B19
:10399000E5D1FB6E202283F84220FB6E1B6B012BCE
:1039A00019D1FB6E1B680C333B613B6953E8003F48
:1039B000FB60FB6823F01003FB65FB6E1B680C3398
:1039C000FA6DFA61BB61B969FA6941E800237B616C
:1039D0007B69002BE5D1FB6E00225A63FB6E1B6BEB
:1039E000012B06D1FB6E9B8D1946F86EF4F79CFCFB
:1039F00002E0F86EFFF750FF00BF7037BD4680BD94
:103A000080B584B000AF78607B689B6BFB60FB681F
:103A100001225A63FB681B6B012B08D1FB689B8D4D
:103A20005B089BB21946F868F4F77EFC02E0F86880
:103A3000FFF73CFF00BF1037BD4680BD80B584B0A6
:103A400000AF78600023FB607B689B6BBB60BB684A
:103A50001B685B6903F08003802B0CBF01230023EC
:103A6000DBB2FB60BB6893F84130DBB2212B08D19D
:103A7000FB68002B05D0BB680022DA84B86800F030
:103A800027F9BB681B685B6903F04003402B0CBF40
:103A900001230023DBB2FB60BB6893F84230DBB24A
:103AA000222B08D1FB68002B05D0BB680022DA85E9
:103AB000B86800F035F9BB685B6C43F01002BB6876
:103AC0005A64B868FFF7FCFE00BF1037BD4680BDE2
:103AD00080B586B000AFF860B9603B601346FB71FB
:103AE0003BE03B6AB3F1FF3F37D0F9F75BF90246A1
:103AF0003B68D31A3A6A9A4202D33B6A002B01D13F
:103B000003233AE0FB681B68DB6803F00403002B27
:103B100023D0BB68802B20D0BB68402B1DD0FB6816
:103B20001B681B6803F00803082B16D100237B6178
:103B3000FB681B681B687B61FB681B685B687B61BB
:103B40007B69F86800F0ECF8FB6808225A64FB68AF
:103B5000002283F8402001230FE0FB681B681A68ED
:103B6000BB681340BA689A420CBF01230023DBB242
:103B70001A46FB799A42B4D0002318461837BD463E
:103B800080BD000080B598B000AFF860B960134602
:103B9000FB80BA68FB689A62FB68FA889A85FB68C2
:103BA00000225A64FB68222283F84220FB68DB6B08
:103BB000444ADA63FB68DB6B434A1A64FB68DB6BDD
:103BC000424ADA64FB68DB6B00221A6507F10803DE
:103BD000FB65FB68D86BFB681B6804331946FB6DFB
:103BE0001A68FB88F9F732FF0346002B08D0FB6800
:103BF00010225A64FB68202283F8422001235DE0F2
:103C000000233B61FB681B681B683B61FB681B680A
:103C10005B683B613B69FB681B69002B19D0FB6843
:103C20001B680C333B643B6C53E8003FFB63FB6B4E
:103C300043F48073BB65FB681B680C33BA6DFA6490
:103C4000BB64B96CFA6C41E800237B647B6C002B8D
:103C5000E5D1FB681B681433FB62FB6A53E8003F45
:103C6000BB62BB6A43F001037B65FB681B681433CE
:103C70007A6DBA637B63796BBA6B41E800233B636F
:103C80003B6B002BE5D1FB681B681433BB61BB6940
:103C900053E8003F7B617B6943F040033B65FB6871
:103CA0001B6814333A6D7A623B62396A7A6A41E87A
:103CB0000023FB61FB69002BE5D100231846603728
:103CC000BD4680BDD5380108013A01083D3A0108DA
:103CD00080B489B000AF78607B681B680C33FB60F0
:103CE000FB6853E8003FBB60BB6823F0C003FB6187
:103CF0007B681B680C33FA69BA617B617969BA69C0
:103D000041E800233B613B69002BE5D17B68202221
:103D100083F8412000BF2437BD465DF8047B70471F
:103D200080B495B000AF78607B681B680C337B6310
:103D30007B6B53E8003F3B633B6B23F49073FB6466
:103D40007B681B680C33FA6C3A64FB63F96B3A6C62
:103D500041E80023BB63BB6B002BE5D17B681B688C
:103D600014333B623B6A53E8003FFB61FB6923F07D
:103D70000103BB647B681B681433BA6CFA62BB62D4
:103D8000B96AFA6A41E800237B627B6A002BE5D1BD
:103D90007B681B6B012B19D17B681B680C33FB60A4
:103DA000FB6853E8003FBB60BB6823F010037B64F3
:103DB0007B681B680C337A6CBA617B617969BA697C
:103DC00041E800233B613B69002BE5D17B68202261
:103DD00083F842207B6800221A6300BF5437BD4637
:103DE0005DF8047B704780B584B000AF78607B6875
:103DF0009B6BFB60FB680022DA85F868FFF760FDCB
:103E000000BF1037BD4680BD80B485B000AF78607C
:103E10007B6893F84130DBB2212B3ED17B689B68F5
:103E2000B3F5805F14D17B681B69002B10D17B68D0
:103E30001B6AFB60FB681B881A467B681B68C2F321
:103E400008025A607B681B6A9A1C7B681A6208E049
:103E50007B681B6A591C7A6811621A787B681B6838
:103E60005A607B68DB8C9BB2013B9BB27A68194637
:103E7000D184002B0FD17B681B68DA687B681B68D4
:103E800022F08002DA607B681B68DA687B681B6856
:103E900042F04002DA60002300E0022318461437A3
:103EA000BD465DF8047B704780B582B000AF786096
:103EB0007B681B68DA687B681B6822F04002DA6066
:103EC0007B68202283F841207868FFF7DBFC002321
:103ED00018460837BD4680BD80B58CB000AF78600D
:103EE0000023FB620023BB627B6893F84230DBB2A5
:103EF000222B40F0AA807B689B68B3F5805F15D1C8
:103F00007B681B69002B11D17B689B6ABB627B6855
:103F10001B685B689BB2C3F308039AB2BB6A1A8042
:103F20007B689B6A9A1C7B689A6224E07B689B6A28
:103F3000FB627B689B68B3F5805F07D07B689B68FA
:103F4000002B0AD17B681B69002B06D17B681B689C
:103F50005B68DAB2FB6A1A7008E07B681B685B6812
:103F6000DBB203F07F03DAB2FB6A1A707B689B6AEC
:103F70005A1C7B689A627B68DB8D9BB2013B9BB2CB
:103F80007A681946D185002B5DD17B681B68DA6899
:103F90007B681B6822F02002DA607B681B68DA68A5
:103FA0007B681B6822F48072DA607B681B685A6940
:103FB0007B681B6822F001025A617B68202283F82B
:103FC00042207B6800225A637B681B6B012B35D132
:103FD0007B6800221A637B681B680C337B617B69FA
:103FE00053E8003F3B613B6923F010037B627B6831
:103FF0001B680C337A6A3A62FB61F9693A6A41E8F4
:104000000023BB61BB69002BE5D17B681B681B6883
:1040100003F01003102B0AD10023FB607B681B68A0
:104020001B68FB607B681B685B68FB60FB687B68E8
:104030009B8D19467868F4F777F902E07868FFF706
:104040002BFC002302E0002300E002231846303757
:10405000BD4680BD2DE9B04FC0B000AFC7F8F40039
:10406000D7F8F4301B681B6923F44050D7F8F430BC
:10407000D968D7F8F4301A6840EA01031361D7F819
:10408000F4309A68D7F8F4301B691A43D7F8F43043
:104090005B691A43D7F8F430DB691343C7F8F8308B
:1040A000D7F8F4301B68DB6823F4164121F00C01CB
:1040B000D7F8F4301A68D7F8F8300B43D360D7F844
:1040C000F4301B685B6923F44070D7F8F4309969C9
:1040D000D7F8F4301A6840EA01035361D7F8F43096
:1040E0001A688F4B9A4205D0D7F8F4301A688D4B76
:1040F0009A4204D1FDF706FDC7F8FC0003E0FDF786
:10410000EDFCC7F8FC00D7F8F430DB69B3F5004FDD
:1041100040F00C81D7F8FC300022C7F8E830C7F82F
:10412000EC20D7E93A4522462B469118B9655B4108
:10413000FB65D7E91623214612EB0108294643EB1C
:1041400001094FF000024FF000034FEAC90343EAB0
:1041500058734FEAC80290469946234618EB03036A
:10416000C7F8E0302B4649EB0303C7F8E430D7F833
:10417000F4305B680022C7F8D830C7F8DC20D7E9F4
:1041800036120B46DB183B65134642EB03037B6597
:10419000D7E91423D7E93801ECF7DCFE02460B46D9
:1041A000614BA3FB02235B091C01D7F8FC30002202
:1041B000C7F8D030C7F8D420D7E9348942464B46F7
:1041C0009118B9645B41FB64D7E91223414612EBB5
:1041D000010A494643EB010B4FF000024FF0000388
:1041E0004FEACB0343EA5A734FEACA0292469B4610
:1041F00043461AEB0303C7F8C8304B464BEB0303A7
:10420000C7F8CC30D7F8F4305B680022C7F8C0306C
:10421000C7F8C420D7E930120B46DB183B641346BD
:1042200042EB03037B64D7E91023D7E93201ECF7B3
:1042300091FE02460B4611463B4BA3FB01235B0953
:10424000642202FB03F3CB1ADB0003F13202364B8C
:10425000A3FB02235B095B0003F4F8731C44D7F84B
:10426000FC300022C7F8B830C7F8BC20D7E92E8947
:1042700042464B469118B9635B41FB63D7E90E2375
:1042800041465118396349464B417B634FF0000268
:104290004FF00003D7E90CAB5946CB00514643EA37
:1042A00051735146CA0010461946034642469B18B0
:1042B000C7F8B0304B460A4642EB0303C7F8B430A8
:1042C000D7F8F4305B680022C7F8A830C7F8AC20F4
:1042D000D7E92A120B46DB18BB62134642EB0303F5
:1042E000FB62D7E90A23D7E92C01ECF733FE02463B
:1042F0000B460D4BA3FB02135B09642101FB03F387
:10430000D31ADB003233084AA2FB03235B0903F014
:104310000702D7F8F4301B6822449A6006E100BF18
:1043200000100140001401401F85EB51D7F8FC300C
:104330000022C7F8A030C7F8A420D7E92889424650
:104340004B46911839625B417B62D7E908234146AD
:104350005418494643EB01054FF000024FF00003AB
:10436000EB0043EA5473E20014461D464346E3184B
:10437000C7F898304B4645EB0303C7F89C30D7F895
:10438000F4305B680022C7F89030C7F894204FF0F3
:1043900000024FF00003D7E9244529468B0021464F
:1043A00043EA917321468A00D7E92601ECF7D2FD52
:1043B00002460B46604BA3FB02235B091C01D7F8A6
:1043C000FC300022C7F88830C7F88C20D7E9228952
:1043D00042464B469118B9615B41FB61D7E9062320
:1043E00041465118396149464B417B614FF000020B
:1043F0004FF00003D7E904AB5946CB00514643EADE
:1044000051735146CA0010461946034642469B184E
:10441000C7F880304B460A4642EB0303C7F88430A6
:10442000D7F8F4305B680022BB67FA674FF00002F0
:104430004FF00003D7E91E8949468B00414643EA05
:10444000917341468A00D7E92001ECF783FD0246CB
:104450000B461146384BA3FB01235B09642202FB88
:1044600003F3CB1A1B013233334AA2FB03235B094C
:1044700003F0F0031C44D7F8FC3000223B677A6756
:10448000D7E91C8942464B469118B9605B41FB60F5
:10449000D7E9022341465118396049464B417B60B8
:1044A0004FF000024FF00003D7E900AB5946CB00B4
:1044B000514643EA51735146CA0010461946034615
:1044C00042469B18BB664B460A4642EB0303FB661B
:1044D000D7F8F4305B6800223B667A664FF0000242
:1044E0004FF00003D7E9188949468B00414643EA5B
:1044F000917341468A00D7E91A01ECF72BFD024679
:104500000B460D4BA3FB02135B09642101FB03F374
:10451000D31A1B013233084AA2FB03235B0903F0C1
:104520000F02D7F8F4301B6822449A6000BF07F5E9
:104530008077BD46BDE8B08F1F85EB5180B485B054
:1045400000AF0346FB800023FB60B7F90630842BE5
:1045500005D0B7F90620FB6813440333FB60FB6802
:1045600018461437BD465DF8047B704780B483B0AD
:1045700000AFEFF305837B607B68002B14BF012342
:104580000023DBB218460C37BD465DF8047B70474C
:1045900080B500AF01F0A6F90023184680BDF0B544
:1045A00089B004AF786039607B685B69002B20D0EC
:1045B0007B689B69002B1CD07B685C687B681D68EE
:1045C0007B681E697B68B3F908301846FFF7B6FFB1
:1045D00001467B685B697A68926902920193009157
:1045E0003B6832462946204600F096FF0346FB60B2
:1045F0001CE07B685C687B681D687B681B699EB2F9
:104600007B68B3F908301846FFF798FF024607F1B8
:104610000C03019300923B6832462946204600F085
:10462000DBFF0346012B01D0002300E0FB681846A6
:104630001437BD46F0BD80B584B000AF78607B68AC
:10464000FB60FB68002B01D0FB6800E001231846EB
:1046500001F012F9002318461037BD4680BD80B521
:1046600082B000AF78607B685B68002B07D07B6806
:104670005B681946012000F0E8FA034603E00120D8
:1046800000F0CBFA034618460837BD4680BD80B51A
:1046900086B002AF786039607B685B68002B0FD012
:1046A0003B68012B0AD17B685B68032200920022E1
:1046B0000021012000F0C0F9034616E0002314E0B9
:1046C0003B68012B10D103220021012000F031FAB8
:1046D000F860FB68002B05D0002300220021F86859
:1046E00000F0CEFAFB6800E0002318461037BD4604
:1046F00080BD000080B584B000AF786039600023D1
:10470000BB607B68002B01D180233AE00023FB6073
:104710003B68B3F1FF3F03D14FF0FF33FB6009E08B
:104720003B68002B06D03B68FB60FB68002B01D187
:104730000123FB60FFF71AFF0346002B17D007F198
:1047400008031A460021786800F03CFD0346012B5F
:1047500001D0FF2315E0BB68002B11D00B4B4FF0AD
:1047600080521A60BFF34F8FBFF36F8F08E0F96874
:10477000786800F017FC0346012B01D0FF2300E00E
:10478000002318461037BD4680BD00BF04ED00E091
:1047900080B584B000AF78600023FB600023BB606D
:1047A000FFF7E4FE0346002B16D007F10803194675
:1047B000786800F067FB0346012B01D0FF2317E068
:1047C000BB68002B13D00C4B4FF080521A60BFF324
:1047D0004F8FBFF36F8F0AE000230022002178681B
:1047E00000F04EFA0346012B01D0FF23FB60FB686B
:1047F00018461037BD4680BD04ED00E080B483B09C
:1048000000AF78607B6803F108027B685A607B68C0
:104810004FF0FF329A607B6803F108027B68DA6030
:104820007B6803F108027B681A617B6800221A60CA
:1048300000BF0C37BD465DF8047B704780B483B081
:1048400000AF78607B6800221A6100BF0C37BD465C
:104850005DF8047B704780B485B000AF7860396044
:104860007B685B68FB603B68FA685A60FB689A6823
:104870003B689A60FB689B683A685A60FB683A68D4
:104880009A603B687A681A617B681B685A1C7B686F
:104890001A6000BF1437BD465DF8047B704780B4D2
:1048A00085B000AF786039603B681B68BB60BB684F
:1048B000B3F1FF3F03D17B681B69FB600CE07B68B1
:1048C0000833FB6002E0FB685B68FB60FB685B68C9
:1048D0001B68BA689A42F6D2FB685A683B685A600D
:1048E0003B685B683A689A603B68FA689A60FB6864
:1048F0003A685A603B687A681A617B681B685A1C80
:104900007B681A6000BF1437BD465DF8047B7047B2
:1049100080B485B000AF78607B681B69FB607B6802
:104920005B687A6892689A607B689B687A6852686C
:104930005A60FB685B687A689A4203D17B689A6820
:10494000FB685A607B6800221A61FB681B685A1E6C
:10495000FB681A60FB681B6818461437BD465DF893
:10496000047B704780B584B000AF786039607B68A5
:10497000FB60FB68002B0BD14FF0500383F31188D1
:10498000BFF36F8FBFF34F8FBB6000BF00BFFDE76A
:1049900001F0C2FFFB681A68FB68DB6BF968096C01
:1049A00001FB03F31A44FB689A60FB6800229A63D8
:1049B000FB681A68FB685A60FB681A68FB68DB6B67
:1049C000013BF968096C01FB03F31A44FB68DA60E8
:1049D000FB68FF2283F84420FB68FF2283F8452010
:1049E0003B68002B14D1FB681B69002B1AD0FB68B5
:1049F0001033184601F0E0F90346002B12D00D4B9E
:104A00004FF080521A60BFF34F8FBFF36F8F09E0F2
:104A1000FB6810331846FFF7F1FEFB682433184695
:104A2000FFF7ECFE01F0AAFF012318461037BD4640
:104A300080BD00BF04ED00E080B58EB002AFF8602D
:104A4000B9607A603B60FB68002B0BD14FF05003DC
:104A500083F31188BFF36F8FBFF34F8FBB6200BF2B
:104A600000BFFDE73B68002B0BD14FF0500383F3F1
:104A70001188BFF36F8FBFF34F8F7B6200BF00BF02
:104A8000FDE77B68002B02D0BB68002B01D001231F
:104A900000E00023002B0BD14FF0500383F311886B
:104AA000BFF36F8FBFF34F8F3B6200BF00BFFDE7C7
:104AB0007B68002B02D1BB68002B01D1012300E0F1
:104AC0000023002B0BD14FF0500383F31188BFF369
:104AD0006F8FBFF34F8FFB6100BF00BFFDE748231F
:104AE0007B617B69482B0BD04FF0500383F3118817
:104AF000BFF36F8FBFF34F8FBB6100BF00BFFDE7F8
:104B00007B693B68FB62FB6A002B0DD0FB6A0122CC
:104B100083F8462097F83820FB6A009313467A689A
:104B2000B968F86800F040F8FB6A18463037BD46AF
:104B300080BD80B58AB002AFF860B9601346FB71E2
:104B4000FB68002B0BD14FF0500383F31188BFF3A8
:104B50006F8FBFF34F8F3B6100BF00BFFDE7FB6866
:104B6000BA6802FB03F3FB61FB694833184601F0A6
:104B7000F5FFB861BB69002B11D0BB697B617B6914
:104B800048337B61BB69002283F84620FA79BB6910
:104B9000009313467A69B968F86800F005F8BB69B4
:104BA00018462037BD4680BD80B584B000AFF860A0
:104BB000B9607A60FB70BB68002B03D1BB69BA692E
:104BC0001A6002E0BB697A681A60BB69FA68DA6346
:104BD000BB69BA681A640121B869FFF7C3FE00BF58
:104BE0001037BD4680BD80B582B000AF78607B686D
:104BF000002B0ED07B6800229A607B6800221A602E
:104C00007B680022DA60002300220021786800F02F
:104C100037F800BF0837BD4680BD80B586B000AF0D
:104C20000346FB7101237B6100233B61FB791A463C
:104C300039697869FFF77DFFF860F868FFF7D3FFFF
:104C4000FB6818461837BD4680BD80B588B002AFF6
:104C500003463960FB7101237B6100233B61FB79D3
:104C600000933B68002239697869FFF7E5FEF86038
:104C7000F868FFF7B8FFFB6818461837BD4680BDD7
:104C800080B58EB000AFF860B9607A603B600023F9
:104C90007B63FB683B633B6B002B0BD14FF05003F6
:104CA00083F31188BFF36F8FBFF34F8FBB6200BFD9
:104CB00000BFFDE7BB68002B03D13B6B1B6C002BD7
:104CC00001D1012300E00023002B0BD14FF0500352
:104CD00083F31188BFF36F8FBFF34F8F7B6200BFE9
:104CE00000BFFDE73B68022B03D13B6BDB6B012B65
:104CF00001D1012300E00023002B0BD14FF0500322
:104D000083F31188BFF36F8FBFF34F8F3B6200BFF8
:104D100000BFFDE701F016FA0346002B02D17B68C5
:104D2000002B01D1012300E00023002B0BD14FF019
:104D3000500383F31188BFF36F8FBFF34F8FFB6175
:104D400000BF00BFFDE701F0E7FD3B6B9A6B3B6BDB
:104D5000DB6B9A4202D33B68022B29D13A68B968CF
:104D6000386B00F0C9FAF8623B6B5B6A002B10D01D
:104D70003B6B2433184601F01FF80346002B13D079
:104D80003F4B4FF080521A60BFF34F8FBFF36F8FCE
:104D90000AE0FB6A002B07D0394B4FF080521A60B3
:104DA000BFF34F8FBFF36F8F01F0E8FD012363E086
:104DB0007B68002B03D101F0E1FD00235CE07B6BFD
:104DC000002B06D107F11403184601F059F801230E
:104DD0007B6301F0D3FD00F0EFFD01F09DFD3B6B27
:104DE00093F844305BB2B3F1FF3F03D13B6B002239
:104DF00083F844203B6B93F845305BB2B3F1FF3F3F
:104E000003D13B6B002283F8452001F0B7FD3A1D2A
:104E100007F114031146184601F048F80346002B29
:104E200024D1386B00F060FB0346002B18D03B6B9D
:104E300010337A681146184600F098FF386B00F07E
:104E4000EBFA00F0C7FD0346002B7FF47CAF0C4B60
:104E50004FF080521A60BFF34F8FBFF36F8F72E72E
:104E6000386B00F0D9FA00F0B5FD6CE7386B00F054
:104E7000D3FA00F0AFFD002318463837BD4680BD99
:104E800004ED00E080B58EB000AF786039607B68DB
:104E90003B633B6B002B0BD14FF0500383F3118826
:104EA000BFF36F8FBFF34F8F3B6200BF00BFFDE7C3
:104EB0003B6B1B6C002B0BD04FF0500383F311881E
:104EC000BFF36F8FBFF34F8FFB6100BF00BFFDE7E4
:104ED0003B6B1B68002B03D13B6B9B68002B01D104
:104EE000012300E00023002B0BD14FF0500383F38C
:104EF0001188BFF36F8FBFF34F8FBB6100BF00BF3F
:104F0000FDE701F0E9FDEFF311824FF0500383F369
:104F10001188BFF36F8FBFF34F8F7A613B617B695D
:104F2000FB623B6B9B6BBB623B6BDB6BBA6A9A426F
:104F30002BD23B6B93F8453087F82730BB6A5A1C5D
:104F40003B6B9A6397F92730B3F1FF3F12D13B6B6C
:104F50005B6A002B16D03B6B2433184600F02CFF05
:104F60000346002B0ED03B68002B0BD03B68012280
:104F70001A6007E097F827300133DBB25AB23B6B77
:104F800083F8452001237B6301E000237B63FB6AF8
:104F9000FB60FB6883F3118800BF7B6B18463837D2
:104FA000BD4680BD80B58EB000AF7860396000230B
:104FB0007B637B68FB6200233B63FB6A002B0BD1A6
:104FC0004FF0500383F31188BFF36F8FBFF34F8F00
:104FD0003B6200BF00BFFDE7FB6A1B6C002B0BD0E0
:104FE0004FF0500383F31188BFF36F8FBFF34F8FE0
:104FF000FB6100BF00BFFDE701F0A4F80346002BF2
:1050000002D13B68002B01D1012300E00023002BDB
:105010000BD14FF0500383F31188BFF36F8FBFF3B1
:105020004F8FBB6100BF00BFFDE701F075FCFB6A5D
:105030009B6BBB62BB6A002B24D0BB6A5A1EFB6A07
:105040009A63FB6A1B68002B04D101F027FA024621
:10505000FB6A9A60FB6A1B69002B0FD0FB6A103356
:10506000184600F0A9FE0346002B07D0544B4FF022
:1050700080521A60BFF34F8FBFF36F8F01F07EFC39
:10508000012398E03B68002B12D13B6B002B0BD027
:105090004FF0500383F31188BFF36F8FBFF34F8F2F
:1050A0007B6100BF00BFFDE701F068FC002382E0E8
:1050B0007B6B002B06D107F10C03184600F0E0FED5
:1050C00001237B6301F05AFC00F076FC01F024FC24
:1050D000FB6A93F844305BB2B3F1FF3F03D1FB6A44
:1050E000002283F84420FB6A93F845305BB2B3F1A9
:1050F000FF3F03D1FB6A002283F8452001F03EFC0C
:105100003A4607F10C031146184600F0CFFE03465D
:10511000002B32D1F86A00F0D1F90346002B26D0DB
:10512000FB6A1B68002B09D101F0F6FBFB6A9B6848
:10513000184601F025F8386301F020FCFB6A24339F
:105140003A681146184600F011FEF86A00F064F95A
:1051500000F040FC0346002B7FF467AF184B4FF084
:1051600080521A60BFF34F8FBFF36F8F5DE7F86A0D
:1051700000F052F900F02EFC57E7F86A00F04CF905
:1051800000F028FCF86A00F099F90346002B3FF480
:105190004CAF3B6B002B0DD001F0BEFBF86A00F06A
:1051A00093F87862FB6A9B68796A184601F0E6F822
:1051B00001F0E4FB002318463837BD4680BD00BF30
:1051C00004ED00E080B58EB000AFF860B9607A60A1
:1051D000FB683B633B6B002B0BD14FF0500383F319
:1051E0001188BFF36F8FBFF34F8F3B6200BF00BFCB
:1051F000FDE7BB68002B03D13B6B1B6C002B01D17F
:10520000012300E00023002B0BD14FF0500383F368
:105210001188BFF36F8FBFF34F8FFB6100BF00BFDB
:10522000FDE701F059FCEFF311824FF0500383F3D7
:105230001188BFF36F8FBFF34F8FBA617B61BB697A
:10524000FB623B6B9B6BBB62BB6A002B2FD03B6B43
:1052500093F8443087F82730B968386B00F0B6F817
:10526000BB6A5A1E3B6B9A6397F92730B3F1FF3F35
:1052700012D13B6B1B69002B16D03B6B10331846C9
:1052800000F09AFD0346002B0ED07B68002B0BD05C
:105290007B6801221A6007E097F827300133DBB200
:1052A0005AB23B6B83F8442001237B6301E0002367
:1052B0007B63FB6A3B613B6983F3118800BF7B6BB7
:1052C00018463837BD4680BD80B485B000AF7860E1
:1052D0007B685B6A002B06D07B681B6B1B68C3F185
:1052E0000703FB6001E00023FB60FB6818461437EE
:1052F000BD465DF8047B704780B586B000AFF860AE
:10530000B9607A6000237B61FB689B6B3B61FB6843
:105310001B6C002B0DD1FB681B68002B4DD1FB686B
:105320009B68184600F0A2FF7861FB6800229A6033
:1053300043E07B68002B19D1FB685868FB681B6C45
:105340001A46B96803F091FEFB685A68FB681B6C4B
:105350001A44FB685A60FB685A68FB689B689A426B
:105360002BD3FB681A68FB685A6026E0FB68D86894
:10537000FB681B6C1A46B96803F077FEFB68DA68B5
:10538000FB681B6C5B421A44FB68DA60FB68DA68F6
:10539000FB681B689A4207D2FB689A68FB681B6C23
:1053A0005B421A44FB68DA607B68022B05D13B69DB
:1053B000002B02D03B69013B3B613B695A1CFB68F7
:1053C0009A637B6918461837BD4680BD80B582B0A8
:1053D00000AF786039607B681B6C002B18D07B684D
:1053E000DA687B681B6C1A447B68DA607B68DA6871
:1053F0007B689B689A4203D37B681A687B68DA6093
:105400007B68D9687B681B6C1A46386803F02DFEF0
:1054100000BF0837BD4680BD80B584B000AF78605E
:1054200001F07AFA7B6893F84530FB7311E07B68F2
:105430005B6A002B12D07B682433184600F0BCFC5A
:105440000346002B01D000F095FDFB7B013BDBB256
:10545000FB7397F90F30002BE9DC00E000BF7B689D
:10546000FF2283F8452001F089FA01F055FA7B68A4
:1054700093F84430BB7311E07B681B69002B12D09A
:105480007B681033184600F097FC0346002B01D0D0
:1054900000F070FDBB7B013BDBB2BB7397F90E30B4
:1054A000002BE9DC00E000BF7B68FF2283F844208A
:1054B00001F064FA00BF1037BD4680BD80B584B0EE
:1054C00000AF786001F028FA7B689B6B002B02D15B
:1054D0000123FB6001E00023FB6001F04FFAFB6851
:1054E00018461037BD4680BD80B584B000AF7860E7
:1054F00001F012FA7B689A6B7B68DB6B9A4202D1EF
:105500000123FB6001E00023FB6001F037FAFB6838
:1055100018461037BD4680BD80B58EB004AFF86028
:10552000B9607A603B607B6B002B0BD14FF050036E
:1055300083F31188BFF36F8FBFF34F8F3B6200BFC0
:1055400000BFFDE7BB6B002B0BD14FF0500383F383
:105550001188BFF36F8FBFF34F8FFB6100BF00BF98
:10556000FDE7A0233B613B69A02B0BD04FF050031C
:1055700083F31188BFF36F8FBFF34F8FBB6100BF01
:1055800000BFFDE73B69BB6B002B1ED07B6B002B84
:105590001BD0BB6B7B627B6A7A6B1A637B6A0222CD
:1055A00083F89D20002303937B6A029307F1140381
:1055B00001933B6B00933B687A68B968F86800F028
:1055C00051F8786A00F0EEF801E000237B617B6916
:1055D00018462837BD4680BD80B58CB004AFF86052
:1055E000B9603B601346FB80FB889B00184601F0C6
:1055F000B5FA78617B69002B0ED0A02001F0AEFADD
:10560000F861FB69002B03D0FB697A691A6305E036
:10561000786901F071FB01E00023FB61FB69002B5D
:1056200017D0FB69002283F89D20FA88002303939A
:10563000FB690293FB6A0193BB6A00933B68B968FC
:10564000F86800F00FF8F86900F0ACF80123BB61CE
:1056500002E04FF0FF33BB61BB6918462037BD46FF
:1056600080BD000080B588B000AFF860B9607A6096
:105670003B603B6B1A6B7B6803F18043013B9B00F3
:105680001344BB61BB6923F00703BB61BB6903F033
:105690000703002B0BD04FF0500383F31188BFF3A7
:1056A0006F8FBFF34F8F7B6100BF00BFFDE7BB680B
:1056B000002B1FD00023FB6112E0BA68FB69134482
:1056C00019783A6BFB69134434330A461A70BA6886
:1056D000FB6913441B78002B06D0FB690133FB6187
:1056E000FB690F2BE9D900E000BF3B6B002283F878
:1056F000432003E03B6B002283F83420BB6A062B77
:1057000001D90623BB623B6BBA6ADA623B6BBA6AA9
:105710005A643B6B00229A643B6B04331846FFF7D4
:105720008DF83B6B18331846FFF788F83B6B3A6BE4
:105730001A61BB6AC3F107023B6B9A613B6B3A6B20
:105740005A623B6B0022C3F898203B6B002283F81F
:105750009C203B6B4C334C220021184603F070FB1D
:105760003B6B0D4A1A653B6B0C4A5A653B6B0C4A06
:105770009A653A68F968B86900F0A0FF02463B6B89
:105780001A60FB6A002B02D0FB6A3A6B1A6000BFFA
:105790002037BD4680BD00BF08F9002070F9002009
:1057A000D8F9002080B582B000AF786001F0B4F87D
:1057B0002A4B1B680133294A1360294B1B68002BB5
:1057C00009D1274A7B681360244B1B68012B10D139
:1057D00000F0F4FB0DE0234B1B68002B09D1204B9C
:1057E0001B68DA6A7B68DB6A9A4202D81C4A7B68CB
:1057F00013601D4B1B6801331B4A13607B68DB6A17
:1058000001229A40194B1B681343184A13607B68A6
:10581000DA6A13469B0013449B00154A1A447B68BE
:10582000043319461046FFF716F801F0A7F80D4BA0
:105830001B68002B0ED00A4B1B68DA6A7B68DB6A98
:105840009A4207D20B4B4FF080521A60BFF34F8F32
:10585000BFF36F8F00BF0837BD4680BDACBC0020D2
:10586000ACBB0020B8BC0020C8BC0020B4BC0020E9
:10587000B0BB002004ED00E080B584B000AF7860DC
:105880000023FB607B68002B18D0144B1B68002B97
:105890000BD04FF0500383F31188BFF36F8FBFF32A
:1058A0004F8FBB6000BF00BFFDE700F085F800210F
:1058B000786800F09DFE00F08DF8F860FB68002B22
:1058C00007D1074B4FF080521A60BFF34F8FBFF3E1
:1058D0006F8F00BF1037BD4680BD00BFD4BC002015
:1058E00004ED00E080B58AB004AF0023BB60002364
:1058F0007B603A46391D07F108031846ECF7A4FA15
:1059000039687B68BA6802920193002300930023F0
:105910000A4621492148FFF7FFFD0346204A13604C
:105920001F4B1B68002B02D001237B6101E0002389
:105930007B617B69012B1BD14FF0500383F31188EE
:10594000BFF36F8FBFF34F8F3B6100BF154B1B68D9
:105950004C33154A1360154B4FF0FF321A60144B4D
:1059600001221A60134B00221A6000F031FF0FE091
:105970007B69B3F1FF3F0BD14FF0500383F31188E4
:10598000BFF36F8FBFF34F8FFB6000BF00BFFDE71A
:1059900000BF1837BD4680BD440002088D5F010876
:1059A000D0BC0020ACBB002040020020CCBC0020BA
:1059B000B8BC0020B0BC002080B400AF044B1B6812
:1059C0000133034A136000BFBD465DF8047B704796
:1059D000D4BC002080B584B000AF0023FB6000235E
:1059E000BB60424B1B68002B0BD14FF0500383F37D
:1059F0001188BFF36F8FBFF34F8F3B6000BF00BFB5
:105A0000FDE700F089FF394B1B68013B374A136003
:105A1000364B1B68002B61D1354B1B68002B5DD0CA
:105A20002EE0344BDB68DB68FB60FB6818331846FC
:105A3000FEF76EFFFB6804331846FEF769FFFB684C
:105A4000DB6A01229A402C4B1B6813432A4A1360DD
:105A5000FB68DA6A13469B0013449B00274A1A44EA
:105A6000FB68043319461046FEF7F5FEFB68DA6A58
:105A7000234B1B68DB6A9A4202D3224B01221A6035
:105A80001C4B1B68002BCCD1FB68002B01D000F015
:105A900039FB1D4B1B687B607B68002B10D000F02E
:105AA00047F80346002B02D0164B01221A607B6890
:105AB000013B7B607B68002BF1D1134B00221A6005
:105AC000104B1B68002B09D00123BB600F4B4FF01C
:105AD00080521A60BFF34F8FBFF36F8F00F04EFFFD
:105AE000BB6818461037BD4680BD00BFD4BC00203F
:105AF000ACBC00206CBC0020B4BC0020B0BB0020BB
:105B0000ACBB0020C0BC0020BCBC002004ED00E009
:105B100080B483B000AF054B1B687B607B68184680
:105B20000C37BD465DF8047B704700BFB0BC002059
:105B300080B586B000AF00237B614F4B1B68002B04
:105B400040F08F804D4B1B6801333B614B4A3B69F2
:105B500013603B69002B21D1494B1B681B68002B4C
:105B60000BD04FF0500383F31188BFF36F8FBFF357
:105B70004F8F3B6000BF00BFFDE7414B1B68FB60E0
:105B8000404B1B683E4A13603E4AFB6813603E4B25
:105B90001B6801333C4A136000F0B4FA3B4B1B68AE
:105BA0003A699A4248D3364B1B681B68002B04D1D4
:105BB000364B4FF0FF321A603EE0314B1B68DB681A
:105BC000DB68BB60BB685B687B603A697B689A4254
:105BD00003D22E4A7B6813602EE0BB68043318465C
:105BE000FEF796FEBB689B6A002B04D0BB68183397
:105BF0001846FEF78DFEBB68DB6A01229A40244BF3
:105C00001B681343224A1360BB68DA6A13469B0081
:105C100013449B001F4A1A44BB68043319461046BC
:105C2000FEF719FEBB68DA6A1B4B1B68DB6A9A42F7
:105C3000B9D301237B61B6E7174B1B68DA6A1549B4
:105C400013469B0013449B000B441B68012B01D996
:105C500001237B61114B1B68002B07D001237B6163
:105C600004E00F4B1B6801330D4A13607B69184633
:105C70001837BD4680BD00BFD4BC0020B0BC00209A
:105C800064BC002068BC0020C4BC0020CCBC002048
:105C9000B4BC0020B0BB0020ACBB0020C0BC0020C6
:105CA000BCBC002080B487B000AF2A4B1B68002B1F
:105CB00003D0294B01221A6045E0274B00221A60CD
:105CC000264B1B68FB60FB68B3FA83F3FB72FB7A1D
:105CD000C3F11F037B6122497A6913469B00134479
:105CE0009B000B441B68002B0BD14FF0500383F338
:105CF0001188BFF36F8FBFF34F8F7B6000BF00BF72
:105D0000FDE77A6913469B0013449B00144A134431
:105D10003B613B695B685A683B695A603B695A68FA
:105D20003B6908339A4204D13B695B685A683B6916
:105D30005A603B695B68DB680A4A1360094B1B6861
:105D40004C33094A136000BF1C37BD465DF8047B25
:105D5000704700BFD4BC0020C0BC0020B4BC0020F1
:105D6000B0BB0020ACBB00204002002080B584B056
:105D700000AF786039607B68002B0BD14FF0500387
:105D800083F31188BFF36F8FBFF34F8FFB6000BFAA
:105D900000BFFDE7074B1B68183319467868FEF70C
:105DA0007EFD0121386800F023FC00BF1037BD469E
:105DB00080BD00BFACBB002080B586B000AF78606E
:105DC0007B68DB68DB683B613B69002B0BD14FF0E4
:105DD000500383F31188BFF36F8FBFF34F8FFB60C6
:105DE00000BF00BFFDE73B6918331846FEF790FD82
:105DF0001D4B1B68002B1CD13B6904331846FEF772
:105E000087FD3B69DB6A01229A40184B1B681343EC
:105E1000164A13603B69DA6A13469B0013449B00E1
:105E2000134A1A443B69043319461046FEF713FD22
:105E300005E03B69183319460E48FEF70CFD3B6937
:105E4000DA6A0D4B1B68DB6A9A4205D901237B6134
:105E50000A4B01221A6001E000237B617B6918462E
:105E60001837BD4680BD00BFD4BC0020B4BC0020A4
:105E7000B0BB00206CBC0020ACBB0020C0BC00202C
:105E800080B483B000AF7860064B1A687B681A60F4
:105E9000054B1A687B685A6000BF0C37BD465DF839
:105EA000047B7047C4BC0020B0BC002080B588B023
:105EB00000AF786039607B68002B0BD14FF0500346
:105EC00083F31188BFF36F8FBFF34F8F3B6100BF28
:105ED00000BFFDE73B68002B0BD14FF0500383F36D
:105EE0001188BFF36F8FBFF34F8FFB6000BF00BF00
:105EF000FDE700F011FD1D4B1B68BB617B685B6813
:105F0000BA69D31A7B613B681B68B3F1FF3F02D1CA
:105F10000023FB6123E07B681A68154B1B689A42DB
:105F200007D07B685B68BA699A4202D30123FB61A0
:105F300015E03B681B687A699A420BD23B681A6885
:105F40007B69D21A3B681A607868FFF799FF0023D3
:105F5000FB6104E03B6800221A600123FB6100F052
:105F60000DFDFB6918462037BD4680BDB0BC002042
:105F7000C4BC002080B400AF034B01221A6000BFF4
:105F8000BD465DF8047B7047C0BC002080B582B080
:105F900000AF786000F052F8064B1B68012BF9D96E
:105FA000054B4FF080521A60BFF34F8FBFF36F8FD6
:105FB000F0E700BFB0BB002004ED00E080B582B088
:105FC00000AF00237B600CE07A6813469B0013440B
:105FD0009B00124A13441846FEF710FC7B680133FD
:105FE0007B607B68062BEFD90D48FEF707FC0D4858
:105FF000FEF704FC0C48FEF701FC0C48FEF7FEFB24
:106000000B48FEF7FBFB0B4B054A1A600A4B054A8F
:106010001A6000BF0837BD4680BD00BFB0BB00207E
:106020003CBC002050BC00206CBC002080BC002088
:1060300098BC002064BC002068BC002080B582B001
:1060400000AF19E000F068FC104BDB68DB687B6098
:106050007B6804331846FEF75BFC0D4B1B68013B65
:106060000B4A13600B4B1B68013B0A4A136000F09C
:1060700085FC786800F010F8064B1B68002BE1D116
:1060800000BF00BF0837BD4680BD00BF80BC0020F8
:10609000ACBC002094BC002080B584B000AF786018
:1060A0007B684C33184602F00FFF7B6893F89D30F5
:1060B000002B08D17B681B6B184600F01DFE78682A
:1060C00000F01AFE19E07B6893F89D30012B03D194
:1060D000786800F011FE10E07B6893F89D30022B89
:1060E0000BD04FF0500383F31188BFF36F8FBFF3D2
:1060F0004F8FFB6000BF00BFFDE700BF1037BD46FC
:1061000080BD000080B483B000AF0C4B1B681B68DF
:10611000002B04D10A4B4FF0FF321A6008E0074B06
:106120001B68DB68DB687B607B685B68044A136024
:1061300000BF0C37BD465DF8047B704764BC00208F
:10614000CCBC002080B483B000AF0B4B1B68002B8D
:1061500002D101237B6008E0084B1B68002B02D1B1
:1061600002237B6001E000237B607B6818460C37CC
:10617000BD465DF8047B7047B8BC0020D4BC00204D
:1061800080B584B000AF78607B68BB600023FB60A3
:106190007B68002B5ED0BB68DA6A314B1B68DB6A18
:1061A0009A424ED2BB689B69002B06DB2C4B1B68C6
:1061B000DB6AC3F10702BB689A61BB685969BB68B7
:1061C000DA6A13469B0013449B00264A1344994203
:1061D0002FD1BB6804331846FEF79AFB0346002B09
:1061E0000AD1BB68DB6A012202FA03F3DA431E4BD1
:1061F0001B6813401C4A1360194B1B68DA6ABB68A2
:10620000DA62BB68DB6A01229A40174B1B681343B2
:10621000154A1360BB68DA6A13469B0013449B005F
:10622000104A1A44BB68043319461046FEF713FBA4
:1062300004E00B4B1B68DA6ABB68DA620123FB607F
:1062400008E0BB685A6C064B1B68DB6A9A4201D2B5
:106250000123FB60FB6818461037BD4680BD00BFB8
:10626000ACBB0020B0BB0020B4BC002080B586B021
:1062700000AF78607B683B6100237B617B68002B0B
:1062800070D03B4B1B683A699A420BD04FF05003D9
:1062900083F31188BFF36F8FBFF34F8FFB6000BF95
:1062A00000BFFDE73B699B6C002B0BD14FF0500307
:1062B00083F31188BFF36F8FBFF34F8FBB6000BFB5
:1062C00000BFFDE73B699B6C5A1E3B699A643B69C2
:1062D000DA6A3B695B6C9A4244D03B699B6C002B49
:1062E00040D13B6904331846FEF712FB0346002BEE
:1062F00015D13B69DA6A1F4913469B0013449B0082
:106300000B441B68002B0AD13B69DB6A012202FAAD
:1063100003F3DA43184B1B681340174A13603B69B9
:106320005A6C3B69DA623B69DB6AC3F107023B697D
:106330009A613B69DB6A01229A400F4B1B68134349
:106340000D4A13603B69DA6A13469B0013449B00B5
:10635000084A1A443B69043319461046FEF77BFA93
:1063600001237B617B6918461837BD4680BD00BF9D
:10637000ACBB0020B0BB0020B4BC002080B588B00E
:1063800000AF786039607B68BB6101237B617B680B
:10639000002B79D0BB699B6C002B0BD14FF05003C5
:1063A00083F31188BFF36F8FBFF34F8FFB6000BF84
:1063B00000BFFDE7BB695B6C3A689A4202D93B6853
:1063C000FB6102E0BB695B6CFB61BB69DB6AFA697C
:1063D0009A4259D0BB699B6C7A699A4254D12C4B32
:1063E0001B68BA699A420BD14FF0500383F31188AE
:1063F000BFF36F8FBFF34F8FBB6000BF00BFFDE7E0
:10640000BB69DB6A3B61BB69FA69DA62BB699B699C
:10641000002B04DBFB69C3F10702BB699A61BB690E
:1064200059693A6913469B0013449B00194A134467
:10643000994229D1BB6904331846FEF769FA03462D
:10644000002B0AD1BB69DB6A012202FA03F3DA43AB
:10645000114B1B681340104A1360BB69DB6A0122B1
:106460009A400D4B1B6813430B4A1360BB69DA6AF1
:1064700013469B0013449B00064A1A44BB6904332D
:1064800019461046FEF7E7F900BF2037BD4680BD2C
:10649000ACBB0020B0BB0020B4BC002080B400AF77
:1064A000074B1B68002B04D0054B1B689A6C01320C
:1064B0009A64034B1B681846BD465DF8047B704721
:1064C000ACBB002080B58AB000AF786039607B68D3
:1064D000002B0BD14FF0500383F31188BFF36F8F64
:1064E000BFF34F8FBB6100BF00BFFDE700F0F4FAC0
:1064F0007B687B62EFF311824FF0500383F31188C6
:10650000BFF36F8FBFF34F8F7A613B617B693B6253
:106510007B6A93F89C30FB777B6A022283F89C208D
:106520007B6AD3F898305A1C7B6AC3F89820FB7FAB
:10653000012B46D17B6A9B6A002B0BD04FF0500396
:1065400083F31188BFF36F8FBFF34F8FFB6000BFE2
:1065500000BFFDE7204B1B68002B1CD17B6A043376
:106560001846FEF7D5F97B6ADB6A01229A401B4B7D
:106570001B681343194A13607B6ADA6A13469B004F
:1065800013449B00164A1A447B6A0433194610468A
:10659000FEF761F905E07B6A183319461148FEF7EA
:1065A0005AF97B6ADA6A104B1B68DB6A9A4208D98F
:1065B0003B68002B02D03B6801221A600B4B012282
:1065C0001A603B6ABB60BB6883F3118800BF00BFE1
:1065D0002837BD4680BD00BFD4BC0020B4BC00201D
:1065E000B0BB00206CBC0020ACBB0020C0BC0020B5
:1065F00080B584B000AF78603960294B1B68FB60C0
:10660000284B1B6804331846FEF782F90346002B1B
:106610000BD1244B1B68DB6A012202FA03F3DA4335
:10662000214B1B681340204A13607B68B3F1FF3F86
:106630000AD13B68002B07D01A4B1B68043319465C
:106640001A48FEF708F926E0FA687B681344BB6035
:10665000144B1B68BA685A60BA68FB689A4209D240
:10666000134B1A680F4B1B68043319461046FEF78C
:1066700016F910E00F4B1A680A4B1B6804331946D1
:106680001046FEF70CF90C4B1B68BA689A4202D20E
:10669000094ABB68136000BF1037BD4680BD00BF0C
:1066A000B0BC0020ACBB0020B4BC002098BC0020D3
:1066B00068BC002064BC0020CCBC002080B485B045
:1066C00000AFF860B9607A60FB68043BFB60FB6870
:1066D0004FF080721A60FB68043BFB60BB6823F0DC
:1066E0000102FB681A60FB68043BFB600C4AFB6814
:1066F0001A60FB68143BFB607A68FB681A60FB68F1
:10670000043BFB60FB686FF002021A60FB68203BF1
:10671000FB60FB6818461437BD465DF8047B704784
:106720002567010880B485B000AF00237B60134B60
:106730001B68B3F1FF3F0BD04FF0500383F3118878
:10674000BFF36F8FBFF34F8FFB6000BF00BFFDE74C
:106750004FF0500383F31188BFF36F8FBFF34F8F58
:10676000BB6000BF00BF7B68002BFCD000BF00BF38
:106770001437BD465DF8047B704700BFC40000209D
:10678000074B19680868B0E8F04F80F30988BFF339
:106790006F8F4FF0000080F311887047AFF30080D7
:1067A000ACBB002000BF00BF08480068006880F351
:1067B00008884FF0000080F3148862B661B6BFF31A
:1067C0004F8FBFF36F8F00DF00BF00BF08ED00E009
:1067D00080B586B000AF474B1B68474A93420BD148
:1067E0004FF0500383F31188BFF36F8FBFF34F8FC8
:1067F000FB6000BF00BFFDE73E4B1B683F4A934272
:106800000BD14FF0500383F31188BFF36F8FBFF3A9
:106810004F8F3B6100BF00BFFDE7394B7B617B6958
:106820001B78DBB27B607B69FF221A707B691B7867
:10683000DBB2FB70FB78DBB203F05003DAB2314B12
:106840001A70314B07221A6009E02F4B1B68013B7D
:106850002D4A1360FB78DBB25B00DBB2FB70FB7888
:10686000DBB203F08003802BEFD0274B1B68C3F112
:106870000703042B0BD04FF0500383F31188BFF3B1
:106880006F8FBFF34F8FBB6000BF00BFFDE71E4B94
:106890001B681B021C4A13601B4B1B6803F4E0635C
:1068A000194A13607B68DAB27B691A70174B1B6850
:1068B000164A43F470031360144B1B68134A43F0E9
:1068C0007043136000F0DAF8114B00221A6000F0F8
:1068D000F9F8104B1B680F4A43F040431360FFF771
:1068E00063FFFFF7DFF9FFF71DFF00231846183796
:1068F000BD4680BD00ED00E071C20F4170C20F4186
:1069000000E400E0D8BC0020DCBC002020ED00E06A
:10691000C400002034EF00E080B483B000AF4FF03B
:10692000500383F31188BFF36F8FBFF34F8F7B60EA
:1069300000BF104B1B6801330E4A13600D4B1B68E0
:10694000012B10D10C4B1B68DBB2002B0BD04FF08E
:10695000500383F31188BFF36F8FBFF34F8F3B60FA
:1069600000BF00BFFDE700BF0C37BD465DF8047BEC
:10697000704700BFC400002004ED00E080B483B085
:1069800000AF124B1B68002B0BD14FF0500383F369
:106990001188BFF36F8FBFF34F8F7B6000BF00BFC5
:1069A000FDE70A4B1B68013B084A1360074B1B6855
:1069B000002B05D100233B603B6883F3118800BFA7
:1069C00000BF0C37BD465DF8047B7047C400002053
:1069D000EFF30980BFF36F8F154B1A681EF0100F8D
:1069E00008BF20ED108A20E9F04F10602DE9090062
:1069F0004FF0500080F31188BFF34F8FBFF36F8FBC
:106A0000FFF750F94FF0000080F3118809BC1968B6
:106A10000868B0E8F04F1EF0100F08BFB0EC108A05
:106A200080F30988BFF36F8F704700BFAFF300801A
:106A3000ACBB002000BF00BF80B582B000AF4FF0FC
:106A4000500383F31188BFF36F8FBFF34F8F7B60C9
:106A500000BFFFF76DF80346002B03D0064B4FF045
:106A600080521A6000233B603B6883F3118800BFAB
:106A700000BF0837BD4680BD04ED00E080B400AF24
:106A80000B4B00221A600B4B00221A600A4B1B684A
:106A90000A4AA2FB03239B09094A013B1360044BEA
:106AA00007221A6000BFBD465DF8047B704700BF37
:106AB00010E000E018E000E0B8000020D34D6210C4
:106AC00014E000E0DFF80C00016841F4700101609F
:106AD000704700BF88ED00E080B485B000AFEFF3F1
:106AE0000583FB60FB680F2B15D9184AFB6813441C
:106AF0001B78FB72164B1B78FA7A9A420BD24FF036
:106B0000500383F31188BFF36F8FBFF34F8F7B6008
:106B100000BF00BFFDE70F4B1B6803F4E0620E4BA4
:106B20001B689A420BD94FF0500383F31188BFF3CF
:106B30006F8FBFF34F8F3B6000BF00BFFDE700BF0B
:106B40001437BD465DF8047B704700BFF0E300E0FA
:106B5000D8BC00200CED00E0DCBC002080B58AB081
:106B600000AF78600023FB61FEF726FF5C4B1B68DB
:106B7000002B01D100F024F95A4B1A687B681340AE
:106B8000002B40F095807B68002B1ED008227B688C
:106B900013447B607B6803F00703002B15D07B68F0
:106BA00023F0070308337B607B6803F00703002BA7
:106BB0000BD04FF0500383F31188BFF36F8FBFF3F7
:106BC0004F8F7B6100BF00BFFDE77B68002B6FD05C
:106BD000454B1B687A689A426AD8444B3B62434BE8
:106BE0001B687B6204E07B6A3B627B6A1B687B629A
:106BF0007B6A5B687A689A4203D97B6A1B68002BC0
:106C0000F1D1374B1B687A6A9A4251D03B6A1B68B4
:106C100008221344FB617B6A1A683B6A1A607B6A2C
:106C20005A687B68D21A08235B009A4220D97A6A94
:106C30007B681344BB61BB6903F00703002B0BD0D7
:106C40004FF0500383F31188BFF36F8FBFF34F8F63
:106C50003B6100BF00BFFDE77B6A5A687B68D21AC0
:106C6000BB695A607B6A7A685A60B86900F00AF9B1
:106C70001D4B1A687B6A5B68D31A1B4A13601A4B58
:106C80001A681B4B1B689A4203D2174B1B68184AA1
:106C900013607B6A5A68134B1B681A437B6A5A60FD
:106CA0007B6A00221A60134B1B680133114A136080
:106CB000FEF790FEFB6903F00703002B0BD04FF0AB
:106CC000500383F31188BFF36F8FBFF34F8FFB60C7
:106CD00000BF00BFFDE7FB6918462837BD4680BDF1
:106CE000E8F80020FCF80020ECF80020E0F8002094
:106CF000F0F80020F4F8002080B586B000AF78608E
:106D00007B687B617B68002B4FD008235B427A69EC
:106D100013447B617B693B613B695A68254B1B6867
:106D20001340002B0BD14FF0500383F31188BFF3B6
:106D30006F8FBFF34F8FFB6000BF00BFFDE73B6964
:106D40001B68002B0BD04FF0500383F31188BFF367
:106D50006F8FBFF34F8FBB6000BF00BFFDE73B6984
:106D60005A68144B1B681340002B1ED03B691B68EC
:106D7000002B1AD13B695A680E4B1B68DB431A4043
:106D80003B695A60FEF718FE3B695A680A4B1B685C
:106D90001344094A1360386900F074F8074B1B6804
:106DA0000133064A1360FEF715FE00BF1837BD46D3
:106DB00080BD00BFFCF80020ECF80020F8F80020AF
:106DC00080B485B000AF4FF47053BB60274BFB60BD
:106DD000FB6803F00703002B0CD0FB680733FB6054
:106DE000FB6823F00703FB60BA68FB68D31A1F4AED
:106DF0001344BB60FB687B601D4A7B6813601C4BBF
:106E000000225A607B68BA681344FB600822FB6862
:106E10009B1AFB60FB6823F00703FB60FB68154AC5
:106E20001360144B1B6800225A60124B1B6800222F
:106E30001A607B683B603B68FA68D21A3B685A600C
:106E40000C4B1A683B681A603B685B680A4A13601F
:106E50003B685B68094A1360094B4FF000421A60B7
:106E600000BF1437BD465DF8047B7047E0BC0020CE
:106E7000E0F80020E8F80020F0F80020ECF800200E
:106E8000FCF8002080B485B000AF7860284BFB6030
:106E900002E0FB681B68FB60FB681B687A689A422B
:106EA000F7D8FB68BB60FB685B68BA6813447A6814
:106EB0009A4208D1FB685A687B685B681A44FB6891
:106EC0005A60FB687B607B68BB607B685B68BA6804
:106ED0001A44FB681B689A4218D1FB681A68154B64
:106EE0001B689A420DD07B685A68FB681B685B6818
:106EF0001A447B685A60FB681B681A687B681A60D2
:106F000008E00C4B1A687B681A6003E0FB681A689B
:106F10007B681A60FA687B689A4202D0FB687A68DC
:106F20001A6000BF1437BD465DF8047B704700BF90
:106F3000E0F80020E8F80020002100F0C3BE0A229B
:106F4000002100F047BF0000024B0146186800F026
:106F500025B800BF4002002070B50F4E0C463168C6
:106F6000054611B902F032F830602146284602F099
:106F70002DF8431C03D14FF0FF34204670BDC41CD4
:106F800024F00304A042F8D0211A284602F01EF88B
:106F90000130F2D1EFE700BF00F900202DE9F843FE
:106FA000CD1C25F0030508350C2D38BF0C25002D10
:106FB000064601DBA94204D90C2333600020BDE85A
:106FC000F883DFF8D48000F069F8D8F800301C4668
:106FD00044BB29463046FFF7BFFF431C044658D147
:106FE000D8F800402746002F43D1002C4BD023680F
:106FF0003946304604EB030901F0E8FF814542D1F0
:1070000021686D1A29463046FFF7A6FF01303AD0B5
:1070100023682B442360D8F800305A6862BBC8F854
:1070200000700FE02268521B20D40B2A17D9611977
:10703000A342256018BF5960636808BFC8F80010F4
:1070400062514B60304600F02FF804F10B00231D15
:1070500020F00700C21A1CBF1B1AA350AFE76268DA
:10706000A3420CBFC8F800205A60EBE723466468CF
:10707000AEE73C467F68B6E71A465B68A342FBD1A1
:1070800000235360DEE70C233360304600F00CF839
:1070900094E70560D6E700BF04F90020014801F03D
:1070A000E2BF00BF48FA0020014801F0DDBF00BF89
:1070B00048FA002070B504460D4645EC104B1646C4
:1070C00003F058FD51EC100B7EB1C5F30A53C3F128
:1070D0006B03002B09DD1B0503F17F55002405F52B
:1070E000401522462B46E9F78FFA41EC100B70BD94
:1070F0002DE9F04F9FB00C46179200221A9205908E
:107100004FF0000A4FF0000B0A46199211782B2914
:107110004AD038D80D2932D8082932D800293BD096
:1071200000220E92199D2A78302A40F0B2806A78A7
:1071300002F0DF02582A6ED102930E9B01931AAB24
:1071400000938F4A05981BAB19A902F0C3FE10F0FB
:107150000F06044605D0062E28D1013500231995C7
:107160000E93179B002B40F08E850E9BCBB15246A1
:107170000BF1004343EC102B1FB0BDE8F08F20292A
:10718000CED10132C1E72D29CAD101210E91511C66
:1071900019915278002AC5D1179B1994002B40F001
:1071A000708552465B46E5E70021EFE71A9A3AB14F
:1071B00035211CA803F0D8FD1A99059803F0AEF903
:1071C000013E1B9A042E06D8DFE806F014031D20AA
:1071D0001400DDE91CABE10548BF4BF0004B2BF080
:1071E00000431B0D1B05002BBBD101F011FF222317
:1071F0000360B6E7DDE91CA302F2334223F48013F7
:1072000043EA025BE7E7DFF880B1E4E76FF0004BA9
:107210004FF0FF3ADFE7199B5A1C19925B78302B2D
:10722000F9D0002B9DD0012300270893199B0C93C4
:107230000B97B9460A2219980578A5F13003D9B2FF
:10724000092928D94F49012201F002FE002832D035
:1072500000202A460A904D460346652A01D0452A59
:1072600014D11DB9089A024396D00025199C621CBE
:10727000199262782B2A7AD02D2A7ED04FF0000CFA
:10728000A2F13001092940F2858019944FF00008DD
:10729000A5E00023C8E7B9F1080FD8BF0B9900F1AA
:1072A0000100DABF02FB01330B9302FB073709F140
:1072B00001091990BFE7199B5A1C19925A78B9F124
:1072C000000F3BD00A904D46A2F13003092B12D992
:1072D0000123C2E7199B5A1C19925A780130302AAF
:1072E000F8D0A2F13103082B00F2D284199B0A9046
:1072F00000200C930546303A00F1010318D00A999A
:1073000019440A912E464FF00A0E711CA1EB050C90
:10731000634515DC20EAE0702B18082B05F1010508
:1073200005441ADC0B990A2303FB01230B9300236A
:10733000199A511C199152781846C5E74846CEE76C
:10734000082E05DC0B9E0EFB06F60B960E46DCE7C0
:107350001029D8BF0EFB07F7F8E70F2BDCBF0A2375
:1073600003FB0727E3E700230A9301237AE74FF0A3
:10737000000CA21C1992A27882E74FF0010CF8E7EA
:10738000FC0C0208F80A02080000F07F199A511C50
:1073900019915278302AF9D0A2F1310108293FF62B
:1073A00075AF303A0992199A0F924FF00A08199A5C
:1073B000561C19965278A2F1300EBEF1090F39D938
:1073C0000F99761A082E44F61F6803DC0999884540
:1073D000A8BF8846BCF1000F01D0C8F10008002DFD
:1073E0004ED1089908437FF4BCAE002B7FF4D4AE95
:1073F000692A28D025DC492A25D04E2A7FF4CCAE34
:107400009A4919A802F088FF00283FF4C5AE199BDD
:107410001B78282B2ED196491CAA19A802F090FFA0
:10742000052827D11D9BDDF870A043F0FF4B4BF4DE
:10743000E00B96E6099908FB0121A1F130020992BF
:10744000B5E76E2ADAE78B4919A802F065FF002834
:107450003FF4A2AE199B8849013B19A8199302F089
:107460005BFF10B9199B01331993DFF81CB24FF081
:10747000000A76E6814801F007FE5BEC10AB70E68F
:107480000A9B0B98A8EB0303B9F1000F08BFA946AC
:10749000102D09932C46A8BF1024E9F73BF8092DBD
:1074A00082468B4613DC099B002B3FF45AAE099BA6
:1074B00078DD162B5FDC724901EBC301D1E90001D5
:1074C00052465B46E9F7A0F882468B4649E66C4B8C
:1074D00003EBC40353E91223E9F796F882463846D2
:1074E0008B46E9F717F802460B4650465946E8F72F
:1074F000D5FE0F2D82468B46D5DD099B2C1B1C44E7
:10750000002C40F3938014F00F030AD05C4901EB88
:10751000C30152465B46D1E90001E9F775F882469E
:107520008B4634F00F0473D0B4F59A7F49DD002404
:10753000A0460B94A146059ADFF84CB122231360B4
:107540004FF0000A0B9B002B3FF40BAE1A990598E5
:1075500002F0E4FF0598494602F0E0FF0598414635
:1075600002F0DCFF0B99059802F0D8FF0598214640
:1075700002F0D4FFF5E5099AC5F125039342BCDB7F
:107580003F4CC5F10F0504EBC50152465B46D1E9FE
:107590000001E9F739F8099B5D1B04EBC504D4E948
:1075A00000238FE71633A8DB0A9BA3EB0808344BB4
:1075B00003EBC808D8E9002350465946E9F74EF9CD
:1075C00082E700232F4F2411504659461E46012CB6
:1075D00021DC0BB182468B462A49ABF1547B01EB8F
:1075E000C60152465B46D1E90001E9F70DF8264B8A
:1075F0000A460B4025498B42824698D8A1F5801156
:107600008B4286BFDFF888B04FF0FF3A02F1547B1F
:107610000023089376E0E20704D5D7E90023E8F7D2
:10762000F3FF0123013664100837D0E7F0D064423D
:1076300014F00F020AD0124B03EBC2035046594616
:10764000D3E90023E9F70AF982468B462411DFD0FB
:107650001F2C1FDD0024A0460B94A146059A22236F
:107660004FF0000A4FF0000B13606BE7070B0208A6
:10767000E80C0208FF0A02083C0B0208E60C0208AC
:10768000700E0208480E02080000F07F0000A07C87
:10769000FFFFEF7F14F0100318BF6A23A94E089371
:1076A000504659460023E70704D5D6E90023E8F7FA
:1076B000ABFF0123641006F10806F4D10BB182463A
:1076C0008B46089BB3B1CBF30A52C2F16B03002B7C
:1076D00059460FDD1F2B56DD342BDEBF4FF0FF3335
:1076E000C2F14B0293404FF0000ACCBF4FF05C7BDD
:1076F00003EA010B0022002350465946E9F7ECF952
:107700000028A7D10B9B00930C9905982B464A465D
:1077100002F06CFF0B9000283FF409AF099A0A9B16
:10772000002AA3EB0803A8BF00231293002422EA37
:10773000E2731693A0460B9B0598596802F0AEFEC3
:10774000814600283FF4F7AE0B9B1A69023203F121
:107750000C0192000C3001F088FC4BEC10AB05984A
:107760001CAA1BA9CDE90CAB03F074FA1A900028EF
:107770003FF4E1AE0598012102F0CEFF804648B902
:107780004FF00008D7E64FF0FF3202FA03F303EAA6
:107790000A0AAFE71B9D1C9A002DABBF129B169BDC
:1077A000169E129FACBFEF185E1B089BED1A154486
:1077B000654B013D9D42C2F1360250DA5B1B1F2B27
:1077C000A2EB03024FF001013DDC01FA03F3139336
:1077D00000231093BD18089BAF4216441E443B463D
:1077E000A8BF2B46B342A8BF3346002BC2BFED1A39
:1077F000F61AFF1A129B002B16DD414605981A4611
:1078000003F042F880460028BAD001461A9A05983B
:1078100002F098FF0A9000283FF48DAE1A9905985F
:1078200002F07CFE0A9B1A93002D1DDC099B002BA5
:1078300023DD4946169A059803F026F88146E0B9FB
:107840004FF0000977E6C5F17F4505F57F0505F5A1
:107850007B45E23501FA05F310931391BAE7002353
:10786000109301231393B5E71A9905982A4603F05C
:1078700065F81A900028D9D15DE6002E07DD49464B
:107880000598324603F05AF881460028D8D0002FD8
:1078900008DD414605983A4603F050F88046002836
:1078A0003FF449AE1A9905984A4603F0CFF80446CA
:1078B00000283FF440AEC3680F930023C3604146E5
:1078C00003F0A8F8002845DA0F9B53EA0A036BD1AE
:1078D000CBF31303002B67D12BF000431B0D1B05CB
:1078E000B3F1D66F60D9636913B92369012B5BDDEE
:1078F00021460122059803F021F84146044603F091
:1079000089F8002850DD2BF00043089A1B0D1B0559
:10791000002A6AD0B3F1D66F67D8B3F15C7F7FF6E7
:107920009DAE0A4B504659460022E8F76DFE084BC3
:107930000B4082468B46002B7FF408AE059A22232B
:10794000136003E6100D020802FCFFFF000050392F
:107950000000F07FCDF828B065D10F9ACBF3130368
:107960005AB39F4A93422BD1089B514603B39D4B78
:107970005A461340B3F1D46F4FF0FF321BD81B0DA2
:10798000C3F16B0302FA03F3994219D1964B0A9A99
:107990009A4202D101313FF4CEAD924B0A9A1A407D
:1079A00002F5801B4FF0000A089B002BB9D1CDE5F2
:1079B0004FF0FF33E8E71346E6E753EA0A03A2D0A5
:1079C000109BDBB10A9A1342EED00F9B089A5046E7
:1079D0005946BBB1FFF76EFBDDE90C0153EC102BF0
:1079E000E8F75CFC82468B46DEE7A3F580136FEA7E
:1079F000135B6FEA0B5B4FF0FF3AD5E7139B13EA7B
:107A00000A0FE1E7FFF756FBDDE90C0153EC102B01
:107A1000E8F742FC0022002382468B46E9F75CF837
:107A20000028C1D01AE64146204603F06BF957EC16
:107A3000106B00224FF0804330463946E9F760F87A
:107A400000286FD00F9B002B7AD1BAF1000F58D1CC
:107A50000A9BC3F31303002B5AD1644B0022304618
:107A60003946E9F743F8002859D130463946604B8A
:107A70000022E8F7C9FD06460F4607F100430696C7
:107A80000793DDE90623574DCDE910230A9B1D40DE
:107A9000584B9D4240F0B2800A9BA3F1547B4BECC3
:107AA00010AB03F067F8DDE9062351EC100BE8F7A3
:107AB000ABFD52465B46E8F7F1FB0B4649494E4A9F
:107AC00019409142824642D90D9A474B9A4203D1BE
:107AD0000C9B01333FF42FADDFF80CB14FF0FF3AB0
:107AE0001A99059802F01AFD0598494602F016FD0C
:107AF0000598414602F012FD0598214602F00EFD60
:107B000019E6BAF1010F03D10A9B002B3FF4A6AD91
:107B10009FED2B7B354F8DED067B0026B1E7344F73
:107B20000026AAE7324B304639460022E8F76CFDC2
:107B30000F9B06460F46002B9FD0CDE90667A0E7B6
:107B40009FED217B8DED067B57EC176B99E703F1D9
:107B5000547B089BCDF828B0002BC1D12BF00043FB
:107B60001B0D1B059D42BBD130463946E9F70AFA89
:107B7000E8F71CFD02460B4630463946E8F78CFB19
:107B80000B460246CDE90C23CBF313060F9B46EAC6
:107B90000A061E436FD00EA3D3E90023E8F7A6FF21
:107BA00000287FF4D3AC0CA3D3E90023DDE90C015A
:107BB000E8F7BAFF002893D0C8E400BFAFF3008015
:107BC000000000000000F0BF000000000000F03FD7
:107BD0009535A094FFFFDF3F35E5AF350000E03F6E
:107BE000FFFF0F000000F07FFFFFEF7F0000F03F7E
:107BF0000000E03F0000E07FFFFF9F7C089B23B375
:107C0000B5F1D46F21D828A3D3E9002330463946F3
:107C1000E8F776FFA0B139463046E8F7CDFF0128F6
:107C200038BF0120E8F776FC0F9B06460F46FBB9EC
:107C300001F1004314901593DDE91423CDE91023DD
:107C4000119B03F1D6635B1B11939DED0C0BDDE9DA
:107C500010AB02F08FFF504653EC102B5946E8F75B
:107C6000D3FCDDE90C23E8F719FB82468B4670E76D
:107C7000CDE91467E0E70EA3D3E90023E8F736FF68
:107C800098E700230E93179A199B1360FFF76DBABC
:107C9000652A3FF468AB452A3FF465AB0123FFF743
:107CA000A0BB00BFAFF300800000C0FFFFFFDF41BB
:107CB0009535A094FFFFCF3F014BFFF719BA00BFE6
:107CC000D40000200A4601460248034B0068FFF733
:107CD0000FBA00BF40020020D4000020242B2DE961
:107CE000F0478646904601D8012B06D101F090F965
:107CF000162303600020BDE8F08734480D462A466D
:107D000015F8014B065D16F00806F8D12D2C10D1A0
:107D10002C780126951C33F0100215D1302C0DD192
:107D20002A7802F0DF02582A08D16C780235102335
:107D30000AE02B2C04BF2C78951CECE7002BF6D125
:107D4000302C14BF0A23082306F1004C0CF1FF3C31
:107D50000022BCFBF3F9104603FB19CAA4F130075B
:107D6000092F0FD83C46A3421BDD571C07D0814585
:107D700014D301D1A24511DB00FB0340012215F809
:107D8000014BEBE7A4F14107192F01D8373CEAE793
:107D9000A4F16107192F04D8573CE4E74FF0FF32F4
:107DA000EDE7531C08D12223CEF800306046B8F12D
:107DB000000FA0D0691E06E006B14042B8F1000FE6
:107DC00099D0002AF6D1C8F8001094E7390D0208BE
:107DD000FFF784BF13460A46014602480068FFF7D2
:107DE0007DBF00BF400200202DE9FF4757EC106B1C
:107DF000002F0C4619463B46BBBF07F100431F4608
:107E000000232D230B700D9BDDF830A0914623F04D
:107E10002008BCBF32461646B8F1460F05D0B8F16F
:107E2000450F00D10134022100E0032103AB01938F
:107E300002AB009347EC106B5346224601F0C8F9A1
:107E4000B8F1470F054619D119F0010F0ED000EB1C
:107E500004090022002330463946E8F73DFE08B108
:107E6000CDF80C903022039B4B451ED3039B0E9AFA
:107E70005B1B2846136004B0BDE8F087B8F1460FDD
:107E800000EB0409E5D10378302B0AD1002200234E
:107E900030463946E8F720FE18B9C4F10104CAF8A3
:107EA0000040DAF800309944D3E7591C03911A7066
:107EB000D9E7F7B50029BABF49422D232B23092959
:107EC0000270437029DD0DF107031D460A271A468B
:107ED000B1FBF7F607FB1614303402F8014C0C46E0
:107EE000632C03F1FF333146F1DC3031941E03F88B
:107EF000011C411C2346AB420AD30DF109039B1A16
:107F0000AC4288BF002302330344181A03B0F0BD0B
:107F100013F8016B01F8016FEDE730233031837006
:107F2000C170031DF1E700002DE9F04F8DB00C4644
:107F3000DDF8588016461F46054600F0B1FF03687D
:107F400004931846E8F79CF900230A93D8F8003008
:107F50000590073323F0070303F1080294F818A0F3
:107F6000D4F800B0C8F80020D3E9008929F0004314
:107F70000793CDF81880C4E91289DDE906019C4B0E
:107F80004FF0FF32E8F7DAFD70BBDDE90601984BF0
:107F90004FF0FF32E8F7B4FD30BB0022002340462B
:107FA0004946E8F7A3FD10B12D2384F84330914AE8
:107FB000914BBAF1470F8CBF90469846032323613B
:107FC0002BF0040323604FF00009009733460BAAFF
:107FD0002146284600F0D2F9013040F08D804FF064
:107FE000FF300DB0BDE8F08F42464B464046494653
:107FF000E8F7A4FD40B14B46002BBCBF2D2384F80D
:1080000043307E4A7E4BD4E763680AF0DF02069273
:108010005A1C3BD1062363604BF48062002322602C
:1080200003930AABCDE901A309AB0093616849EC66
:10803000108B0DF123032846FFF7D6FE069B099906
:10804000472B804629D1C81C02DB6368994241DD79
:10805000AAF1020A5FFA8AFA0139524604F1500085
:108060000991FFF726FF0A9A1318012A8146236116
:1080700002DC2268D20701D5013323619DF8233049
:10808000002BA2D02D2384F843309EE7069A472A7E
:10809000C2D1002BC0D10123BDE7BAF1650FDBD9F6
:1080A000BAF1660F18D1002963680BDD216113B99D
:1080B0002268D00702D501330B442361A1654FF03C
:1080C0000009DBE713B92268D20701D50233F4E7D0
:1080D0000123F2E74FF0670A0A9B994205DB236808
:1080E0002161D807EAD54B1CE7E70029D4BFC1F1CD
:1080F000020201221344E0E723685A0507D42369EA
:10810000424631462846B84701302BD167E7BAF1DD
:10811000650F40F2DD80D4E9120100220023E8F768
:10812000DBFC002833D0374A012331462846B847C4
:1081300001303FF454AFDDE90938434502DB2368E1
:10814000D8070FD5DDE9042331462846B84701306A
:108150003FF445AF4FF0000908F1FF3804F11A0A67
:10816000C84509DC23689B0700F10381E0680B9B8D
:108170009842B8BF184634E7012352463146284694
:10818000B84701303FF42BAF09F10109E8E7099B3B
:10819000002B39DC1B4A012331462846B847013001
:1081A0003FF41DAFDDE9093959EA030302D1236821
:1081B000D907D7D5DDE9042331462846B847013031
:1081C0003FF40DAF4FF0000A04F11A0B099B5B421C
:1081D000534501DC4B4693E701235A463146284676
:1081E000B84701303FF4FBAE0AF1010AEEE700BFE9
:1081F000FFFFEF7FFE0A0208FA0A0208060B0208D8
:10820000020B0208A60C0208A36DDDF828A0534556
:10821000A8BF5346002B994636DC4FF0000B29EAE5
:10822000E97904F11A02A36D0693A3EB09035B45F8
:1082300031DC099B9A453ADC2368DA0737D4099B7D
:10824000AAEB0309069BAAEB03039945A8BF99462D
:10825000B9F1000F33DC4FF0000829EAE97904F1A5
:108260001A0B099BAAEB0303A3EB090343457FF712
:1082700079AF01235A4631462846B84701303FF4CA
:10828000AEAE08F10108ECE7424631462846B84751
:108290000130C2D1A3E60123314628460692B847F1
:1082A00001303FF49CAE069A0BF1010BBBE7DDE910
:1082B000042331462846B8470130C0D18FE6069ADC
:1082C0004B46424431462846B8470130C3D186E682
:1082D000DDF828A0BAF1010F01DCDB0736D5012358
:1082E000424631462846B84701303FF478AEDDE9D2
:1082F000042331462846B84701303FF470AED4E934
:108300001201002200230AF1FF3AE8F7E5FBC0B9A9
:10831000534608F1010231462846B84701300CD1D6
:108320005DE601235A4631462846B84701303FF4FE
:1083300056AE08F10108D045F3DB4B4604F150027C
:10834000DFE64FF0000804F11A0BF4E70123424680
:10835000E1E701234A4631462846B84701303FF459
:108360003EAE08F10108E3680B995B1A4345F0DC67
:10837000FCE64FF0000804F11909F4E72DE9F04795
:10838000164698468A680B69DDF820909342B8BF7C
:108390001346336091F8432007460C460AB1013377
:1083A00033602368990642BF33680233336025681F
:1083B00015F0060506D104F1190AE36832689B1A24
:1083C000AB4226DC94F843302268003B18BF0123FF
:1083D00092062BD404F1430241463846C847013087
:1083E0001ED02368226903F00603042B02BFE56850
:1083F0003368ED1AA3680CBF25EAE57500259342A2
:10840000C4BF9B1AED1800261A34B5421AD10020B9
:1084100008E00123524641463846C847013003D19F
:108420004FF0FF30BDE8F0870135C6E7E1185A1C70
:10843000302081F84300224494F8451082F843101C
:108440000233C7E70123224641463846C847013078
:10845000E6D00136D9E700002DE9FF470F7E0C9EDC
:10846000782F914680460C469A4601F1430207D880
:10847000622F0AD8002F00F0D180582F00F0B8806A
:1084800004F1420684F842703AE0A7F16303152B29
:10849000F6D801A151F823F0F184010805850108FF
:1084A0008184010881840108818401088184010894
:1084B00005850108818401088184010881840108FF
:1084C00081840108038601082F850108BD85010804
:1084D00081840108818401082586010881840108BE
:1084E0002F8501088184010881840108C585010860
:1084F00033681A1D1B68326004F1420684F842306A
:1085000001239CE033682068191D3160060601D5FF
:108510001D6803E04506FBD5B3F90050002D03DAD2
:108520002D236D4284F8433058480A2311E0216816
:108530003368080653F8045B02D4490648BFADB25D
:108540006F2F5248336014BF0A230823002184F898
:1085500043106668A660002E05DB21682E4321F0DB
:10856000040121604BD01646B5FBF3F103FB115714
:10857000C75D06F8017D2F46BB420D46F4D9082B96
:108580000BD12368DF0708D5236961689942DEBFF4
:10859000302306F8013C06F1FF36921B2261CDF82C
:1085A00000A04B4603AA21464046FFF7E7FE0130F4
:1085B0004AD14FF0FF3004B0BDE8F087236843F0A4
:1085C000200323603248782784F845702368316897
:1085D0001F0651F8045B02D45F0648BFADB231609C
:1085E000D90744BF43F0200323601DB11023ADE73A
:1085F0002648E9E7236823F020032360F6E71646C0
:10860000BDE7336825686169181D30602E061B6858
:1086100001D5196002E06806FBD5198000232361AB
:108620001646BCE733681A1D32601E686268002176
:108630003046E7F7D5FD08B1801B606063682361B1
:10864000002384F84330AAE723693246494640466E
:10865000D0470130ADD023689B0713D4E068039B5B
:108660009842B8BF1846A6E701233246494640461D
:10867000D04701309DD00135E36803995B1AAB42C6
:10868000F2DCEBE7002504F11906F5E70A0B020816
:108690001B0B02082DE9F04F87B0914603938B68BE
:1086A0005A1EB2F5AE7F81BF6FF4AE7503EB050BBA
:1086B00040F25D138B600B680A464FF0000543F4EF
:1086C000F06342F81C3BCDE9045580460C4698BF48
:1086D0004FF0000B01921646AA462F460295A2685B
:1086E0005AB1D9F800301B784E2B63D8402B3BD8B9
:1086F000A3F12B01C8B20E2839D91FB1236823F486
:10870000807323600AF1FF3ABAF1010F00F214817D
:10871000019B9E4200F20581012007B0BDE8F08F69
:10872000A3F161020D2AE8D801A151F822F000BF9F
:1087300079880108FB860108FB860108FB86010891
:10874000D5880108AF880108FB860108FB8601086F
:1087500087880108FB860108FB860108FB86010863
:10876000FB86010843880108A3F14102DAE70E29DC
:10877000C3D801A050F821F033880108FB86010816
:1087800033880108C3880108FB860108D5870108E2
:108790001988010819880108198801081988010831
:1087A0001988010819880108198801081988010821
:1087B000198801086E2B09D8602BB1D8542B7BD0B7
:1087C000592B9AD1072D98D108252FE0742B73D0FF
:1087D000792BF6E72168C8051ED521F080012160BC
:1087E0000137BBF1000F03D001320BF1FF3BA26058
:1087F000A368013BA360236901332361D9F80430E6
:10880000013B002BC9F8043040F38280D9F80030D6
:108810000133C9F8003062E71AEB05017FF46DAF50
:10882000226822F4C07222600D468A4606F8013B97
:10883000DEE7226810067FF560AF22F0800222603A
:10884000F4E7BAF1000F0CD177B9226802F4E061C5
:10885000B1F5E06F08D122F4F06222604FF0010A16
:10886000E4E7BAF1020F50D0012D02D0042D7FF4BD
:1088700044AF0135EDB2D9E7BAF1010F7FF43DAF56
:108880004FF0020AD2E775B9002F7FF437AF2268A4
:1088900002F4E061B1F5E06F40F0038122F4F06290
:1088A00022600125C2E7032DE3D0052DDFE7022D6D
:1088B0007FF423AF0325B9E7062D7FF41EAF07250C
:1088C000B4E7226891057FF518AF22F42072226088
:1088D0000297ABE7226802F4A061B1F5806F05D082
:1088E00050057FF50AAF002F00F0DB80910558BFDF
:1088F000029922F4F06258BF791A42F4C07258BF4C
:10890000CDE904162260002790E74FF0030A8DE7B7
:10891000D4F8803149464046984700283FF4DFAEFE
:10892000EBE6D4F87C3116F8011D4A4640469847DC
:108930002369013B2361EBE66B1E062B24D8022D35
:1089400036D8019B9E427FF6E7AED4F87C3116F80C
:10895000011D4A46404698472369013B2361F0E7E1
:10896000D4F87C311BF8011D4A46404698472369DC
:10897000013B23610AF1FF3A5FFA8AFABAF1020F6A
:10898000EED1033DEDB2761B2368DA0530D55B05E9
:1089900011D5019B9E427FF6BFAED4F87C3116F80C
:1089A000011D4A46404698472369013B2361F0E791
:1089B000AA46B346DEE716F8011C2369652903F1D0
:1089C000FF3306F1FF3523610CD045290AD0D4F8D6
:1089D0007C314A4640469847236916F8021C013B01
:1089E000B51E2361D4F87C314A46404698472E464E
:1089F000226812F0100201D000208EE63270236847
:108A000003F4C063B3F5806F25D1029B9F420AD067
:108A1000DA1B04F26F139E4228BF04F5B776224991
:108A2000304600F03DF9019900224046FFF744F935
:108A3000039B21681B6811F0020F57EC106B03F1C8
:108A4000040215D003990A601B68C3E90067E36854
:108A50000133E360D0E7049B002BE4D005990A239F
:108A600001314046FFF7B4F9049B059EC21AD0E7D6
:108A700011F0040F03990A60E6D11D6832463B46A7
:108A800030463946E8F75AF828B1084800F004FBA8
:108A900085ED000ADBE730463946E8F7ADF8286097
:108AA000D5E700272EE600BF2C0B0208E60C0208D3
:108AB000002310B50446C0E90033C0E904338360E5
:108AC00081814366C2818361194608225C3000F0CF
:108AD000B7F90D4B63620D4BA3620D4BE3620D4B77
:108AE00023630D4B24629C4206D003F1680294423A
:108AF00002D0D0339C4205D104F15800BDE81040AB
:108B000000F0B0BA10BD00BF3D8D0108638D0108B3
:108B10009B8D0108BF8D010808F90020024A034916
:108B2000034800F069B800BFC8000020FDB7010885
:108B30004402002041680C4B994210B5044601D014
:108B400002F05CFEA168094B994202D0204602F077
:108B500055FEE168064B994204D02046BDE810401E
:108B600002F04CBE10BD00BF08F9002070F90020D3
:108B7000D8F9002010B50B4B0B4C0C4A1A6020465C
:108B800000220421FFF794FF04F16800012209216B
:108B9000FFF78EFF04F1D0000222BDE81040122141
:108BA000FFF786BF40FA002008F900201D8B01085E
:108BB000014800F058BA00BF49FA0020014800F00F
:108BC00053BA00BF49FA002010B50446FFF7F0FF82
:108BD000236A1BB1BDE81040FFF7F0BF044B2362CE
:108BE000044B1B68002BF5D1FFF7C4FFF2E700BF71
:108BF000358B010840FA00202DE9F84307468846E6
:108C000014460026D4E90195B9F1010905D5246877
:108C1000002CF7D13046BDE8F883AB89012B07D98A
:108C2000B5F90E30013303D029463846C047064314
:108C30006835E9E70CB430B5184B0C1E1D689DB0C3
:108C400008DA8B232B604FF0FF301DB0BDE83040B9
:108C500002B070474FF40273ADF814304FF00003C8
:108C60001B9314BF04F1FF332346049307934FF67D
:108C7000FF7302900690ADF81630209A21AB02A93E
:108C80002846019302F01CF9431CBCBF8B232B60C8
:108C9000002CDAD0029B00221A70D6E74002002096
:108CA0000EB410B59DB01FAB029006906FF000415E
:108CB0000A48079104910A4953F8042B05910024AE
:108CC00002A9006801931B9402F0FAF8029B1C7041
:108CD0001DB0BDE8104003B0704700BF4002002047
:108CE0000802FFFF0EB470B59DB021AC00254FF413
:108CF000017254F8046BADF814201B950290069095
:108D0000E7F7BEFA0B4B039007900B480B934FF617
:108D1000FF73ADF816303246234602A900680F955E
:108D20001495019402F022FA1DB0BDE8704003B022
:108D3000704700BF5F8D01084002002010B50C464F
:108D4000B1F90E1000F030F90028ABBF636DA389B4
:108D50001B1823F48053ACBF6365A38110BD0020B2
:108D600070472DE9F0411F468B89DB0505460C460F
:108D7000164605D5B1F90E100223002200F002F9C3
:108D8000A389B4F90E1023F48053A38132463B46E5
:108D90002846BDE8F04100F029B910B50C46B1F9FC
:108DA0000E1000F0EFF8431CA38915BF606523F493
:108DB000805343F48053A38118BFA38110BDB1F940
:108DC0000E1000F071B830B51446002C9BB005466B
:108DD0001A4605DA8B2303604FF0FF301BB030BD1D
:108DE0004FF40273ADF80C304FF00003199314BF29
:108DF00004F1FF332346029305934FF6FF7300916E
:108E00000491ADF80E3069461E9B02F059F8431CE0
:108E1000BCBF8B232B60002CE0D0009B00221A707B
:108E2000DCE7000007B5009313460A4601460348F5
:108E30000068FFF7C8FF03B05DF804FB40020020A4
:108E400002440346934200D1704703F8011BF9E73F
:108E500010B56AB10139841810F8012B11F8013FDF
:108E60009A4203D1A04201D0002AF5D1D01A10BDF8
:108E70001046FCE70A7870B56AB970BD9A4209D10C
:108E80000C46054614F8013F002BF6D015F8016F8B
:108E90009E42F7D001300378002BEFD11846ECE763
:108EA00000487047C401002038B5064D0023044631
:108EB00008462B60F1F718FA431C02D12B6803B166
:108EC000236038BD44FA00202D4B1B68834270B5E7
:108ED000044653D0C3691BB3DB6863B10025E36963
:108EE000DB685959B1B90435802DF8D1E3692046C2
:108EF000D96800F03DFFE369196811B1204600F020
:108F000037FFE3699D685DB1294620462D6800F072
:108F10002FFFF8E70E68204600F02AFF3146E1E710
:108F2000616911B1204600F023FFE16911B12046CB
:108F300000F01EFF216B11B1204600F019FF616B9C
:108F400011B1204600F014FFA16B11B1204600F0D2
:108F50000FFFA16C11B1204600F00AFF616C11B146
:108F6000204600F005FFE16A11B1204600F000FF45
:108F7000236A1BB12046BDE87040184770BD00BF92
:108F80004002002038B5074D04460846114600222D
:108F90002A601A46F1F7CFF9431C02D12B6803B1BE
:108FA000236038BD44FA002038B5074D0446084612
:108FB000114600222A601A46F1F75DF9431C02D1DE
:108FC0002B6803B1236038BD44FA002038B5064D44
:108FD0000023044608462B60F1F7BAF9431C02D17E
:108FE0002B6803B1236038BD44FA002038B5074D23
:108FF00004460846114600222A601A46F1F758F93D
:10900000431C02D12B6803B1236038BD44FA002011
:10901000014B1868704700BF4002002070B50D4D2D
:109020000D4C641BA4100026A64209D10B4D0C4C1C
:1090300006F0A2FB641BA4100026A64205D170BD59
:1090400055F8043B98470136EEE755F8043B98473E
:109050000136F2E7D8150208D8150208D81502081B
:10906000DC1502087047704770470A44914200F1CE
:10907000FF3300D1704710B511F8014B03F8014FD1
:109080009142F9D110BD00009FED010B704700BF68
:10909000000000000000F87F9FED010A704700BF4C
:1090A0000000C07F51EC100B82B08DED001B02461A
:1090B000019861F31E00034643EC102B02B0704789
:1090C0002DE9F74F03690C69A34207467EDB013C9B
:1090D00001F11408A30000F11405009305EB8403CB
:1090E000019358F8243055F8242001339A4208EBB4
:1090F0008409B2FBF3F62ED34FF0000AC446AE4605
:10910000D3465CF8043B98B206FB00A0020C1B0C93
:1091100006FB0323DEF8002080B292B2121A5A44F2
:10912000DEF800004FEA134A9BB2C3EB224303EB85
:10913000104392B242EA0342E1454EF8042B4FEA53
:10914000234BDED2009BEB582BB9019B043B9D4285
:109150001A462FD33C61384601F05CFC002825DB21
:109160002946002058F8042BD1F800C01FFA82FECF
:109170001FFA8CF3A3EB0E030344120CC2EB234241
:1091800002EB1C429BB243EA0243C14541F8043B57
:109190004FEA2240E6D255F8242005EB840322B999
:1091A000043B9D421A460BD33C610136304603B066
:1091B000BDE8F08F1268043B002ACBD1013CC6E722
:1091C0001268043B002AEFD1013CEAE70020EEE7F9
:1091D0002DE9F04FC76997B08DED040B55EC104B9E
:1091E000209E079181460C9211937FB91020FDF7C4
:1091F000ABFE0246C9F81C0020B9A94BEF21A948D3
:1092000002F0B2FBC0E901770760C760D9F81C30F3
:10921000196859B15A684A60012393408B604846E7
:1092200001F07CF9D9F81C3000221A602B1EB9BF5E
:1092300023F00043059300233360059F9A4BBCBF86
:1092400001223260BB4312D1119A42F20F731360B4
:10925000C7F31303234300F05A85219BDFF85CA278
:10926000002B00F05C850AF1030300F056BD9DED74
:10927000047B002251EC170B00238DED0A7BE7F7EE
:109280002BFC804658B1119A01231360219B13B126
:10929000219A864B1360DFF828A200F040BD9DEDB7
:1092A0000A0B14AA15A9484601F0D4FCC7F30A56C4
:1092B0000290002E78D00B9BCDF84880C3F31303A7
:1092C000DDE90A0143F07F5343F44013A6F2FF3671
:1092D00019460022764BE6F7DFFF6BA3D3E90023A4
:1092E000E7F792F96AA3D3E90023E6F7D7FF04462C
:1092F00030460D46E7F71EF967A3D3E90023E7F7E9
:1093000083F902460B4620462946E6F7C7FF044686
:109310000D46E7F729FC0022074600232046294690
:10932000E7F7E4FB40B13846E7F704F922462B465D
:10933000E7F7D2FB00B9013F162F52D85D4B03EB84
:10934000C703D3E90023DDE90A01E7F7CFFB0028D3
:1093500049D0013F00231093149B9B1B5A1E45BF0D
:10936000C3F10103009300230023069254BF00932E
:109370000693002F39DB069B0D973B440693002391
:109380000893079B092B63D8052BC4BF043B0793A5
:10939000079BA3F10203CCBF00240124032B63D855
:1093A000DFE803F05254372BDDE914631E4406F264
:1093B0003243202BC1BFC3F140039F4006F212434A
:1093C00024FA03F3D6BFC3F1200347EA030004FAEB
:1093D00003F0E7F79FF80122A1F1F873013E129222
:1093E00076E70123B7E71090B6E7009BDB1B0093FD
:1093F0007B42089300230D93C3E7012309930C9B41
:1094000007EB030B0BF10103012B0393B8BF0123FF
:1094100006E0012309930C9B002B28DD9B46039358
:10942000D9F81C000021042202F114059D4226D91E
:109430004160484601F032F88246002842D11E4B76
:10944000024640F2AF11DAE60023E3E70023D5E756
:1094500001240023079309944FF0FF3B0022CDF82D
:109460000CB012230C92DBE701230993F4E74FF0D1
:10947000010BCDF80CB05B46CDF830B0D0E7013130
:109480005200D1E7AFF3008061436F63A787D23FFB
:10949000B3C8608B288AC63FFB799F501344D33FE3
:1094A000460B02085D0B02080000F07FA70C0208C3
:1094B0000000F83F700E0208B50B0208420B0208CC
:1094C000A60C0208D9F81C301860039B0E2B00F282
:1094D000A180002C00F09E80002F33DD9C4B07F014
:1094E0000F0203EBC20393ED007BF8058DED0E7BBD
:1094F0004FEA271416D5974BDDE90A01D3E9082373
:10950000E7F7ACF9CDE9040104F00F040326914D0F
:1095100054B9DDE90E23DDE90401E7F79FF9CDE950
:10952000040128E00226F2E7E10708D5DDE90E0193
:10953000D5E90023E7F768F8CDE90E01013664109C
:109540000835E5E700F0AF807C42814B814D04F0A7
:109550000F0203EBC203D3E90023DDE90A01E7F7B9
:1095600053F8CDE90401241100230226002C40F019
:109570008F80002BD3D1109BDDE90445002B00F038
:109580009480754B002220462946E7F7AFFA002861
:1095900000F08B80039B002B00F08780BBF1000F55
:1095A00034DD20466D4B00222946E7F72DF8CDE942
:1095B000040107F1FF3801365C463046E6F7BAFF92
:1095C000DDE90423E7F720F8654B0022E6F766FEA5
:1095D0000546A1F15076002C6AD1DDE90401614B0A
:1095E0000022E6F759FE02460B46CDE904232A463F
:1095F0003346E7F799FA002840F09882DDE9040144
:109600002A4606F10043E7F771FA38BBDDE90A3470
:10961000CDE90434159B002BC0F257810E2F00F3C7
:1096200054814B4B03EBC70393ED007B0C9B002B4A
:109630008DED007B80F2E580039B002B00F3E18041
:109640000CD1484B002251EC170BE6F7DDFFDDE9AA
:109650000423E7F75FFA002800F06682002425461D
:109660000C9B56466FEA030800272146484600F047
:1096700055FF002D00F0BD802FB1AF4203D0394619
:10968000484600F04BFF2946484600F047FFB0E04F
:10969000E20705D5D5E90023E6F7B6FF0136012339
:1096A0006410083562E7022665E7039CB84684E744
:1096B000274B099903EBC40353E9022354440029BF
:1096C00054D029490020E7F7C9F833462A46E6F77F
:1096D000E3FDCDE90E015646DDE90401E7F744FA62
:1096E0000546E6F727FF02460B46DDE90401E6F7EB
:1096F000D3FD303502460B46CDE9042306F8015B65
:10970000DDE90E23E7F7F2F9002872D1DDE9042341
:1097100011490020E6F7C0FDDDE90E23E7F7E6F981
:10972000002840F0B480A6423FF470AFDDE90E019E
:109730000A4B0022E6F768FF084BCDE90E01002234
:10974000DDE90401E6F760FFCDE90401C4E700BFED
:10975000700E0208480E02080000F03F000024408E
:1097600000001C40000014400000E03F3146284645
:10977000E6F74AFFCDE90E0113945646DDE90401F0
:10978000E7F7F2F90546E6F7D5FE02460B46DDE9B6
:109790000401E6F781FD303506F8015B02460B4611
:1097A000A642CDE904234FF0000224D1AF4BDDE9FE
:1097B0000E01E6F773FD02460B46DDE90401E7F70B
:1097C000B3F9002863D1DDE90E23A8490020E6F7AC
:1097D00063FD02460B46DDE90401E7F787F900283F
:1097E0003FF414AF139E731E139316F8013C302BF5
:1097F000F8D047463BE09E4BE6F706FFCDE9040173
:10980000BCE7DDE904455646DDE90023204629464C
:10981000E7F724F8E7F7A8F98046E6F78BFEDDE9DD
:109820000023E6F7F1FE02460B462046294608F1E2
:109830003004E6F731FD06F8014B039DA6EB0A0460
:10984000A54202460B4633D1E6F728FDDDE90023A9
:1098500004460D46E7F768F9C0B9DDE90023204664
:109860002946E7F739F910B118F0010F0ED1029926
:10987000484600F053FE00233370119B01371F60F0
:10988000219B002B00F04B821E6048E2B846334615
:109890001E4613F8012D392A06D19A45F8D13022F7
:1098A00008F101088AF800201A7801321A70A0E73E
:1098B0006F4B0022E6F7A8FE0022002304460D4667
:1098C000E7F70AF900289FD0D1E7099A002A00F0AB
:1098D000EA80079A012A00F3CD80129A002A00F04C
:1098E000C18003F23343089C009E009A1A44009200
:1098F000069A01211A444846069200F00DFF0546DB
:1099000066B1069B002B09DDB342009AA8BF33461F
:10991000D21A0092069AF61AD31A0693089B0BB332
:10992000099B002B00F0C680002C00F0C080294667
:109930002246484600F0A8FF029A014605464846DE
:1099400000F000FF02998046484600F0E7FD089BC2
:109950001B1B089300F0B180089A4146484600F06E
:1099600093FF02900121484600F0D6FE0D9B04466D
:10997000002B00F0D8811A460146484600F084FFCB
:10998000079B012B044600F39F80049B002B40F0B3
:109990009780059BC3F31303002B40F09380059B36
:1099A00023F000431B0D1B0533B1009B01330093D3
:1099B000069B01330693012308930D9B002B00F0B7
:1099C000B881236904EB8303186900F059FEC0F1E4
:1099D0002000069B184410F01F0000F08280C0F1A8
:1099E0002003042B73DD009BC0F11C000344009393
:1099F000069B034406440693009B002B05DD029959
:109A00001A46484600F09AFF0290069B002B05DD9F
:109A100021461A46484600F091FF0446109B002B51
:109A200061D00298214600F0F5FF00285BDA0023A0
:109A300002990A22484600F093FD099B029007F123
:109A4000FF38002B00F07781294600230A22484680
:109A500000F086FDBBF1000F05466FDC079B022B73
:109A600049DC6BE0149BC3F136033CE70000E03FA8
:109A700000002440039B5C1E089BA34209DB1C1BC7
:109A8000039B002BBFF630AF009B039A9E1A002366
:109A90002BE7089B0D9A0894E31A1A44009E039B37
:109AA0000D92002421E7089C009E099D28E7DDF81F
:109AB000088051E7089A029950E7CDF8088051E7ED
:109AC000002379E7049B77E70023089379E793D095
:109AD000009A1C331A440092069A1A441E440692B5
:109AE0008AE70346F4E7039B002BB84620DC9B463D
:109AF000079B022B1EDDBBF1000F7FF4B1AD2146A9
:109B00005B460522484600F02BFD014604460298BC
:109B100000F080FF00287FF7A3AD5646312306F8FA
:109B2000013B08F101089FE5039CB8462546F4E790
:109B3000DDF80CB0099B002B00F00181002E05DD43
:109B400029463246484600F0F9FE0546089B002BA0
:109B50005CD06968484600F0A1FC064628B9824BF3
:109B6000024640F2EF21FFF74ABB2A690232920017
:109B700005F10C010C30FFF778FA01223146484616
:109B800000F0DCFE0AF1010300930AEB0B030893DB
:109B9000049B03F001032F4606930546009B0298A1
:109BA000214603F1FF3BFFF78BFA03463033039066
:109BB00039460298099300F02DFF2A460490214669
:109BC000484600F043FFC268099B064602BB0146B7
:109BD000029800F01FFF099B0246314648460C924E
:109BE000099300F09BFC079B0C9A009E42EA03013C
:109BF000069B1943099B0DD1392B27D0049A002AC3
:109C000001DD039B31338BF800302EE52846B9E7A0
:109C10000122E2E70499002904DB07980143069832
:109C2000014320D1002AEEDD02990093012248462B
:109C300000F084FE2146029000F0ECFE0028009B1C
:109C400002DCE0D1DA07DED5392BDAD139238BF803
:109C5000003033461E46013B16F8012C392A4ED0FF
:109C600001321A7001E5002A03DD392BEED00133F1
:109C7000C9E7009A089902F8013C8A4228D0029963
:109C800000230A22484600F06BFCAF4202904FF0DE
:109C900000034FF00A023946484607D100F060FC45
:109CA00007460546009B0133009377E700F058FC18
:109CB0002946074600230A22484600F051FC054683
:109CC000F0E7BBF1000FCCBF5E46012656440027EB
:109CD000029900930122484600F030FE214602908E
:109CE00000F098FE0028B4DC02D1009BDB07B0D462
:109CF00033461E4613F8012D302AFAD0B5E49A45B2
:109D0000A8D1312308F101088AF80030ADE4219B85
:109D1000DFF858A01BB10AF10803219A13605046DE
:109D200017B0BDE8F08F079B012B7FF72EAE0D9B80
:109D3000089301204DE6BBF1000F7FF7D9AE5646E0
:109D400002982146FFF7BCF900F1300306F8013B09
:109D5000A6EB0A029345B4DD029900230A22484685
:109D600000F0FEFB0290EBE7B50B0208390B02088E
:109D700038B50546002941D051F8043C0C1F002B92
:109D8000B8BFE418FDF78AF91D4A136833B9636058
:109D900014602846BDE83840FDF786B9A34208D9CB
:109DA000206821188B4201BF19685B68091821607F
:109DB000EDE71A465B680BB1A342FAD91168501857
:109DC000A0420BD120680144501883421160E0D1B9
:109DD00018685B68536008441060DAE702D90C2306
:109DE0002B60D6E7206821188B4204BF19685B6896
:109DF000636004BF091821605460CAE738BD00BF22
:109E000004F900200369B3EB611F2DE9F0434FEA29
:109E1000611200F1140445DD11F01F0104EB83060B
:109E200004EB82050CD100F110072946B14234D36E
:109E30009B1A9B00EA1E964238BF0023234415E07C
:109E400054F82270C1F12008CF4005F1040EA1465C
:109E50007645F44615D89A1A9200043A0135AE4276
:109E600038BF0022A318A75007B104331A1BA3421E
:109E70004FEAA20208BF0023026108BF4361BDE8A8
:109E8000F083DCF800C00CFA08FC4CEA070749F83C
:109E9000047B5EF8047BCF40DAE751F804CB47F847
:109EA00004CFC3E72346E1E7A0F13003092B02D832
:109EB0002038C0B27047A0F16103052B01D84738A4
:109EC000F7E7A0F14103052B01D82738F1E700207F
:109ED000704700002DE9F04F85B08A4602930B6869
:109EE000019090469C1CA14614F8010B3028FAD032
:109EF000A9EB0303A3F1020BFFF7D6FF05460028E9
:109F000068D1A04901224846FEF7A2FF0746002873
:109F100067D199F801002646FFF7C6FF002862D0F6
:109F2000234618783028994603F10103F9D0FFF74A
:109F3000BBFFB0FA80F56D094FF0010B4A4616469B
:109F400001323078FFF7B0FF0028F8D18D490122A7
:109F50003046FEF77DFF00283FD144B9741C2246ED
:109F6000164601323078FFF79FFF0028F8D1A41B76
:109F7000A700337803F0DF03502B3ED173782B2BEF
:109F800033D02D2B34D0711C00240878FFF78CFFC0
:109F9000431EDBB2182B30D8A0F1100211F8010FCC
:109FA000FFF782FF00F1FF3C5FFA8CFCBCF1180F59
:109FB0004FF00A031ED904B152421744CAF80010E8
:109FC000EDB1BBF1000F0CBF06250025284605B0FA
:109FD000BDE8F08F00252C46B0E7002CC7D12746FE
:109FE000C7E74E462F460125C3E70024B11CCCE746
:109FF0000124FBE703FB0200CEE73146DEE7A6EBD8
:10A000000903013B2946072B0ADC019800F046FAB8
:10A01000044640B95C4B0246E4215C4801F0A4FCD4
:10A0200001315B10EFE700F1140A002355469B460F
:10A03000B14537D345F804BBA5EB0A05AD10256142
:10A04000584600F01DFB6D01D8F800602D1AB5428E
:10A0500054DDAD1B2946204600F0A9FE814678B1AB
:10A060006B1E591103F01F025AF821104FF001091D
:10A0700009FA02F20A4203D04B4536DC4FF00209DE
:10A0800029462046FFF7BEFE2F44D8F80830BB42D1
:10A0900042DA0198214600F041FA0E9A002313603B
:10A0A000A32593E716F8012D2E2A12D0202B04D1D8
:10A0B00045F804BB4FF0000B5B4630780393FFF785
:10A0C000F3FE039B00F00F0098404BEA000B0433B3
:10A0D000AEE7B145EAD82B49039301223046FEF79B
:10A0E000B7FE039B0028E1D1A2E7A91E204600F09D
:10A0F0005EFE0028C2D04FF00309C1E709DA751BE4
:10A10000214601982A4600F019FC7F1B044600F105
:10A11000140A4FF00009B8E7D8F80450BD426FDDCB
:10A12000ED1BAE4234DCD8F80C30022B22D0032BCE
:10A1300024D0012B15D1AE4213D1012E0BD1029A9E
:10A14000D8F80430136001232361CAF800300E9B55
:10A1500062251C603AE7711E204600F028FE0028A8
:10A16000EDD10198214600F0D9F90E9A0023136031
:10A1700050252BE70F9B002BF3D1E0E70F9B002B23
:10A18000DDD1EEE7F80A0208B50B0208C60B02089B
:10A190006F1EB9F1000F30D127B13946204600F0CB
:10A1A00006FE81467A1101235AF8222007F01F0784
:10A1B000BB4013422946204618BF49F00209FFF769
:10A1C00021FED8F80470761B0225B9F1000F47D0A4
:10A1D000D8F80C30022B15D0032B17D0012B09D146
:10A1E00019F0020F06D0DAF8003049EA030919F035
:10A1F000010F0ED145F0100532E04FF00109D1E713
:10A200000125E2E70F9BC3F101030F930F9B002B86
:10A21000F0D0D4F810B004F114034FEA8B0A03EB2A
:10A220008B014FF0000C184653F8042BB2F1FF3F9E
:10A230001BD001320260022D04F114033CD1D8F886
:10A240000020013AB24209D17111012253F82130A4
:10A2500006F01F0602FA06F61E423AD145F0200526
:10A260000E9B1C60029B1F60B0E6994243F804CC31
:10A27000D9D8A3689B4517DB61680198013100F0CC
:10A280000DF9814618B91A4B02468421C5E62269A8
:10A29000023204F10C0192000C30FEF7E6FE21467A
:10A2A000019800F03BF94C4623695A1C04EB8303E8
:10A2B000226101225A61BEE722695A450BDD012164
:10A2C0002046FFF79FFDD8F808300137BB42FFF664
:10A2D000E0AE0125C2E716F01F06FAD05344C6F1DE
:10A2E000200653F8040C00F0CBF9B042E7DBF0E7AE
:10A2F000B50B0208C2F10802920070B5C2F1200647
:10A300004368046803FA06F52C43D340046040F820
:10A31000043F8842F4D370BD30B50368013311F8AF
:10A32000014B14B90360012030BD13F8012BA2F1D9
:10A330004105192D98BF2032A242F0D00020F3E74A
:10A340002DE9F04F0B6801685E1102EB860613F0F1
:10A350001F0387B018BF04360025371F824690467A
:10A36000019346F8045CB9463C460295AB464A78F0
:10A370004B1C039342B3104605910492FFF794FDE2
:10A38000002851D1049A0599202A18D8029B9B4590
:10A3900013DD4C4506D2072D04DC2A4649462046EB
:10A3A000FFF7A8FF444552D90023A4F1040944F85B
:10A3B000043CCDF808B04C461D460399D7E7292A3E
:10A3C00057D10231CAF80010BBF1000F51D04C45F3
:10A3D00006D2072D04DC2A4649462046FFF78AFFAD
:10A3E000444536D9A8F10402234653F8041B42F829
:10A3F000041F9F42F9D23B1B23F0030304330134B3
:10A40000033EB44288BF04234344002243F8042B94
:10A410009F42FBD23B681BB9474528D101233B60D3
:10A42000052007B0BDE8F08F0135082D0BF1010BB9
:10A4300006DD4445C1D9002344F8043C0125043C11
:10A44000226800F00F0040EA02102060B5E70825FE
:10A45000B3E7019B002BDDD0C3F120034FF0FF32A7
:10A46000DA4056F8043C134046F8043CD2E7043F77
:10A47000D0E70420D5E782B001B901A942B14BB1C0
:10A4800013780B601278101E18BF012002B07047BD
:10A490001046FBE76FF00100F8E7000070B5C669F1
:10A4A00004460D4676B91020FCF74EFD0246E061E9
:10A4B00020B9184B18486B2101F056FAC0E9016623
:10A4C0000660C660E669F36883B1E369DB6853F848
:10A4D0002500B8B9012101FA05F6721D9200204647
:10A4E00001F060FA60B1C0E901560EE021220421BA
:10A4F000204601F057FAE369F060DB68002BE4D1F5
:10A50000002070BD026843F825200023C0E9033312
:10A51000F7E700BF460B0208260C020870B5C669B3
:10A5200005460C4676B91020FCF70EFD0246E861A0
:10A5300020B9094B09488F2101F016FAC0E90166DC
:10A540000660C6603CB1EB696268DB6853F82210B4
:10A55000216043F8224070BD460B0208260C020819
:10A560002DE9F0410D6907460C461E4601F1140C19
:10A570000020DCF8003099B202FB01611E0C0B0CCC
:10A5800002FB063389B2013001EB034185424CF8EE
:10A59000041B4FEA1346ECDC0EB3A368AB4219DC94
:10A5A000616838460131FFF779FF804628B90246D5
:10A5B0000C4B0D48BA2101F0D7F92269023204F19F
:10A5C0000C0192000C30FEF750FD21463846FFF793
:10A5D000A5FF444604EB850301355E6125612046F5
:10A5E000BDE8F081B50B0208260C02082DE9F843FE
:10A5F0000C4615461F4609220833064693FBF2F324
:10A60000002101229A4209DB3046FFF747FF40B99B
:10A610000246194B1948D32101F0A6F95200013125
:10A62000F0E7089B4361092D4FF00103036116DD3C
:10A6300004F10909C8462C4418F8013B0146303B97
:10A640000A223046FFF78CFFA045F5D1A5F108049A
:10A650004C442D1B6319BB4204DBBDE8F8830A346C
:10A660000925F6E714F8013B0146303B0A22304643
:10A67000FFF776FFEEE700BFB50B0208260C0208D5
:10A68000B0F5803F034636BF030400201020B3F12D
:10A69000807F3CBF1B020830B3F1805F3CBF1B01D1
:10A6A0000430B3F1804F3CBF9B000230002B05DB30
:10A6B00013F0804F00F1010008BF202070470368AD
:10A6C000024613F007000BD0D90721D4980749BFE1
:10A6D0005B089B08012013605CBF13600220704779
:10A6E00099B209B91B0C1020D9B209B908301B0A5C
:10A6F000190704BF1B090430990704BF9B080230E7
:10A70000D90703D45B0800F1010003D01360704740
:10A71000002070472020704710B50C460121FFF73C
:10A72000BDFE024628B9054B054840F2451101F02F
:10A730001BF901234461036110BD00BFB50B020882
:10A74000260C02082DE9F04F17460A693B699A4228
:10A75000A8BF3B468946A4BF0F4699463D69D9F834
:10A7600010A0BB68796805EB0A06B34285B0B8BF94
:10A770000131FFF793FE30B90246414B41484FF497
:10A78000B17101F0F1F800F1140404EB860E2346D8
:10A790000022734520D307F1140809F1140108EBD6
:10A7A000850501EB8A030293EB1B153B23F00303A2
:10A7B00004331537BD4238BF04230193029B039134
:10A7C0008B420CD8002E03DD5EF8043D002B55D0E3
:10A7D000066105B0BDE8F08F43F8042BD9E7B1F866
:10A7E00000A0BAF1000F1FD0C446A14600275CF8B4
:10A7F000042BD9F800301FFA82FB9BB20AFB0B3303
:10A800003B44D9F80070120C3F0C0AFB027202EBB9
:10A8100013429BB243EA0243654549F8043B4FEAC1
:10A820001247E4D8019BE750039BB3F80290043130
:10A83000B9F1000F20D023684746A4464FF0000A24
:10A84000B7F800B0BCF8022009FB0B2252449BB2BF
:10A8500043EA02434CF8043B57F8043B4FEA134ADF
:10A86000BCF8003009FB0A3303EB1243BD424FEA48
:10A87000134AE5D8019AA35004349FE7013EA1E7AB
:10A88000B50B0208260C02082DE9F843154612F014
:10A89000030207460E4607D0254C013A002354F820
:10A8A0002220FFF75DFE0646AD103DD0FC697CB965
:10A8B0001020FCF749FB0246F86128B91D4B1E48E1
:10A8C00040F2B31101F050F8C0E901440460C460E3
:10A8D000D7F81C80D8F808404CB940F271213846AE
:10A8E000FFF71AFF0023C8F80800044603604FF082
:10A8F0000009EB070AD5314622463846FFF722FF0A
:10A90000314680463846FFF709FE46466D100BD0AB
:10A91000206838B9224621463846FFF713FF2060E9
:10A92000C0F800900446E4E73046BDE8F88300BF75
:10A930003C0E0208460B0208260C02082DE9F047DF
:10A940000C464968236903EB6218A36807469146E1
:10A950004FEA621A08F10106B3420BDB3846FFF7F3
:10A960009DFD054648B90246284B29484FF4EF7132
:10A9700000F0FAFF01315B00EEE7002300F1140163
:10A9800000F110021846534533DB20692AEAEA7ABF
:10A9900004F1140319F01F0901EB8A0103EB800C89
:10A9A0002BD0C9F1200E8A460022186800FA09F05F
:10A9B00010434AF8040B53F8042B9C4522FA0EF27C
:10A9C000F3D8ACEB0403153B23F00303043304F189
:10A9D0001500604588BF0423CA500AB108F1020679
:10A9E000013E38462E612146FFF798FD2846BDE816
:10A9F000F08742F8040F0133C5E7043953F8042BFC
:10AA000041F8042F9C45F9D8EAE700BFB50B0208CE
:10AA1000260C02080A6903460069801A30B50ED177
:10AA20001433143103EB820401EB820154F8045D0A
:10AA300051F8042D954203D005D24FF0FF3030BDC0
:10AA4000A342F3D3FBE70120F9E700002DE9F74F1C
:10AA500089460646114648461446FFF7DBFF051EA9
:10AA600012D129463046FFF719FD024628B93F4B5F
:10AA700040F237213E4800F077FF0123C0E904355A
:10AA8000104603B0BDE8F08FBCBF4B46A146304630
:10AA9000D9F80410BABF1C4601250025FFF7FEFCBB
:10AAA000024618B9314B40F24521E3E7D9F810705E
:10AAB0002669C56009F1100309F1140504F1140EAB
:10AAC00000F1140B05EB87080EEB86060193D946BF
:10AAD0004FF0000C019B5EF8040B53F804AF019398
:10AAE0001FFA8AF3194683B2CB1A000C6344C0EBF9
:10AAF0001A4000EB23409BB243EA0043764549F8F5
:10AB0000043B4FEA204CE5D8331B153B23F00303ED
:10AB100015340433A64238BF04231D445B441E464B
:10AB20002C4644450ED308F10301491B21F00301D3
:10AB3000033DA84538BF00210B4453F8041D91B1D3
:10AB400017619DE754F8041BE646080C1CFA81FCCB
:10AB5000714400EB2C4089B241EA004146F8041BE5
:10AB60004FEA204CDDE7013FE7E700BFB50B0208E5
:10AB7000260C020882B08DED000B019A0F4B13409A
:10AB8000A3F15073002B08DC5B42B3F1A07F4FEAC6
:10AB9000235204DA4FF400231341002208E0A2F10B
:10ABA00014031E2BDABF4FF00042DA4001220023CB
:10ABB0001946104641EC100B02B070470000F07FC0
:10ABC0002DE9F041066900F1140808EB8606371FED
:10ABD00056F8042C1046FFF753FDC0F120030A2855
:10ABE0000B601B4915DCC0F10B0C22FA0CF3B845C5
:10ABF00043EA010534BF56F8083C0023153002FA39
:10AC000000F023FA0CF303431C4645EC104BBDE85F
:10AC1000F081B8453ABF56F8083CA6F10807002372
:10AC20000B3812D0C0F1200123FA01F482402243F4
:10AC3000474542F07F558CBF57F8042C00228340D3
:10AC4000CA4045F440151343DEE742EA0105DBE75D
:10AC50000000F03F2DE9F7430F46012159EC108B1E
:10AC60001646FFF71BFC044630B90246234B244826
:10AC700040F20F3100F078FEC9F30A55C9F313030F
:10AC80000DB143F480130193B8F1000323D068465B
:10AC90000093FFF714FDDDE90012D0B1C0F12003ED
:10ACA00002FA03F30B43C24063610192019BA3616B
:10ACB000002B0CBF012202222261A5B1A5F233456F
:10ACC00005443D60C0F135003060204603B0BDE86A
:10ACD000F0836161EAE701A8FFF7F1FC019B636182
:10ACE00020300122E8E704EB8203A0F23240386012
:10ACF0001869FFF7C5FCC0EB4210E5E7B50B020889
:10AD0000260C02082DE9F04F85B0CDE9001002A90C
:10AD1000FFF756FF009803A955EC104BFFF750FFC3
:10AD2000019B1969009B1B69C91ADDE902329B1A54
:10AD30005BEC10AB03EB4113002BCEBF2A46C3EBF9
:10AD400003335A462F46D946CCBF02EB035702EBDA
:10AD500003594B46524620463946E5F77FFD41EC04
:10AD6000100B05B0BDE8F08F013970B549111469B9
:10AD7000013102F1140300EB810103EB8404051F90
:10AD8000A3420CD3A31A113B23F003031132A242B6
:10AD900088BF002318440023884205D370BD53F8B0
:10ADA000046B45F8046FEBE740F8043BF4E700F16F
:10ADB000140200694B11984210B511DB0ADD11F045
:10ADC0001F0107D052F8234024FA01F000FA01F1E4
:10ADD0008C420BD102EB8303934203D8002010BDB9
:10ADE0000346F7E753F8041D0029F5D00120F6E7E4
:10ADF0000346084641B1FF2A04D98A221A604FF05F
:10AE0000FF3070470A70012070472DE9F0478E68C7
:10AE10001F46BE420B6882460C4690462DD8B1F9BB
:10AE20000C2012F4906F26D06569096905EB450581
:10AE3000A3EB010905EBD5757B1C4B446D109D42BE
:10AE400038BF1D46530527D52946FCF7A7F8064607
:10AE500060B321694A46FEF708F9A38923F4906399
:10AE600043F08003A381266165614E44A5EB09058B
:10AE70002660A5603E46BE4200D93E462068324666
:10AE8000414600F056FDA3689B1BA3602368334432
:10AE900023600020BDE8F0872A4600F097FD0646B3
:10AEA0000028E0D121695046FEF762FF0C23CAF862
:10AEB0000030A38943F04003A3814FF0FF30E9E75E
:10AEC0002DE9F04F98468B891B069DB007460D462D
:10AED000144610D50B6973B94021FCF75FF8286060
:10AEE000286130B90C233B604FF0FF301DB0BDE846
:10AEF000F08F40236B610023099320238DF82930C4
:10AF0000CDF80C803023DFF89C818DF82A304FF08B
:10AF1000010923469A4613F8012B0AB1252AF9D1D3
:10AF2000BAEB040B0BD05B46224629463846FFF7A6
:10AF30006CFF013000F0A780099A5A4409929AF8F0
:10AF40000030002B00F09F8000234FF0FF32CDE94E
:10AF500005230AF1010A049307938DF853301A93DD
:10AF60005446052214F8011B4E48E5F739F9049AB6
:10AF7000D8B9D00644BF20238DF85330110744BF01
:10AF80002B238DF853309AF800302A2B15D0079ACE
:10AF9000544600204FF00A0C214611F8013B303B8B
:10AFA000092B4BD9B0B1079214E0A0EB080309FAC2
:10AFB00003F313430493A246D2E7039B191D1B68B6
:10AFC0000391002BBBBF5B4242F002020793079341
:10AFD000B8BF049223782E2B0AD163782A2B32D162
:10AFE000039B1A1D1B68039243EAE3730234059323
:10AFF000DFF8C0A0217803225046E5F7F1F838B118
:10B00000049BA0EB0A0040228240134301340493C6
:10B0100014F8011B24488DF828100622E5F7E0F803
:10B02000002836D0214B1BBB039B073323F00703BB
:10B0300008330393099B334409936AE70CFB0232FC
:10B040000C460120A8E700230134059319464FF070
:10B050000A0C204610F8012B303A092A03D9002B9C
:10B06000C6D00591C4E70CFB012104460123F0E79B
:10B0700003AB00932A460E4B04A93846FCF754FF55
:10B08000421C0646D6D1AB895B063FF52DAF099829
:10B090002CE703AB00932A46054B04A93846FDF77D
:10B0A000DBF9EDE77F0C0208890C0208297F010813
:10B0B0000BAE0108850C020838B54B1C144603D1B1
:10B0C0004FF0FF35284638BD938923F02003938144
:10B0D000636B5268CDB28BB1A36B934208DD2368DA
:10B0E0005A1E226003F8015C636801336360E9E77C
:10B0F000214600F0E4FB0028F1D0E1E72169236854
:10B1000051B1994208D213F8011CA94204D1013B64
:10B11000013223606260D5E7C4E90F3204F14403D1
:10B1200063630323A363234603F8465F236001237D
:10B13000DCE710B50C46496B69B104F14403994250
:10B1400001D0FEF715FE236C63600020606313B12D
:10B15000E36B236010BD2369236000236360A38930
:10B1600043F02003A3814FF0FF30F3E72DE9F04FC8
:10B170000C46ADF5237D0021CDE94411A649A091EF
:10B180000DF10408A549A64FCDF818810646A191F6
:10B19000009392F80090B9F1000F00F0588117F871
:10B1A000093013F0080302F1010519D06368002B80
:10B1B0000FDD23681A78BA5C120701D42A46E8E743
:10B1C000459A0132459262680133013A6260236018
:10B1D000ECE7A19B2146304698470028E9D0EDE7EF
:10B1E000B9F1250F40F085804193439353782A2B82
:10B1F00002BF1023951C41930A22AA461AF8011B8C
:10B20000A1F13003092B1ED9DFF818B203225846EA
:10B21000E4F7E6FF38B1419AA0EB0B00012383402D
:10B2200013434193554615F8013B782B06D8572B0D
:10B2300010D8252B5DD057D8002B75D0032347930A
:10B240000A23429388E0439B02FB03113039439168
:10B250005546D2E7A3F15802202AEFD801A151F8B0
:10B2600022F000BF37B301083DB201083DB201082A
:10B2700091B301083DB201083DB201083DB2010899
:10B280003DB201083DB201083DB201083DB20108DE
:10B29000A7B301088DB30108EFB20108EFB20108AE
:10B2A000EFB201083DB2010849B301083DB20108FF
:10B2B0003DB201083DB201083DB20108B7B3010833
:10B2C00051B301082FB301083DB201083DB2010896
:10B2D000B3B301083DB201088DB301083DB20108C6
:10B2E0003DB2010837B30108453B022BA6D8052320
:10B2F00031E06368002B0DDD23681A784A4540F081
:10B30000A680013362682360459B013A0133626085
:10B31000459353E7A19B2146304698470028EBD040
:10B320004498002840F08B804FF0FF308BE0419A2A
:10B3300042F020024192419A42F40072419210225E
:10B340006E2B429202D905E000234293032302E0D0
:10B3500008234293042347936368002B39DD419B04
:10B36000590604D423681A78BA5C120738D4479B6C
:10B37000022B47DC6B46224641A9304600F06CF8B0
:10B38000012864D002287FF419AFC9E70A22D7E761
:10B390002946404600F05AFA419B43F0400341934E
:10B3A00005460123D7E7419B43F040034193002327
:10B3B000D1E70223CFE74198C3063FF5FFAE009BDC
:10B3C000459A191D00911B68C0074CBF1A801A606E
:10B3D000F4E6A19B2146304698470028BFD09FE75E
:10B3E000459A013245926268013A002A626002DDA4
:10B3F00001332360B6E7A19B2146304698470028D9
:10B40000B0D08DE7042B0FDC6B46224641A93046B5
:10B4100000F07CF8B4E700BFB9B0010833B101080F
:10B42000390D0208850C02080A4B002B3FF4C6AE0A
:10B430006B46224641A93046FDF72CF9A0E7A389C7
:10B440005B063FF571AF0DF5237DBDE8F08F4498A5
:10B45000F9E700BF958601082DE9F84315468A688B
:10B4600080460C4632B98A69002A14BF4FF0FF3279
:10B4700001228A602268DFF89090D1065FBF1A68C7
:10B48000111D196016680027A06988B1012807D12D
:10B490002B681A7863699B5C53B9002F31D022E086
:10B4A000022820D12B681B7819F803301B071AD407
:10B4B0002368DA065EBF2B681B7806F8013B2A6812
:10B4C0006B6801322A60A268013B013A6B60013768
:10B4D000A26042B1002BD7DCD4F880312946404627
:10B4E00098470028D0D0236813F0100305D1E268F4
:10B4F0000132E260A26902B1337023693B442361E7
:10B500000020BDE8F88300BF390D02082DE9F04F97
:10B510009846744B0C468246164693E8070087B05F
:10B5200003AB83E80700704BA169704A032908BF89
:10B530001A46A36801925A1EB2F5AE7F88BF6FF417
:10B54000AE75274682BF03EB050940F25D13A36089
:10B5500057F81C3B43F4506398BF4FF00009236039
:10B560003D464FF0000B316803AB097853F82B00D0
:10B570000222E4F735FE28B3BBF1010F59D162680E
:10B580002AB92268082142F40072616022602268B0
:10B5900022F4A0622260A268511EA16092B13268BA
:10B5A000511C3160127805F8012B7268013A002AAB
:10B5B000726007DCD4F8802131465046904700285D
:10B5C00040F085800BF1010BBBF1030FCBD1636819
:10B5D0000BB90A236360636845496069C91A00F0C2
:10B5E00035F94FF0000BA3682268002B3DD031687D
:10B5F000606991F800C010F80C00002835D0BCF14B
:10B60000300F24D1100522D50BF1010BB9F1000F39
:10B6100003D0013309F1FF39A3607368013B002BAC
:10B6200073601BDD336801333360A368013BA360A3
:10B63000D9E7BBF1020FAED1226802F4C061B1F5C7
:10B64000007FC4D11021616042F48072A2E722F42D
:10B65000106222600B7805F8013BDEE7D4F88031F8
:10B660003146504698470028DFD02368D9050DD5CC
:10B67000BD4209D915F8011CD4F87C313246504638
:10B68000984705F1FF394D46BD4228D0226812F097
:10B69000100213D12A706368019E39465046B047A4
:10B6A000D8F8003021681A1DC8F8002011F0200FCA
:10B6B0001B680FD01860E3680133E3602369ED1B5A
:10B6C0005D442B442361002007B0BDE8F08F4FF0AC
:10B6D000000BCAE7CA074CBF18801860EBE70120CF
:10B6E000F2E700BF4C000208D17D010805BB01084C
:10B6F000A00C0208B1F90C202DE9F041160705460F
:10B700000C4654D44B68002B02DC0B6C002B48DD3C
:10B71000E66A002E45D0002312F480522F68216A79
:10B720002B6030D0626DA389590705D56368D21AA2
:10B73000636B0BB1236CD21A0023E66A216A284698
:10B74000B047431CA38906D129681D292BD82A4A52
:10B75000CA40D60727D500226260D9042269226038
:10B7600004D5421C01D12B6803B96065616B2F6061
:10B77000B9B104F14403994202D02846FEF7F8FA21
:10B78000002363630DE001232846B0470246501CA6
:10B79000C9D12B68002BC6D01D2B01D0162B1ED172
:10B7A0002F60002022E043F040031BB21BE00F6932
:10B7B000002FF6D093070E6808BF4B690F6018BFC3
:10B7C0000023A6EB07088B60B8F1000FE9DD216AC2
:10B7D000A66A43463A462846B047002808DCB4F932
:10B7E0000C3043F04003A3814FF0FF30BDE8F081FF
:10B7F0000744A8EB0008E7E70100402038B50B69D3
:10B8000005460C4613B90025284638BD18B1036A11
:10B810000BB9FDF7D9F9B4F90C30002BF3D0626EF7
:10B82000D00704D4990502D4A06DFDF71CFC28466E
:10B830002146FFF75FFF636EDA070546E4D4A3896C
:10B840009B05E1D4A06DFDF70FFCDDE770B50B782B
:10B8500004465E2B0BBF4B784A1C8A1C002108BF94
:10B860000121013804F1FF0500F8011FA842FBD1B6
:10B870000BB9501E70BD81F00101E1541046024623
:10B8800012F8015B2D2D05D05D2D16D0002DF1D0C5
:10B890002B46F2E746785D2EFAD0B342F8DC023050
:10B8A0001A4601329642A154FBDCF21A013A5D1CA1
:10B8B000B342A8BF0022AB18E1E71046DAE72DE952
:10B8C000F0410C46496B04F1440399421DD14FF4F9
:10B8D0008061FBF763FB18B94FF0FF30BDE8F081E2
:10B8E0004FF48063A36394F84630606380F8FF33BD
:10B8F00094F8453080F8FE3394F8443080F8FD33F6
:10B9000000F2FD3020600020E8E7A66B77003A46A1
:10B9100000F05CF805460028DED000EB0608014682
:10B9200032464046FDF7A1FBC4E90D57C4F800803C
:10B93000E9E7884210B501EB020402D984422346AC
:10B9400007D8431EA14208D011F8012B03F8012F9C
:10B95000F8E7024401468A4200D110BD13F8014DB8
:10B9600002F8014DF7E700001FB514461A46094BCF
:10B970001B680546D8684CB1074B0091CDE90134EE
:10B9800006492B4600F0C0F800F0D0F8044B1C46E6
:10B99000F3E700BF40020020AB0C0208B80C02081D
:10B9A000E60C020870B5A1FB025434B92946FBF736
:10B9B000F5FA064628B9304670BD0C220260002612
:10B9C000F9E72A462146FDF73BFAF4E72DE9F04175
:10B9D000074614460D4621B9BDE8F0411146FBF774
:10B9E000DDBA2AB9FEF7C4F925462846BDE8F0813C
:10B9F00000F0A3F88442064602D8B4EB500FF4D806
:10BA000021463846FBF7CAFA804608B94546ECE7B6
:10BA1000B4422246294628BF3246FDF726FB294676
:10BA20003846FEF7A5F9F1E72DE9F043344E864696
:10BA30000D46284615F8014B375D17F00807F8D179
:10BA40002D2C10D12C780127851C33F0100015D136
:10BA5000302C0DD1287800F0DF00582808D16C7800
:10BA6000023510230AE02B2C04BF2C78851CECE750
:10BA7000002BF6D1302C14BF0A2308234FF0FF38D7
:10BA80000026B8FBF3F803FB08F96FEA0909304612
:10BA9000A4F1300CBCF1090F10D86446A3421EDD9E
:10BAA000B6F1FF3F07D0804516D301D1A14513DB86
:10BAB00000FB0340012615F8014BE9E7A4F1410C16
:10BAC000BCF1190F01D8373CE8E7A4F1610CBCF1D7
:10BAD000190F04D8573CE1E74FF0FF36EBE7731C32
:10BAE00006D12223CEF80030304632B9BDE8F083CB
:10BAF00007B14042002AF9D006B1691E1160F5E78E
:10BB0000390D0208FFF790BF0EB403B5014603AB31
:10BB1000054853F8042B0068019300F03FF802B089
:10BB20005DF804EB03B070474002002008B5062022
:10BB300000F008FA0120EEF793FB51F8043C181FBF
:10BB4000002BBCBF0B58C01870479368013B002BFB
:10BB500010B4936008DA9469A34201DB0A2903D187
:10BB60005DF8044B00F032B91368581C106019706E
:10BB700008465DF8044B7047F8B506460F46144674
:10BB8000D518AC4201D1002007E014F8011B3A4659
:10BB90003046FFF7DAFF431CF3D1F8BD2DE9F04F33
:10BBA0000D469DB014469846064618B1036A0BB977
:10BBB000FDF70AF86B6ED90705D4AB899A0502D454
:10BBC000A86DFDF750FAAB891B0701D52B699BB90E
:10BBD0002946304600F038F970B16B6EDC0704D5A9
:10BBE0004FF0FF301DB0BDE8F08FAB899805F7D45A
:10BBF000A86DFDF739FAF3E70023099320238DF8A8
:10BC00002930CDF80C803023DFF8AC818DF82A3054
:10BC10004FF0010923469A4613F8012B0AB1252A51
:10BC2000F9D1BAEB040B0BD05B46224629463046CD
:10BC3000FFF7A2FF013000F0A780099A5A44099249
:10BC40009AF80030002B00F09F8000234FF0FF3265
:10BC5000CDE905230AF1010A049307938DF85330C7
:10BC60001A935446052214F8011B5348E4F7B8FA16
:10BC7000049AD8B9D10644BF20238DF85330130756
:10BC800044BF2B238DF853309AF800302A2B15D05F
:10BC9000079A544600204FF00A0C214611F8013B48
:10BCA000303B092B4BD9B0B1079214E0A0EB08034D
:10BCB00009FA03F313430493A246D2E7039B191D29
:10BCC0001B680391002BBBBF5B4242F0020207934B
:10BCD0000793B8BF049223782E2B0AD163782A2BBE
:10BCE00032D1039B1A1D1B68039243EAE3730234AB
:10BCF0000593DFF8D4A0217803225046E4F770FAC8
:10BD000038B1049BA0EB0A00402282401343013467
:10BD1000049314F8011B29488DF828100622E4F733
:10BD20005FFA00283FD0264B1BBB039B073323F051
:10BD3000070308330393099B3B4409936AE70CFB11
:10BD400002320C460120A8E700230134059319466E
:10BD50004FF00A0C204610F8012B303A092A03D97B
:10BD6000002BC6D00591C4E70CFB0121044601233A
:10BD7000F0E703AB00932A46124B04A93046FCF7C8
:10BD8000D3F80746781CD6D16B6ED90705D4AB899A
:10BD90009A0502D4A86DFDF767F9AB895B063FF5FC
:10BDA0001FAF09981EE703AB00932A46054B04A971
:10BDB0003046FCF751FBE4E77F0C0208890C0208CF
:10BDC000297F010879BB0108850C0208F8B50E46E9
:10BDD0001446054618B1036A0BB9FCF7F5FEA369D2
:10BDE000A360A3891A0701D5236943B921462846D0
:10BDF00000F02AF818B14FF0FF373846F8BD236835
:10BE00002269981A6369F6B28342374605DC2146F7
:10BE10002846FFF7F3FC0028EDD1A368013BA3609F
:10BE200023685A1C22601E706269431C9A4204D027
:10BE3000A389DB07E1D50A2EDFD121462846FFF78B
:10BE4000DDFC0028D9D0D6E738B5294B054618685F
:10BE50000C4618B1036A0BB9FCF7B6FEB4F90C3006
:10BE6000190722D4DA0607D409222A6043F04003D6
:10BE7000A3814FF0FF3033E0580712D5616B41B119
:10BE800004F14403994202D02846FDF771FF0023D4
:10BE90006363A38923F02403A381002363602369E0
:10BEA0002360A38943F00803A38123694BB9A389C5
:10BEB00003F42073B3F5007F03D02146284600F039
:10BEC00083F8B4F90C3013F001020AD00022A2600A
:10BED00062695242A261226942B913F08000C5D161
:10BEE00038BD990758BF6269A260F4E70020F7E700
:10BEF000400200201F2938B505460C4604D91623F8
:10BF000003604FF0FF3038BDC26B12B152F82130E0
:10BF10004BB9284600F030F8224601462846BDE8D5
:10BF2000384000F017B8012B0AD0591C03D1162352
:10BF300003600120E7E7002142F8241020469847DB
:10BF40000020E0E7024B01461868FFF7D3BF00BFAF
:10BF50004002002038B5074D00230446084611462C
:10BF60002B60EEF76DF9431C02D12B6803B12360FF
:10BF700038BD00BF44FA0020EEF75AB970B50C4640
:10BF8000B1F90E10002996B015461E460DDAA389A8
:10BF900013F0800F4FF0000114BF40234FF4806373
:10BFA000002031602B6016B070BD6A4600F048F882
:10BFB0000028ECDB019901F47041A1F500535942CE
:10BFC00059414FF48063EBE78B89F7B59D0706462F
:10BFD0000C4607D504F14703236023610123636105
:10BFE00003B0F0BD01AB6A46FFF7C8FF009F0546EE
:10BFF00039463046FAF7D2FF48B9B4F90C309A0501
:10C00000EED423F0030343F00203A381E2E7A38904
:10C01000206043F08003A381019BC4E904075BB166
:10C02000B4F90E10304600F01DF828B1A38923F0B2
:10C03000030343F00103A381A3891D43A581CFE737
:10C0400038B5074D00230446084611462B60EEF72D
:10C0500057F9431C02D12B6803B1236038BD00BFE0
:10C0600044FA002038B5064D0023044608462B60EC
:10C07000EEF756F9431C02D12B6803B1236038BD9B
:10C0800044FA002001F050B808B52DED068BB0EE53
:10C0900040AAF0EE60AAB0EE419AF0EE619A01F08B
:10C0A00009F9B0EE408AF0EE608A00F0C3FB98B95F
:10C0B000B0EE4A0AF0EE6A0A00F0BCFB60B1B0EEE6
:10C0C000490AF0EE690A00F0B5FB28B1FCF7A0FFC1
:10C0D0009FED058B22230360B0EE480AF0EE680A5C
:10C0E000BDEC068B08BD00BF000000000000F07F23
:10C0F00038B52DED028B55EC114B01F0EDFB2246CE
:10C100002B4620462946B0EE408AF0EE608AE4F7DE
:10C1100015FD90B90022002320462946E4F7DCFCF7
:10C1200058B1FCF775FF212303600022002310465D
:10C130001946E4F793FB41EC180BB0EE480AF0EE19
:10C14000680ABDEC028B38BD38B52DED028B55EC7D
:10C15000104B00F08BFD22462B4620462946B0EEC0
:10C16000408AF0EE608AE4F7E9FC90B900220023EF
:10C1700020462946E4F7BAFC58B1FCF749FF2123D1
:10C1800003600022002310461946E4F767FB41ECE8
:10C19000180BB0EE480AF0EE680ABDEC028B38BD11
:10C1A0002DE9F84F55EC104BBF4B25F000469E4251
:10C1B000AB4618D9BD4B9E4201D809D144B12246A5
:10C1C0002B4620462946E4F769F804460D4606E06A
:10C1D000BBF1000F40F32B8197A5D5E9004545EC55
:10C1E000104BBDE8F88FB24B9E4213D8A3F1DE731B
:10C1F0009E420CD892A3D3E9002320462946E4F7B7
:10C200004DF8AC4B0022E4F78FFC0028E7D14FF04B
:10C21000FF3A29E000F0B0F9A74B9E4255EC104BD5
:10C2200000F2BC80A3F550239E4200F29E8022467D
:10C230002B4620462946E4F731F89E4B0022E4F7CE
:10C240002BF8002206460F464FF080432046294631
:10C25000E4F724F802460B4630463946E4F7FEFA86
:10C260004FF0000A04460D4622462B46204629463A
:10C27000E4F7CAF902460B4680468946E4F7C4F95A
:10C2800071A3D3E9002306460F46E4F7BDF970A376
:10C29000D3E90023E4F702F832463B46E4F7B4F969
:10C2A0006DA3D3E90023E3F7F9FF32463B46E4F7F9
:10C2B000ABF96BA3D3E90023E3F7F0FF32463B462B
:10C2C000E4F7A2F968A3D3E90023E3F7E7FF3246D6
:10C2D0003B46E4F799F966A3D3E90023E3F7DEFFD1
:10C2E00042464B46E4F790F963A3D3E90023804626
:10C2F000894630463946E4F787F961A3D3E900233C
:10C30000E3F7CAFF32463B46E4F77EF95EA3D3E982
:10C310000023E3F7C1FF32463B46E4F775F95CA31F
:10C32000D3E90023E3F7B8FF32463B46E4F76CF964
:10C3300059A3D3E90023E3F7AFFF32463B46E4F7C6
:10C3400063F902460B4640464946E3F7A7FF2246FB
:10C350002B46E4F759F9BAF1FF3F02460B4648D1A4
:10C3600020462946E3F798FF2FE7524B002220464C
:10C370002946E3F791FF4F4B06460F460022204621
:10C380002946E3F78BFF02460B4630463946E4F771
:10C3900065FA4FF0010A04460D4665E7474B9E4299
:10C3A0001CD2474B002220462946E3F775FF444B39
:10C3B00006460F46002220462946E4F725F93D4B64
:10C3C0000022E3F76BFF02460B4630463946E4F79E
:10C3D00045FA4FF0020A04460D4645E722462B4631
:10C3E00038490020E4F73AFA4FF0030A04460D46B4
:10C3F0003AE7354B354E03EBCA03D3E90023E3F7A5
:10C400004BFF22462B46E3F747FF06EBCA060246E0
:10C410000B46D6E90001E3F73FFFBBF1000F0446EE
:10C420000D46BFF6DCAE01F100431D46D7E61CA564
:10C43000D5E90045D3E600BF182D4454FB21F93F50
:10C440009C7500883CE4377E11DA22E33AAD903FD8
:10C45000EB0D76244B7BA93F513DD0A0660DB13F3B
:10C460006E204CC5CD45B73FFF8300922449C23FA3
:10C470000D5555555555D53F2F6C6A2C44B4A2BF68
:10C480009AFDDE522DDEAD3F6D9A74AFF2B0B33F30
:10C49000711623FEC671BC3FC4EB98999999C93FA8
:10C4A000182D4454FB21F9BFFFFF0F440000F07F1B
:10C4B000FFFFDB3F0000F03FFFFFF23F0080034043
:10C4C0000000F83F0000F0BF380F0208580F0208C4
:10C4D0001FB553EC102B264823F00041814206D8AB
:10C4E0009FED211B05B05DF804EB00F099BC2148DD
:10C4F000814208D910461946E3F7CEFE41EC100BF5
:10C5000005B05DF804FB684600F0EAFF00F00300A8
:10C5100001280BD0022815D0D8B99DED021B9DED46
:10C52000000B00F07DFC51EC100BE7E79DED021BCA
:10C530009DED000B00F03CFD53EC102B104603F179
:10C540000041DBE79DED021B9DED000B00F068FC58
:10C55000F2E79DED021B9DED000B012000F028FD90
:10C56000E1E700BFAFF30080000000000000000022
:10C57000FB21E93FFFFFEF7F51EC100B024621F05A
:10C58000004343EC102B70471FB553EC102B26488B
:10C5900023F00041814207D89FED211B002005B008
:10C5A0005DF804EB00F004BD2048814208D9104634
:10C5B0001946E3F771FE41EC100B05B05DF804FB82
:10C5C000684600F08DFF00F0030001280CD002281F
:10C5D00011D0E8B99DED021B9DED000B012000F08C
:10C5E000E7FC51EC100BE6E79DED021B9DED000B07
:10C5F00000F016FCF5E79DED021B9DED000B012000
:10C6000000F0D6FC53EC102B104603F10041D2E7AA
:10C610009DED021B9DED000B00F002FCF2E700BF58
:10C620000000000000000000FB21E93FFFFFEF7F5A
:10C6300001F0A0BA08B52DED048BB0EE608AB0EE23
:10C64000409A01F037FBB4EE488AF1EE10FAF0EEB2
:10C65000408A3ED6B5EE409AF1EE10FA12D1B5EE10
:10C66000408AF1EE10FA39D0B0EE480A00F0BAFA7A
:10C6700078B3B5EEC08AF1EE10FA2AD5FCF7C8FC03
:10C68000222314E000F0AEFA98B9B0EE490A00F0A7
:10C69000A9FA70B1B0EE480A00F0A4FA48B1F4EE7D
:10C6A000688AF1EE10FAE9D7FCF7B2FC21230360A7
:10C6B0000FE0F5EE408AF1EE10FA0AD1B0EE490A29
:10C6C00000F090FA28B1B0EE480A00F08BFA00288A
:10C6D000D4D1B0EE680ABDEC048B08BDF7EE008A39
:10C6E000F7E7000008B52DED028BB0EE408A00F0B0
:10C6F00093FBB4EE488AF1EE10FA0CD6DFED078A10
:10C70000B4EEE88AF1EE10FA05D5FCF781FC88EE6C
:10C71000A80A21230360BDEC028B08BD00000000C5
:10C7200010EE103A07B51E4A23F00043934206D894
:10C73000DFED1C0A03B05DF804EB01F07BB9B3F147
:10C74000FF4F04D330EE400A03B05DF804FB6846A7
:10C7500001F07EFD00F00300012809D0022810D06E
:10C76000B0B9DDED010A9DED000A01F063F9EBE7D8
:10C77000DDED010A9DED000A01F0B4F9B1EE400AC9
:10C78000E2E7DDED010A9DED000A01F053F9F5E75E
:10C79000DDED010A9DED000A012001F0A3F9D3E7C8
:10C7A000D80F493F0000000010EE103A07B51F4AAD
:10C7B00023F00043934207D8DFED1D0A002003B0A9
:10C7C0005DF804EB01F08EB9B3F1FF4F04D330EE06
:10C7D000400A03B05DF804FB684601F039FD00F043
:10C7E000030001280AD002280FD0C0B9DDED010AEC
:10C7F0009DED000A012001F075F9EAE7DDED010A7F
:10C800009DED000A01F016F9E3E7DDED010A9DED6B
:10C81000000A012001F066F9B1EE400AD9E7DDED2A
:10C82000010A9DED000A01F005F9F5E7D80F493F2F
:10C830000000000082B08DED000B019840F0004038
:10C8400000F58010C00F02B0704708B52DED048BC5
:10C85000B0EE408AF0EE608AB0EE419AF0EE619A56
:10C8600000F01EF850B9B0EE498AF0EE698AB0EED9
:10C87000480AF0EE680ABDEC048B08BDB0EE490A28
:10C88000F0EE690A00F00CF80028F0D053EC192BF8
:10C8900051EC180BE4F748F90028E4D0E7E7000072
:10C8A00051EC100B0B4631F0004110B504D10028BB
:10C8B0000CBF0220032010BD094AA1F58014944248
:10C8C00008D9084A134207D0914207D1B0FA80F044
:10C8D0004009F0E70420EEE70320ECE70020EAE758
:10C8E000FFFFDF7F0000F07F2DE9F74F59EC118B40
:10C8F00055EC104B29F0004757EA080200902B46F0
:10C9000049464046464605F0004B0CD0AE4A25F05D
:10C91000004C944507D84242DFF8C4E2024347EA9C
:10C92000D272724511D9009A002313602046424604
:10C930004B462946E3F768FE02460B46E3F78EFFB7
:10C9400041EC100B03B0BDE8F08F83EA0902BC454F
:10C950006546019213DCC0F223814445C0F020817A
:10C960000DD1002A1346ACBF01234FF0FF33009ACC
:10C970001360964B03EB1B7393ED000BE2E7DFF8BC
:10C9800060E213EA0E0F4AD1BCF1000F3FD1904D87
:10C990002246002A38DC11EA0E0F53D1002F47D16E
:10C9A0008B4A8646BEF1000F3EDCDFF828E2754573
:10C9B0004CDBC3F3130343F48013DFF818C2624562
:10C9C0005ADBC1F3130141F48011AD1A4FF0000A94
:10C9D000013DB5F1FF3FA3EB0100A4EB06075ED1DB
:10C9E000B44238BF00F1FF300028A2BF3C460346E6
:10C9F0000AF1010A53EA04016AD1019A2AF00043BC
:10CA0000002AB8BF5B42B2E7013D5200C1E7714D59
:10CA10004FEACC22002ABEDD013D5200FAE74FEA80
:10CA20002C55A5F2FF35B6E7013A4FEA4E0EB9E7AD
:10CA3000684A4FEAC72EBEF1000FB6DD013A4FEA51
:10CA40004E0EF8E73A15A2F2FF32AEE7AEEB050E56
:10CA5000BEF11F0F0ADC05F21E4324FA03F30CFAA1
:10CA60000EFC43EA0C0304FA0EF4A6E75A4B5B1BD8
:10CA700004FA03F30024A0E7ACEB02061F2E08DC47
:10CA800002F21E41B74020FA01F1394300FA06F6DE
:10CA90009BE75149891A00FA01F1002695E7B44253
:10CAA00038BF00F1FF300028B3BFE00FFB0F0AF1E1
:10CAB000010A00EB4303B2BF640003EB40037C00B8
:10CAC0004FEA4A0A84E7E10F01EB43036400013AAD
:10CAD000B3F5801FF7DB3F4DAA4240DBA3F580137F
:10CAE00002F2FF3543EA055529F0004700224FF4D2
:10CAF0000013404639464646E3F7F8FF002852D077
:10CB000022462B4620462946E3F7C8FB32463B46E1
:10CB100080468946E4F708F848B932463B46404625
:10CB20004946E3F7D9FF60B11AF0010F09D020465A
:10CB3000294632463B46E3F7AFFB0AF1010A0446B9
:10CB40000D4622468BEA050343EC102B019A2AF08E
:10CB50000043002A009AB8BF5B421360F2E6AD1AA8
:10CB6000142D08DC02F21E42EC4003FA02F21443D8
:10CB700043FA05F5B8E71F2D08DC24FA05F502F2A3
:10CB80001E4403FA04F42C435D46ADE7C2F17F4234
:10CB900002F57F0202F57B42E23243FA02F4F3E748
:10CBA0004FF0000AA0E70D4B002240463946E3F75C
:10CBB0002BFD22462B4680468946E3F797FF002847
:10CBC000B5D122462B46AAE7FFFFEF7F780F020878
:10CBD000EDFBFFFF02FCFFFFE2FBFFFF0000E03F79
:10CBE0000000F07F10EE103A23F00040B0F1FF4F4C
:10CBF000ACBF00200120704708B52DED028BB0EED0
:10CC0000408AF0EE608A00F015F830B9B0EE688A1C
:10CC1000B0EE480ABDEC028B08BDB0EE680A00F029
:10CC200009F80028F4D0B4EEE88AF1EE10FAEDDD50
:10CC3000EEE7000010EE103A33F000400DD0A0F502
:10CC40000003B3F1FE4F0AD3074B421E9A4208D9A4
:10CC5000A0F1FF435842584170470220704704201A
:10CC600070470320704700BFFEFF7F002DE9F84F9B
:10CC7000664A55EC104BAA432B46214610D122465A
:10CC800020462946E3F7C0FC02460B4620462946CB
:10CC9000E3F704FB04460D4645EC104BBDE8F88F66
:10CCA000002D0EDC25F000422243F5D09DB1224636
:10CCB00020462946E3F7F0FA02460B46E3F7CEFD9D
:10CCC000E8E72A1515D1002009E0CB0A153A4905F5
:10CCD000002BFAD0F7E72A46FAE75B000130DC02C6
:10CCE000FBD5441E121BC0F1200421FA04F4234397
:10CCF0008140C3F31303A2F2FF3743F48013D2073A
:10CD00005CBF5B0003EBD1734FEA430358BF49009C
:10CD1000002603EBD1737F104900162032464FF4F2
:10CD2000001415199D42DEBF2A195B1B3619CD0F61
:10CD3000013805EB43034FEA41014FEA5404F0D1B7
:10CD4000054620244FF0004C93420CEB000E02DC11
:10CD500013D18E4511D8BEF1000F0EEB0C003FDA57
:10CD600000283DDB02F101089B1A8E4588BF03F1C4
:10CD7000FF33A1EB0E01654442464FEAD17E013CF0
:10CD80000EEB43034FEA41014FEA5C0CDCD119433F
:10CD90001BD0DFF87CA0DFF87CB0DAE90001DBE92A
:10CDA0000023E3F779FADAE9008902460B464046A8
:10CDB0004946E3F7A5FE40B1B5F1FF3FDAE90001CE
:10CDC000DBE900230ED101362546731003F17F53B2
:10CDD00003F5001303EB07516B0843EAC67059E7EC
:10CDE0009046C1E7E3F75AFADAE9008902460B46B2
:10CDF00040464946E3F77AFE20B1AB1C08BF013636
:10CE00000235E2E76B1C23F00105DEE70000F07F4E
:10CE1000900F0208880F0208B1EEC00A70470000A8
:10CE20002DE9F74F57EC106B27F00048B8F1795F08
:10CE30008DED001B06D230463946E3F795FE0028FB
:10CE400000F0888032463B4630463946E3F7DCFB4B
:10CE5000514B002204460D46E3F7D6FB40A3D3E92D
:10CE6000002382468B4620462946E3F7CDFB3EA3AE
:10CE7000D3E90023E3F712FA22462B46E3F7C4FB7B
:10CE80003BA3D3E90023E3F707FA22462B46E3F757
:10CE9000BBFB39A3D3E90023E3F700FA22462B4674
:10CEA000E3F7B2FB36A3D3E90023E3F7F5F9224613
:10CEB0002B46E3F7A9FB34A3D3E90023E3F7EEF90C
:10CEC00022462B46E3F7A0FB22462B46E3F79CFBCA
:10CED000DDE9002304460D4630463946E3F794FB6E
:10CEE0000B46024629462046E3F7D6F92B4B9845D8
:10CEF00006460F4610D802460B4650465946E3F701
:10CF0000CBF90B46264902460020E3F7C5F941EC70
:10CF1000100B03B0BDE8F08F224B214998458CBF20
:10CF2000214DA8F50015002422462B460020E3F7EA
:10CF3000B3F92246804689462B4650465946E3F7C8
:10CF4000ABF932463B46E3F7A7F902460B464046AB
:10CF50004946DAE79FED0E0BDBE700BFAFF3008039
:10CF6000D43888BEE9FAA8BDC4B1B4BD9EEE213E56
:10CF7000AD529C804F7E923E9015CB19A001FA3E97
:10CF80007751C1166CC1563F4C5555555555A53F67
:10CF9000000000000000F03F0000E03F3233D33FCC
:10CFA0000000F03F0000E93F0000D23F0000000019
:10CFB0002DE9F04F55EC104B25F0004385B0B3F14F
:10CFC000795F8DED021B804605D220462946E3F7A6
:10CFD000CBFD002852D022462B4620462946E3F7B7
:10CFE00013FB82468B4602460B4620462946E3F752
:10CFF0000BFB42A3D3E90023CDE90001504659467B
:10D00000E3F702FB3FA3D3E90023E3F745F95246D8
:10D010005B46E3F7F9FA3DA3D3E90023E3F73EF9D2
:10D0200052465B46E3F7F0FA3AA3D3E90023E3F76D
:10D0300033F952465B46E3F7E7FA38A3D3E9002316
:10D04000E3F72CF906460F46B8F1000F1BD1024654
:10D050000B4650465946E3F7D7FA25A3D3E90023F8
:10D06000E3F71AF9DDE90023E3F7CEFA02460B46AF
:10D0700020462946E3F712F904460D4645EC104BCD
:10D0800005B0BDE8F08FDDE902011B4B0022E3F79C
:10D09000BBFA3246804689463B46DDE90001E3F7AC
:10D0A000B3FA02460B4640464946E3F7F5F85246C6
:10D0B0005B46E3F7A9FADDE90223E3F7EDF80CA3F9
:10D0C000D3E9002306460F46DDE90001E3F79CFAA9
:10D0D00002460B4630463946E3F7E0F802460B4677
:10D0E00020462946E3F7D8F8C6E700BFAFF3008033
:10D0F000495555555555C53F0000E03F7CD5CF5AA1
:10D100003AD9E53DEB9C2B8AE6E55A3E7DFEB157C8
:10D11000E31DC73ED561C119A0012A3FA6F8101131
:10D120001111813F000000002DE9F84357EC116B0D
:10D130007342DFF87C8127F00042334342EAD37325
:10D14000434551EC100B354609D8444221F00043C9
:10D15000044343EAD47444458E46814607D9324697
:10D160003B46E3F79BF841EC100BBDE8F88307F171
:10D17000404404F58014344303D1BDE8F843FFF77D
:10D180000FB8BC1704F0020453EA090944EAD17449
:10D1900007D1022C5FD0032CE5D143A1D1E90001D6
:10D1A000E1E7154306D1BEF1000F5FDB36A1D1E9FF
:10D1B0000001D8E742450FD1934204F1FF3407D173
:10D1C000022C4CD8364B03EBC403D3E90001CAE769
:10D1D000022C48D8334BF6E74345E4D09B1AB3F111
:10D1E000747F4FEA23521EDA002F01DA3C321EDB35
:10D1F00032463B46E3F732FB41EC100BFFF7BCF93C
:10D20000FEF7CEFF51EC100B012C13D0022C15D0E1
:10D21000002CA8D018A3D3E90023E3F73DF818A306
:10D22000D3E9002314E018A1D1E90001ECE70020C4
:10D230000021E9E701F10043194694E70EA3D3E981
:10D240000023E3F729F802460B460DA1D1E90001BE
:10D25000E3F722F887E70AA1D1E9000183E70CA1EF
:10D26000D1E900017FE7002000217CE70AA1D1E994
:10D27000000178E7AFF30080075C143326A6A13CD9
:10D28000182D4454FB210940182D4454FB21F93F2B
:10D29000182D4454FB21E93F182D4454FB21F9BFBC
:10D2A000B00F0208980F0208182D4454FB2109C042
:10D2B0000000F07F2DE9F04F53EC102B51EC110BD7
:10D2C00023F0004421F00045AC4287B005DB2E4638
:10D2D000254634460646104632462B1BB3F1707F76
:10D2E00029468246AB461646274605DD2346E2F729
:10D2F000D5FF82468B4616E0754B9D4240F39680E3
:10D30000744B9D4214DDC5F31305054304D0234639
:10D31000E2F7C4FF82468B4684F0FF4484F4E004C5
:10D32000344300F0D2804BEC10AB07B0BDE8F08F77
:10D33000A5F11655A4F11654AB4627464FF41673C3
:10D340000193654B9C4219DCB4F5801F70DA3346BB
:10D350002343E8D0614B002230463946E3F754F9C5
:10D360005E4B06460F46504659460022E3F74CF9FD
:10D37000019BA3F2FE3382468B46019332463B4625
:10D3800050465946E2F788FF02460B4680468946DA
:10D3900030463946E3F7AAFB0022002853D02B463B
:10D3A000104629461446E3F72FF93246CDE902012B
:10D3B0003B46304607F10041E3F726F92246064690
:10D3C0000F462B4650465946E2F768FF22468046F4
:10D3D00089462B4650465946E2F75EFF02460B4609
:10D3E00040464946E3F710F902460B4630463946B7
:10D3F000E2F752FF02460B46DDE90201E2F74CFF7D
:10D4000041EC100BFFF732FC019B5BEC10AB002BE7
:10D4100089D01B0503F17F51002001F54011024620
:10D420000B4650465946E3F7EFF862E7002387E7DB
:10D43000019B05F1165504F11654A3F516730193DB
:10D44000AB4627469AE72346CDE90223DDE90201F0
:10D45000002205F5801314461D46E3F7D5F8424631
:10D46000CDE904014B46404609F10041E3F7CCF811
:10D4700052465B468046894650465946E2F70EFFC3
:10D4800022462B46E2F708FF32463B46E3F7BCF85C
:10D49000DDE9022382468B4630463946E2F7FCFE40
:10D4A00022462B46E3F7B0F802460B465046594653
:10D4B000E2F7F4FE02460B4640464946E2F7ECFE30
:10D4C00002460B46DDE9040198E7B246BB462AE76F
:10D4D0000000305FFFFFEF7FFFFFAF200000D07F35
:10D4E0002DE9F04F57EC106BC54B8DB027F000487D
:10D4F00098450446049707D80022002380ED000BCE
:10D50000C0E90223002528E0BE4B984578D8049B4B
:10D51000BD4D002B3046ACA3D3E90023394638DD9E
:10D52000E2F7BAFEA84506460F461AD0A8A3D3E9EB
:10D530000023E2F7B1FE02460B468046894630469C
:10D540003946E2F7A9FEA2A3D3E90023E2F7A4FE3D
:10D55000C4E90089C4E90201012528460DB0BDE8EF
:10D56000F08F9DA3D3E90023E2F796FE9CA3D3E9B5
:10D57000002306460F46E2F78FFE02460B46804622
:10D58000894630463946E2F787FE95A3D3E9002362
:10D59000DCE7E2F783FEA84506460F4618D08CA3C9
:10D5A000D3E90023E2F77AFE02460B46804689461D
:10D5B00030463946E2F770FE85A3D3E90023E2F74F
:10D5C0006DFE4FF0FF35C4E90089C4E90201C4E7EC
:10D5D00081A3D3E90023E2F761FE81A3D3E900230D
:10D5E00006460F46E2F75AFE02460B46804689463B
:10D5F00030463946E2F750FE79A3D3E90023DEE74F
:10D60000824B984500F2D180FEF7B6FF57EC106BC5
:10D6100075A3D3E9002330463946E2F7F5FF7C4B8A
:10D620000022E2F73BFEE3F79FFA0546E2F782FFAE
:10D6300002460B46CDE9022363A3D3E90023E2F7B8
:10D64000E3FF02460B4630463946E2F725FE60A36B
:10D65000D3E9002382468B46DDE90201E2F7D4FFDD
:10D660001F2D06460F460CDC6A4B6A1E53F822300B
:10D67000434506D032463B4650465946E2F70CFE3B
:10D680000EE03B46324650465946E2F705FE4FEA69
:10D6900028530593C1F30A53C3EB1853102B02DC34
:10D6A000C4E9000139E04CA3D3E90023DDE902011C
:10D6B000E2F7AAFF06460F4602460B465046594679
:10D6C000E2F7EAFD02460B46804689465046594637
:10D6D000E2F7E2FD32463B46E2F7DEFD40A3D3E946
:10D6E000002306460F46DDE90201E2F78DFF3246D0
:10D6F0003B46E2F7D1FD02460B4606460F46404642
:10D700004946E2F7C9FD059AC1F30A53D31A312BF2
:10D7100020DCC4E90001C246CB46D4E9008950466A
:10D7200042464B465946E2F7B7FD3B463246E2F7E2
:10D73000B3FD049B002BC4E90201BFF60EAF09F153
:10D740000043636001F10043C4F80080A060E3601F
:10D750006D4202E726A3D3E90023DDE90201E2F7E7
:10D7600053FF06460F4602460B4640464946E2F73F
:10D7700093FD02460B4682468B4640464946E2F7F9
:10D780008BFD32463B46E2F787FD1BA3D3E900231E
:10D7900006460F46DDE90201E2F736FF32463B4618
:10D7A000E2F77AFD06460F4664E71B4B984535D9EC
:10D7B00032463B4630463946E2F76EFDC4E9020187
:10D7C000C4E900019EE600BF00004054FB21F93F80
:10D7D0003163621A61B4D03D0000601A61B4D03D7B
:10D7E0007370032E8A19A33B83C8C96D305FE43F71
:10D7F0000000002E8A19A33BC14920259A837B395A
:10D80000FB21E93F7BD90240FB21F93FFB21394154
:10D810000000E03FC80F0208FFFFEF7F4FEA2855E6
:10D82000A5F21645A8EB055130460F46E3F79CF9E3
:10D83000E2F780FE02460B4630463946CDE9062324
:10D84000E2F72AFD224B0022E2F7DEFE0F460646F3
:10D85000E3F78AF9E2F76EFE02460B463046394698
:10D86000CDE90823E2F718FD194B0022E2F7CCFEC0
:10D87000CDE90A010DF130094FF003080026002719
:10D8800079E9020132463B46C24608F1FF38E3F728
:10D8900023F90028F4D10F4B0193022300932A4669
:10D8A0005346214606A800F06BFF049B002B05465B
:10D8B000BFF653AED4E9002101F10043C4E90023CF
:10D8C000D4E9022101F10043C4E9022340E700BF8B
:10D8D00000007041481002082DE9F74F5BEC11ABD6
:10D8E0002BF0004757EA0A0355EC104BD846D146B7
:10D8F0000ED152465B4620462946E2F785FE024697
:10D900000B46E2F7ABFF41EC100B03B0BDE8F08F24
:10D91000444B019525F000469E42EAD89F4209D922
:10D9200007F1004303F5801353EA0A03E1D12046CF
:10D93000294610E03C4B9F42F9D852465B46504680
:10D940005946E2F7ABFC45EC104B41EC110B01F0F2
:10D9500067FA51EC100BF61BA4EB0904264304D123
:10D9600000220023E2F750FECDE741EC100BFEF75A
:10D9700003FE55EC104B4BEC10ABFEF7FDFD2B4BB3
:10D9800008EA030357EC106B63BB22462B46204684
:10D990002946E2F783FC32463B46E3F7C5F8C0B1BF
:10D9A00032463B4620462946E2F776FC02460B46C5
:10D9B00004460D46E2F772FC32463B46E3F7AAF80E
:10D9C00038B12046294632463B46E2F765FC04461C
:10D9D0000D46019901F0004A22468AEA050343EC0C
:10D9E000102B92E7124B002230463946E2F70CFE2C
:10D9F0008046894602460B4620462946E3F794F8BE
:10DA00000028E6D032463B4620462946E2F744FC51
:10DA100004460D4602460B4640464946E3F770F879
:10DA2000CEE700BFFFFFEF7FFFFFDF7F0000E07F5B
:10DA30000000E03F10EE103A23F00043B3F1485FDE
:10DA4000F0EE406AB7EE000A04D2FDEEE67A17EE79
:10DA5000902A42B326EEA67ADFED1A7A9FED1A6A73
:10DA60001A4AA7EE276A9342DFED197AE6EE077AA3
:10DA70009FED186AA7EE876ADFED177AE6EE077A60
:10DA80009FED166AA7EE876A60EEE60A26EE076A41
:10DA9000F6EE007AE7EE060A67EE277A04D877EE0C
:10DAA000E07A30EE670A70470D4A93429ABF03F15D
:10DAB0007F4307EE103AB5EE027A30EE470A77EE72
:10DAC000C77AECE74ED747ADF6740F319999993E76
:10DAD0007CF293B4010DD037610BB6BAABAA2A3DE4
:10DAE0000000483F10EE103A23F00043B3F1485FC6
:10DAF00004D2FDEEC07A17EE903A5BB320EE007AC6
:10DB0000DFED157A9FED156AA7EE276ADFED147A2F
:10DB1000E6EE077A9FED136AA7EE876ADFED127AC9
:10DB200060EE076AE6EE077A30B99FED106AA7EE5D
:10DB3000276AA6EE260A704767EEE67AB6EE006A16
:10DB4000E0EE867AD7EE870ADFED097AE6EEA70ADD
:10DB500030EE600A704700BFD3C92E2F342FD7B2E2
:10DB60001BEF3836010D50B98988083CABAA2ABE94
:10DB7000ABAA2A3E10EE902A22F00041B1F1FF4FED
:10DB800010B5F0EE407A06D810EE100A20F00043EF
:10DB9000B3F1FF4F04D977EEA07AB0EE670A10BD5B
:10DBA000B2F17E5F03D1BDE8104000F081BC941754
:10DBB00004F0020444EAD07443B9022C5ED09FED15
:10DBC000347A032C08BFF0EE477AE6E741B9DFED7F
:10DBD000317A9FED317A0028A8BFF0EE477ADCE772
:10DBE000B1F1FF4F10D1B3F1FF4F04F1FF3407D172
:10DBF000022C46D8294B03EB8403D3ED007ACCE703
:10DC0000022C41D8264BF6E7B3F1FF4FDFD05B1A69
:10DC1000B3F1F45F4FEAE3511ADA002A01DA3C313A
:10DC200019DB87EEA00A00F017FD00F041FCF0EED2
:10DC3000407A012C12D0022C17D0002CADD09FEDD1
:10DC4000197A77EE877A9FED187A77EEC77AA4E78C
:10DC5000DFED117AEDE7DFED157AEAE717EE903A9E
:10DC600003F1004307EE903A97E79FED0E7A77EEC7
:10DC7000877A9FED0D7A77EE677A8EE7DFED0A7A85
:10DC80008BE7DFED0B7A88E7DFED087A85E700BFE9
:10DC9000DB0F49C0DB0FC9BFDB0FC93F5C110208B6
:10DCA000501102082EBDBB33DB0F494000000000BD
:10DCB000DB0F493F2DE9F84310EE904A34F000495C
:10DCC0002DED028B10EE106AB0EE408AF0EE608A05
:10DCD0000CD186F48006760016F5000F40F27482AF
:10DCE00038EE280ABDEC028BBDE8F88326F0004828
:10DCF000B8F1FF4F02D8B9F1FF4F08D9B6F17E5FF6
:10DD0000EED184F48004640014F5000FE6E7002EE1
:10DD10001FDAB9F1974F80F06082B9F17E5F2FD39F
:10DD20004FEAE953C3F1960349FA03F505FA03F301
:10DD30004B4523D105F00105C5F10205B9F17E5F20
:10DD40001FD1002C80F24682F7EE007A87EE880A17
:10DD5000C8E7B9F1FF4F11D1B8F17E5F00F034820E
:10DD600006D99FEDC50A002CA8BFB0EE680AB9E736
:10DD7000002C80F22C82B1EE680AB3E70025DDE7C3
:10DD80000025B4F1804F02D128EE080AAAE7B4F1C9
:10DD90007C5F40F02782002EC0F22482B0EE480A59
:10DDA000BDEC028BBDE8F843FFF736B8012D99D1E1
:10DDB000B1EE400A96E7F00F013855EA000304D1AE
:10DDC00038EE488A88EE080A8CE7B9F19A4F6DD987
:10DDD000AA4B984508D8002C0BDA0020BDEC028B2A
:10DDE000BDE8F84300F0C6BCA54B984508D9002C07
:10DDF000F3DC0020BDEC028BBDE8F84300F0B4BCBE
:10DE0000F7EE007A30EE670ADFED9E6AF5EE007AF3
:10DE1000E0EE676AF6EE007AE6EEC07A20EE007A6F
:10DE2000DFED996A27EE277ADFED987A67EEC77AF9
:10DE30009FED977AE0EE077AB0EE677AA0EE267A49
:10DE400017EE103A6FF30B0307EE103AB0EE476A85
:10DE5000A0EE666A77EEC67A013D0543F7EE006AEA
:10DE6000BFEE008A6FF30B0418BFB0EE668A06EEB1
:10DE7000904A67EEA80A38EEE66A67EE267AE6EE82
:10DE8000070A30EEA77A17EE101A002921F0004396
:10DE900040F3DD80B3F1864F40F2CA80B5EEC08A10
:10DEA000F1EE10FA4CBF0120002097E716F0FF4F6B
:10DEB00001BFDFED787A60EE277A6FF0170317EE77
:10DEC000907A4FEAE75218BF00237F3A1A44724B08
:10DED000C7F316079F4247F07E5106DD6F4B9F4206
:10DEE00040F3A4800132A1F5000100266C4B03EB46
:10DEF000860307EE101AD3ED005A6A4B75EE877A47
:10DF0000F7EE006AC6EEA74A491041F0005101F54C
:10DF1000802101EB465137EE656A07EE901A26EE36
:10DF2000245A77EEE55A15EE107A1F4006EE907AE5
:10DF3000A6EEE76A37EE657A65EE057AA6EEC76A61
:10DF4000DFED595A9FED597AE7EE875A9FED587ADF
:10DF5000A5EEA77ADFED4B5AE7EE275A9FED557AEB
:10DF6000A5EEA77ADFED545A26EE246AE7EE275A8B
:10DF700035EE267A67EEA74A27EE067AF0EE087AA3
:10DF8000A4EEA57AF0EE675AE6EEA65A75EE875A29
:10DF900015EE901A194005EE901A75EEE77AE6EE46
:10DFA000E67A77EE677A67EE857AE6EE257AB0EE66
:10DFB000676AA6EEA56A16EE101A194006EE101A48
:10DFC000B0EE467AA6EEE57A3C4901EB860177EEA3
:10DFD000C77A9FED3B7ADFED3B5A67EE877A9FED7C
:10DFE0003A7AE6EE077A91ED007A77EE877A07EED5
:10DFF000102A364AF8EEC76AB0EE677AA6EE257A9E
:10E0000002EB860292ED005A37EE057A37EE267A59
:10E0100017EE102A1A4007EE102A77EE666A76EE9F
:10E02000C56AE6EE656A77EEE67A15E701265DE7F2
:10E0300052D1DFED276A37EE677A70EEA66AF4EE0A
:10E04000C76AF1EE10FA3FF729AF862348E0214A6C
:10E05000934207D9B5EEC08AF1EE10FA4CBF012009
:10E060000020C7E638D137EE677AB4EEE07AF1EEF9
:10E0700010FAEADBEEE700BF00000000F3FF7F3F8D
:10E080000700803FABAAAA3E00AAB83F3BAAB83F10
:10E0900070A5EC360000804B71C41C00D6B35D0047
:10E0A0007811020800F0FFFF55326C3E42F1533EFA
:10E0B00005A38B3EB76DDB3E9A99193F68110208A4
:10E0C0004F38763F0038763FA0C39D367011020866
:10E0D0003CAA383300001643B3F17C5F6FD9DB15DF
:10E0E0007E3B4FF4000018410844C0F3C7534E4A2A
:10E0F0007F3B1A41024007EE102AC0F3160040F49D
:10E100000000C3F117031841002977EEC77AB8BFA2
:10E11000404277EEA06A9FED457A9FED456A16EE84
:10E12000903A6FF30B0306EE903A76EEE77AB7EE8D
:10E13000000A70EEE70ADFED3F7A66EEA77AE0EEBE
:10E14000877AB0EE677AA6EE867AF0EE475AE6EE68
:10E15000C65A67EE076A77EEE57A9FED376ADFED1C
:10E16000375AA6EEA56ADFED365AE6EE265A9FED3F
:10E17000356AA5EEA66ADFED345AE6EE265AB0EE11
:10E18000476AA5EEE66AF0EE006A67EE065A36EEDA
:10E19000666AE7EE277AC5EE866A76EEE77A77EE6C
:10E1A000C77A30EE670A10EE103A03EBC053B3F5AE
:10E1B000000F06DA00F058FA20EE080A92E5002077
:10E1C000A7E700EE103AF7E7B7EE000A8AE59FED01
:10E1D0001F0A87E5B0EE480A84E5B9F1FF4F3FF426
:10E1E000BBAD0225B0EE480A00F036FA26F04043F7
:10E1F000B3F17E5F474603D0B8F1000F7FF4DBAD8B
:10E20000002CBCBFF7EE007A87EE800A002EBFF626
:10E2100069ADA8F17E5858EA05087FF4C7AD70EEE5
:10E22000407A87EEA70A5DE5000080FF1872313F53
:10E230000072313F8CBEBF350EEADDB54CBB3133C9
:10E2400055B38A38610B36BBABAA2A3E00000000EA
:10E25000F0B510EE106A884B26F000459D4287B05D
:10E26000044605D8002380ED000A4360002022E028
:10E27000824B9D423AD826F00043002E9FED807AD3
:10E28000804A23F00F0318DD934270EE477A09BFEE
:10E290009FED7D7ADFED7D6ADFED7D6A77EEC77AEF
:10E2A00037EEE67A77EEC77A80ED007A77EEE67A97
:10E2B000C0ED017A012007B0F0BD934270EE077AFD
:10E2C00009BF9FED717ADFED716ADFED716A77EE5C
:10E2D000877A37EEA67A77EEC77A80ED007A77EE06
:10E2E000A67AC0ED017A4FF0FF30E4E7694B9D421A
:10E2F00073D800F0B1F99FED687AF6EE007AE0EE9F
:10E30000077AFDEEE77AB8EEE77A17EE900ADFEDCE
:10E310005C7AA7EE670A1F28DFED5C7A67EE277A42
:10E32000B1EE476A70EE676A16EE901A09DC5B4A36
:10E33000471E26F0004352F8272023F0FF039342A4
:10E3400007D1C1F3C752C2EBD552082A4FEAE553B1
:10E3500014DC216094ED007A30EE470A002E30EE96
:10E36000670A84ED010AA6DAB1EE477AB1EE400AF7
:10E3700084ED007A84ED010A40429CE7DFED425AC9
:10E38000F0EE406AE6EE256A70EE667AE6EE257AF1
:10E39000DFED3F5AD7EE257A76EEE75A15EE902A52
:10E3A000C2F3C7515B1A192B04DCC4ED005AB0EE5E
:10E3B000660ACFE7DFED3A5AB0EE660AA6EE250A06
:10E3C00076EEC07ADFED376AE6EE257AD7EE267A6A
:10E3D00030EE677A84ED007ABCE7B5F1FF4F06D3E3
:10E3E00070EE407AC0ED017AC0ED007A3EE7EA15A2
:10E3F000863AA5EBC25307EE903ABDEEE77ADFED21
:10E400002A6AB8EEC77A77EEC77A8DED037A67EE9F
:10E41000A67ABDEEE77AB8EEC77A77EEC77A8DEDC9
:10E42000047A67EEA67AF5EE407AF1EE10FACDEDB9
:10E43000057A1ED1B5EE407AF1EE10FA0CBF012339
:10E4400002231A4901910221009103A8214600F0FC
:10E45000EFFD002EBFF62FAFD4ED007AF1EE677A14
:10E46000C4ED007AD4ED017AF1EE677AC4ED017A59
:10E4700082E70323E5E700BFD80F493FE3CB16400F
:10E48000800FC93FD00FC93F00443537434435376B
:10E4900008A3852E800F494384F9223F801102088A
:10E4A00000A3852E32318D24000080430012020823
:10E4B00038B510EE105A25F00044B4F1A14FF0EE3B
:10E4C000407A10D3B4F1FF4F04D970EE007AB0EE69
:10E4D000670A38BDDFED4D7A9FED4D7A002DC8BF3C
:10E4E000F0EE477AF3E74B4B9C4210D8B4F1445F0F
:10E4F0000AD29FED497A30EE077AF7EE006AB4EE61
:10E50000E67AF1EE10FAE2DC4FF0FF3313E000F0B0
:10E51000A3F8424B9C424FD8A3F5D0039C4241D86C
:10E52000F0EE007ABFEE007AA0EE277A002330EEFC
:10E53000270AC7EE007A5A1C27EEA76A9FED387AA1
:10E54000DFED385A9FED385A66EE066AE6EE875AD6
:10E550009FED367AA5EEA67ADFED355AE7EE265A1C
:10E560009FED347AA5EEA67ADFED335AE7EE265A10
:10E570009FED327AA6EE875A9FED317AA5EE267A84
:10E580009FED305AA7EE265A9FED2F7AA5EE267AF8
:10E5900027EE267AA5EE867A27EE877A21D177EEC6
:10E5A000C77A94E7F7EE007A30EE677A30EE270A02
:10E5B0000123C7EE007ABEE7244B9C420BD8F7EE4E
:10E5C000087AB7EE007AA0EE277A022370EE676A27
:10E5D000C6EE877AAFE7BFEE007AC7EE007A032374
:10E5E000A9E71B4A1B4902EB830201EB8303D3ED2E
:10E5F000006A37EE667A002D37EE677AD2ED007A40
:10E6000077EEC77AB8BFF1EE677A60E7DB0FC9BF74
:10E61000DB0FC93FFFFFDF3ECAF24971FFFF973FA3
:10E62000D769853C59DA4B3D6BF16EBD356B883D42
:10E630006E2EBA3D2549123EABAAAA3E21A215BDB7
:10E6400095879DBD388EE3BDCDCC4CBEFFFF1B40F2
:10E65000281502081815020810EE103A23F000439E
:10E6600000EE103A7047000010EE103A33F000420E
:10E670002BD0B2F1FF4F02D330EE000A704713F0F7
:10E68000FF4F23D1244BDFED257A984220EE270A55
:10E6900017DB10EE103AC3F3C752193A4CF250315F
:10E6A000884215DDDFED1E7ADFED1E6A10EE103AAE
:10E6B000B0EE677A002BB8BFF0EE667A27EE870AD5
:10E6C0007047DFED197A27EE800A7047D20DE5E733
:10E6D0001044FE28E6DC002806DD23F0FF4343EA71
:10E6E000C05300EE103A704710F1160F09DADFED53
:10E6F0000E7ADFED0E6A10EE103AB0EE677A002B5C
:10E70000D9E7193023F0FF4343EAC0539FED080ACD
:10E7100007EE903AD7E700BFB03CFFFF0000004C87
:10E72000CAF24971CAF249F16042A20D6042A28D5B
:10E730000000003310B52DED028BB0EE408A044688
:10E74000FAF766FCB0EE480ABDEC028B046010BD1F
:10E7500030B1F1EE407A27EE800A2220FFF7EABFBF
:10E76000F0EE407AF7E700009FED010AFFF7F0BFF7
:10E77000000000109FED010AFFF7EABF00000070E3
:10E780002DE9F04F2DED028BADF5197D12F1140F2F
:10E7900006930491C24BA499089053F8213000933A
:10E7A000069B03F1FF33A8BFD41E0593B2BF00241C
:10E7B000182394FBF3F46FF0170304FB033303EB0C
:10E7C000020B009B059A9FEDB28B03EB0208A59B01
:10E7D000A71A20AE03EB87090025454512DD069BED
:10E7E00020AA02EBC3050DF5E07A0027009B9F42AB
:10E7F0002EDC9FEDA77BDDF820908DED027BA846F7
:10E8000000261BE0EF4207D459F82500E1F792FEFD
:10E81000E6E802010135E0E751EC180BF8E778E98A
:10E820000223F9E80201E1F7EFFE02460B46DDE9BB
:10E830000201E1F733FDCDE902010136059B9E425D
:10E84000EDDD9DED027B0137AAEC027B0835CDE7BB
:10E85000009BDDF800800CAA02EB83030A93A59BC2
:10E8600003EB840309934FEAC8030B9398AB03EBC4
:10E87000C80313ED287B8DED027B0CAC70AB03EB72
:10E88000C805A146C246BAF1000F77DC58469DED97
:10E89000020B00F035FE57EC106B00224FF07F5357
:10E8A00030463946E1F7B0FE41EC100B00F0A4FE13
:10E8B0007C4B51EC100B0022E1F7A6FE02460B4602
:10E8C00030463946E1F7E8FC0F460646E2F74CF9D8
:10E8D0000290E1F72FFE02460B4630463946E1F73B
:10E8E000DBFCBBF1000F06460F466CDD08F1FF3183
:10E8F0000CAB029D53F82130CBF1180043FA00F223
:10E90000154482409B1A0CAA029542F82130CBF1A3
:10E91000170243FA02F9B9F1000F64DD029B0022ED
:10E920000133029315466FF07F41904500F3A180BB
:10E93000BBF1000F07DDBBF1010F00F0C180BBF19F
:10E94000020F00F0C880B9F1020F4CD132463B46AD
:10E9500055490020E1F7A0FC06460F46002D42D0A5
:10E9600058469FED4D0B00F0CBFD3046394653EC39
:10E97000102BE1F791FC06460F4634E04B4B00228A
:10E98000DDE90201E1F740FEE2F7EEF8E1F7D2FD42
:10E99000474B002206460F46E1F736FE02460B467D
:10E9A000DDE90201E1F778FCE2F7DEF875E9022320
:10E9B00049F8040B39463046E1F770FC0AF1FF3A9A
:10E9C000CDE902015FE707D108F1FF330CAA52F845
:10E9D00023304FEAE3599EE7364B0022E2F79AF8DC
:10E9E000002843D181460022002330463946E2F711
:10E9F00073F8002800F0C18008F1FF33002200996D
:10EA00008B4270DA002A00F08B8008F1FF380CABE3
:10EA1000ABF1180B53F82830002BF6D058469FED79
:10EA20001E0B00F06DFD08F10103DA00059255ECB4
:10EA3000104B70AADFF874B002EBC30746464FF0E4
:10EA4000000A002E80F2D1804446002CC0F2FF80E4
:10EA5000194B1F4670AB03EBC40306934FF0000A3B
:10EA60004FF0000B0026A8EB0405E4E04FF002098C
:10EA700054E754F8043B0DBB23B1C3F1807344F851
:10EA8000043C012301321D464FE700BFAFF3008075
:10EA90000000000000000000000000000000F03F47
:10EAA00078150208000020400000F03F0000703E92
:10EAB000000070410000E03F38150208CB1ADEE785
:10EAC00008F1FF320CAB53F82230C3F316030CA944
:10EAD00041F8223037E708F1FF320CAB53F822300F
:10EAE000C3F31503F3E70CA951F82310013B0A43C4
:10EAF00085E7013453F8042D002AFAD00B9B03F567
:10EB000018730DEB0305069B20AA434408F1010787
:10EB1000983D02EBC3064444BC4204DAA046A2E698
:10EB20000A9B0124E6E7099B53F82700E1F702FD61
:10EB30009FEDAF7BE6E802018DED027BDDF82090D2
:10EB4000B2464FF00008059B984505DD9DED027B20
:10EB50000137A5EC027BDFE77AE90223F9E802013D
:10EB6000E1F752FD02460B46DDE90201E1F796FBB3
:10EB700008F10108CDE90201E5E7CBF1000047EC1F
:10EB8000106B00F0BDFC55EC104B9B4B0022204657
:10EB90002946E1F7BFFF00B3984B002220462946E3
:10EBA000E1F732FDE1F7E0FF0646E1F7C3FC924BE7
:10EBB0000022E1F729FD0B46024629462046E1F7EF
:10EBC0006BFBE1F7D1FF0CAB0BF1180B43F82800FE
:10EBD00008F1010843F8286020E720462946E1F7BC
:10EBE000C3FF0CAB43F8280018E70CAB53F8260022
:10EBF000E1F7A0FC22462B46E1F706FD524667E905
:10EC000002015B4620462946E1F7FEFC013E044630
:10EC10000D4616E70699F1E802230691F7E802018E
:10EC2000E1F7F2FC02460B4650465946E1F736FB47
:10EC3000013682468B46009B9E4201DCAE42E9DDF6
:10EC400048AB03EBC505C5E900AB013CFDE6A49B61
:10EC5000022B0BDC002B35DC59D0029B03F00700A4
:10EC60000DF5197DBDEC028BBDE8F08FA49B032B45
:10EC7000F3D1059B03F518730DEB0304A4F5A474FD
:10EC80002546C246BAF1000F69DC4546012D00F366
:10EC90008780059C48AB1C4400200021B8F1010F7F
:10ECA00000F39C80DDE94856DDE94A78B9F1000FB0
:10ECB00040F0A680049BC3E90056C3E90278C3E98B
:10ECC0000401CAE7059D48AB1D44444600200021CD
:10ECD000002C35DAB9F1000F38D0024601F10043BB
:10ECE000049CC4E9002302460B46DDE94801E1F734
:10ECF000D3FA4AAD0124A0452BDAB9F1000F02D0B6
:10ED000001F100431946049BC3E90201A5E7059CF4
:10ED100048AB1C4400200021B8F1000F09DAB9F11A
:10ED2000000F02D001F100431946049BC3E9000122
:10ED300093E774E90223E1F7B1FA08F1FF38EBE752
:10ED400075E90223E1F7AAFA013CC1E702460B4646
:10ED5000C6E7F5E80223E1F7A1FA0134CBE735ED88
:10ED6000027B8DED007B95ED027BDDE9000153EC2C
:10ED7000172B8DED067BE1F791FA02460B4606460E
:10ED80000F46DDE90001E1F787FADDE90623E1F747
:10ED900085FA0AF1FF3AC5E90201C5E9006771E7A2
:10EDA00034ED027BD4E902AB51EC170B52465B46C3
:10EDB0008DED007BE1F772FA02460B4606460F46E0
:10EDC000DDE90001E1F768FA52465B46E1F766FAD1
:10EDD000013DC4E90201C4E9006757E774E9022371
:10EDE000E1F75CFA08F1FF3858E700BFAFF30080A5
:10EDF0000000000000000000000070410000703EB4
:10EE0000049B049A1D6006F100445C609F6008F159
:10EE10000043D36001F10043106153611DE700BF5F
:10EE200053EC112B2DE9F04723F0004852EA080477
:10EE300051EC100B1E46964694460CD0764D21F0B0
:10EE40000049A9450C4606D85542744F154348EA77
:10EE5000D575BD4209D9E1F7D7FB02460B46E1F76C
:10EE6000FDFC41EC100BBDE8F087C145824607462A
:10EE700001F0004509DCF4DB8242F2D805D1684B91
:10EE800003EB1573D3E90001EBE764490C4248D169
:10EE9000B9F1000F3DD1634A5346002B36DC0E42D8
:10EEA0004FD1B8F1000F44D15E4B714600293DDCD3
:10EEB0005D4882424ADBC4F3130141F480115A4891
:10EEC000834257DBC6F3130646F48016D01A8A1B1A
:10EED000A7EB0C04002862D1674538BF02F1FF326E
:10EEE000002ABCBF3C460A4652EA0401C7D0B2F52C
:10EEF000801F69DB4C498B426CDBA2F580122A43F0
:10EF000003F2FF3342EA03512046AAE7013A5B00CD
:10EF1000C3E7454A4FEAC923002BC0DD013A5B0035
:10EF2000FAE74FEA2952A2F2FF32B8E7013B490063
:10EF3000BCE73D4B4FEAC8210029B9DD013B490040
:10EF4000FAE74FEA2853A3F2FF33B1E7801A1F28EC
:10EF50000ADC02F21E4109FA00F92AFA01F141EA3B
:10EF600009010AFA00F7AAE73049891A0AFA01F1F9
:10EF70000027A4E7C01A1F280ADC03F21E4608FA7D
:10EF800000F82EFA06F646EA08060EFA00FC9DE79F
:10EF9000264EF61A0EFA06F64FF0000C96E7674575
:10EFA00038BF02F1FF32002A05DAFA0F02EB410105
:10EFB0007F0001388BE752EA04013FF460AFE10FB4
:10EFC00001EB42016700F4E7E10F01EB420264004C
:10EFD000013B8CE7C91A14290ADC03F21E4302FA2A
:10EFE00003F3CC4023430A4142EA0501184638E7BF
:10EFF0001F2907DC03F21E43CC4002FA03F323432C
:10F000002A46F1E7C3F17F4303F57F0303F57B4312
:10F01000E23342FA03F3F3E7FFFFEF7F0000F07FF4
:10F0200088150208EDFBFFFF02FCFFFFE2FBFFFF7C
:10F030002DE9F04F2DED048BD9B090460190B64AE2
:10F04000669818F1040F52F820A00F4603F1FF3B19
:10F0500026DBB8F1030248BF08F10402D210551CA8
:10F0600067999FEDB17AE800A2EB0B060290A8EB3E
:10F07000C5050AEB0B0C1CAC01EB860E00206045AD
:10F0800010DD1CA901EB83000DF58879002656459B
:10F0900024DCDDF804E0DFEDA47A8446002416E0E9
:10F0A0000022DCE7C6425DBF5EF8201007EE901A32
:10F0B000F8EEE77AF0EE477AE4EC017A0130DEE729
:10F0C000FEEC016A3CED017AE6EE877A01345C459C
:10F0D000F6DDE9EC017A01360430D8E708A901EB46
:10F0E0008A0104916799DFED8F8A9FED8D9A01EB7C
:10F0F000820203925446A200059258AA02EB8402AF
:10F1000012ED140A44A908AA01EB8400944626468D
:10F11000002E4CDC2846CDE90623FFF7A5FAB0EE19
:10F12000408AB4EE000A28EE000A00F0E1FAF2EE9E
:10F13000007AA0EE678A002DDDE90623FDEEC87A8D
:10F1400017EE909AF8EEE77A38EE678A41DD04F11F
:10F15000FF3C08A9C5F1080E51F82C6046FA0EF0E4
:10F16000814400FA0EF0361AC5F1070041F82C6010
:10F170000641002E3CDD4FF0000E09F101097046FA
:10F18000744568DC002D03DD012D74D0022D7DD087
:10F19000022E2DD1B7EE000A30EE488A40B3284641
:10F1A0000693FFF761FA069B38EE408A20E060EE96
:10F1B000287A013EFDEEE77AF8EEE77AA7EEC90A73
:10F1C000BDEEC00AACEC010A30ED010A37EE800A50
:10F1D0009EE705D1601E08A951F82060F611C8E726
:10F1E000F6EE007AB4EEE78AF1EE10FA31DA002694
:10F1F000B5EE408AF1EE10FA40F09880601E0022D1
:10F2000050454BDA002A65D0013C08AB083D53F865
:10F210002430002BF8D02846B7EE000AFFF724FA76
:10F22000631C44AA9FED3F7A990002EB83022346B8
:10F23000002B80F2A9802346002BC0F2C78044AA8D
:10F2400002EB8305DFF8D4C0DFED377A0020E21A45
:10F25000B1E002268FE752F8041B48B921B1C1F58D
:10F26000807142F8041C01210EF1010E084687E767
:10F27000C1F1FF01F5E704F1FF3C08AA52F82C2088
:10F2800002F07F0208A941F82C2081E704F1FF3C3D
:10F2900008AA52F82C2002F03F02F3E708A951F81F
:10F2A000201001380A43ABE7013250F8046D002EFC
:10F2B000FAD0059901F5B0710DEB0100E6181CA913
:10F2C00004F1010C4C3801EB86062244624504DA55
:10F2D000144610E704980122E7E70399DDF804E0FB
:10F2E00051F82C10059107EE901AF8EEE77A0024F9
:10F2F000E6EC017ADFED0C7AB1465C4504DDE0EC2A
:10F30000017A0CF1010CE1E7FEEC016A39ED017ABA
:10F310000134E6EE877AF0E7C41502089815020872
:10F32000000080430000803B00000000029BB0EE24
:10F33000480AA3EB0800FFF797F91FED077AB4EE30
:10F34000C70AF1EE10FA19DB5FED0A7A60EE277A50
:10F3500008AAFDEEE77A0835F8EEE77AA7EEC70AC5
:10F36000FDEEE77ABDEEC00A10EE103A42F8243006
:10F3700017EE903A013442F824304CE7BDEEC00A53
:10F3800008AA10EE103AF6E708A850F823000190FA
:10F3900007EE900AF8EEE77A013B67EE807A20EEFE
:10F3A000070A62ED017A43E7FCEC016AB5EC017AE9
:10F3B000E6EE877A0130504501DC9042F4DD58A832
:10F3C00000EB820242ED287A013B35E7669B022B77
:10F3D00009DC002B27DC40D009F0070059B0BDEC58
:10F3E000048BBDE8F08F669B032BF5D130AA0B1F71
:10F3F00013441A462046002850DC2246012A5DDCD0
:10F4000030AB5FED377A0B44012C67DCDDED306A01
:10F410009DED317A002E67D1C7ED006A87ED017A44
:10F42000C7ED027AD8E730AB1FED417A0B44224694
:10F43000002A24DA4EB3F1EE477AC7ED007ADDED0B
:10F44000307A77EEC77A31AA01239C4220DA0EB1D6
:10F45000F1EE677AC7ED017ABEE730AB5FED4E7A29
:10F460000B44002C05DA0EB1F1EE677AC7ED007A95
:10F47000B2E733ED017A013C77EE877AF1E773ED7D
:10F48000017A013A37EE277AD2E7F0EE477AD4E7ED
:10F49000B2EC017A013377EE877AD6E772ED017A22
:10F4A000D2ED016A37EEA67A013877EEC77A82ED9F
:10F4B000007A77EEA67AC2ED017A9CE773ED017AC5
:10F4C000D3ED016A37EEA67A013A77EEC77A83ED7B
:10F4D000007A77EEA67AC3ED017A8FE733ED017AF1
:10F4E000013C77EE877A8FE7F1EE666AB1EE477AF4
:10F4F000C7ED006A87ED017AF1EE677A90E700BF09
:10F5000070B555EC104BC5F30A5106462B4691B920
:10F5100025F0004323433BD0334B204629460022AD
:10F52000E1F772F8314B9E4204460D460FDA26A3EE
:10F53000D3E900231EE040F2FF7291420BD1224634
:10F5400020462946E0F7AAFE04460D4620E00B4679
:10F55000C1F30A5136394CF2503296420DDD002D7E
:10F560001BA1D1E9000102DA1BA1D1E9000118A316
:10F57000D3E90023E1F748F8E6E7721840F2FE719C
:10F580008A42ECDC002A06DD6FF31E5343EA025583
:10F5900045EC104B70BD12F1350F08DA002D0AA1B1
:10F5A000D1E90001C3DA0EA1D1E90001BFE736328B
:10F5B0006FF31E5343EA025520460D4B29460022A5
:10F5C000D8E700BFAFF3008059F3F8C21F6EA50162
:10F5D0009C7500883CE4377E9C7500883CE437FECF
:10F5E00059F3F8C21F6EA58100005043B03CFFFFE5
:10F5F0000000903C0000000051EC100BC1F30A53D6
:10F600002DE9F041A3F2FF36132E0C460546804645
:10F6100034DC002E17DA32A3D3E90023E0F73EFEF4
:10F6200000220023E1F780FA50B1002C55DA24F0D3
:10F6300000442C430025AC422B4C08BF4FF0004443
:10F640002146284623E0294F374101EA07030343B7
:10F650001DD023A3D3E90023E0F720FE00220023DE
:10F66000E1F762FA0028EBD0002CBEBF4FF4801304
:10F670003341E41824EA07040025E1E7332E0ADDCC
:10F68000B6F5806F03D102460B46E0F707FE41EC6A
:10F69000100BBDE8F081A3F213434FF0FF37DF40BA
:10F6A0000742F4D00EA3D3E90023E0F7F7FD0022D0
:10F6B0000023E1F739FA0028C2D0002C0ADA142E10
:10F6C00001D1013406E0C6F134060123B3401D44E4
:10F6D0004545F6D325EA0705B2E700252C46AFE7F6
:10F6E0009C7500883CE4377E0000F0BFFFFF0F00F0
:10F6F00010EE103AC3F3C7527F3A162A23F00041A6
:10F700002BDC002A12DADFED197A30EE270AB5EE8B
:10F71000C00AF1EE10FA06DD002B24DA0029144BA2
:10F7200008BF4FF0004300EE103A704711491141F5
:10F730000B42FAD0DFED0D7A30EE270AB5EEC00AA3
:10F74000F1EE10FAEFDD002BBEBF4FF4000040FADF
:10F7500002F29B1823EA0103E5E7B1F1FF4FE4D37E
:10F7600030EE000A70470023DDE700BFCAF249719E
:10F77000000080BFFFFF7F00F8B500BFF8BC08BCE9
:10F780009E467047F8B500BFF8BC08BC9E4670475F
:10F790003333333333331F40CDCCCCCCCCCC2440AB
:10F7A0003333333333332F40CDCCCCCCCCCC34407B
:10F7B0000000000000403F409A99999999D944402F
:10F7C0000000000000404F400000000000405F408B
:10F7D0000000000000406F400000000000407F403B
:10F7E0005B426174746572795D2052656164204189
:10F7F000444320766F6C746167653A20252E32662B
:10F800002056200D0A0000005B4261747465727915
:10F810005D2052656164206261747465727920763E
:10F820006F6C746167653A20252E32662056200D74
:10F830000A0000005B426174746572795D2046695C
:10F840006C74657265642062617474657279207687
:10F850006F6C746167653A20252E32662056200D44
:10F860000A0000005B426174746572795D2047652F
:10F8700074204261747465727920766F6C7461676C
:10F88000653A20252E32662056200D0A0000000021
:10F890005B426174746572795D20476574204261D2
:10F8A00074746572792070657263656E743A202590
:10F8B0002E31662025250D0A00000000494D5520F7
:10F8C00052756E0A0D0000005461736B204750534F
:10F8D0000A0000005B426174746572795D20496EB4
:10F8E000697469616C697A652062617474657279A2
:10F8F000204144430D0A00005B42617474657279D3
:10F900005D20496E697469616C697A656420626121
:10F910007474657279207375636365737366756C4F
:10F920006C790D0A000000005B4C6F52615D20494C
:10F930006E697469616C697A65204C6F52610A0D59
:10F94000000000005B4C6F52615D2052657365746E
:10F95000204C6F52610A0D005B4C6F52615D204973
:10F960006E697469616C697A65204C6F52612073AD
:10F9700075636365737366756C6C790A0D000000BE
:10F980005B4C6F52615D20496E697469616C697A84
:10F9900065204C6F5261206661696C65640A0D00D8
:10F9A0005B4C6F52615D2056657273696F6E3A20D1
:10F9B0003078253032580D0A000000005B4C6F5241
:10F9C000615D207472616E7366657220737461721A
:10F9D00074696E670D0A00005B4C6F52615D2049CF
:10F9E0006E697469616C2074657374204C6F526128
:10F9F00020646174610D0A005B4C6F52615D20747C
:10FA000072616E7366657272696E670D0A0000003E
:10FA10005B4C6F52615D207472616E7366657265D6
:10FA20006420737563636573730D0A005B427574BC
:10FA3000746F6E5D20496E74697469616C206275C3
:10FA400074746F6E0A0D00005B44656275675D201B
:10FA5000496E74697469616C2044656275670A0D4A
:10FA6000000000005B44656275675D2052756E2082
:10FA700044656275670A0D002425730025732A25E5
:10FA80003032580D0A0000002450414952303632BD
:10FA90002C302C31000000002450414952303632C5
:10FAA0002C312C30000000002450414952303632B5
:10FAB0002C322C30000000002450414952303632A4
:10FAC0002C332C3000000000245041495230363293
:10FAD0002C342C3100000000245041495230363281
:10FAE0002C352C3000000000245041495230353074
:10FAF0002C35303000000000245041495230393854
:10FB00002C33000024253273524D432C2531305BB9
:10FB10005E2C5D2C25632C2531345B5E2C5D2C2501
:10FB2000632C2531345B5E2C5D2C25632C256C66A3
:10FB30002C256C662C25365B5E2C5D2C2C2C2563CD
:10FB40002C25630024252A32734747412C252A5B44
:10FB50005E2C5D2C2531345B5E2C5D2C25632C25C1
:10FB600031345B5E2C5D2C25632C25642C25642CA4
:10FB7000256C662C256C662C252A632C256C662C3E
:10FB8000252A630047474100524D43004F4B2063F5
:10FB9000616E2063616C6C20746869732066756E99
:10FBA0006374696F6E0000004932432064657669B2
:10FBB000636520666F756E6420617420307825302F
:10FBC00032580D0A00000000414343204F55540AAB
:10FBD000000000004779726F204F55540A00000062
:10FBE0004D6167204F55540A000000006D65615F4C
:10FBF0007069746368203D20252E33662064656734
:10FC00007265653B200000006D65615F796177205A
:10FC10003D20252E3366206465677265653B2000B4
:10FC20006D65615F726F6C6C203D20252E33662000
:10FC30006465677265653B200A0000006D65615F61
:10FC400074656D7065726174757265203D20252E36
:10FC500033662064656772656520433B200A0000B7
:10FC60006D65615F616C746974756465203D202504
:10FC70002E3366206D3B200A000000006D65615F39
:10FC80007072657373757265203D20252E33662072
:10FC900050613B200A000000416363652026204735
:10FCA00079726F2077616B65207570200A00000003
:10FCB000636869706964203D2025640A00000000C3
:10FCC0004153413A2025642025642025640D0A0013
:10FCD00041646A3A20252E336620252E336620257E
:10FCE0002E33660D0A0000004D41472077616B6599
:10FCF000207570200A0000004241524F2077616B4E
:10FD00006520757000000000424D5032383020727E
:10FD1000656164206572726F720A00003D3D3D208E
:10FD20004B65657020494D55207374696C6C2E2E9F
:10FD30002E2043616C6962726174696E6720677915
:10FD4000726F202620616363656C2E2E2E203D3D50
:10FD50003D0D0A005461736B494D550054FD010877
:10FD60008D84000802000000000000000004000074
:10FD700000000000000000005461736B4750530006
:10FD800078FD0108B58400080100000000000000B3
:10FD90000002000000000000000000005461736BCE
:10FDA0004C4344009CFD0108D5840008000000007D
:10FDB0000000000000020000000000000000000041
:10FDC0005461736B4261747465727900C0FD0108FF
:10FDD00001850008FFFF0000000000008000000017
:10FDE00000000000000000004C6F52615461736B12
:10FDF00000000000E8FD010825850008FFFF000065
:10FE00000000000080000000000000000000000072
:10FE10005461736B427574746F6E000010FE0108BC
:10FE200049850008FEFF000000000000800000007F
:10FE300000000000000000005461736B44656275AF
:10FE40006700000038FE01086B850008FEFF000017
:10FE50000000000080000000000000000000000022
:10FE600063616C6C206261636B0A0D005B4C6F52C6
:10FE7000615D205350492043616C6C204261636B8B
:10FE80000A0D00005B494D555D205461736B20499C
:10FE90004D552052756E6E696E670A0D00000000A8
:10FEA0005B4750535D2052756E204750530A0D003A
:10FEB0005B4C43445D2052756E204C43440A0D0058
:10FEC0005B4C43445D20646973706C6179204C43E2
:10FED000440A0D00426174746572793A25642525DF
:10FEE0002048444F503A2530332E3266000000003F
:10FEF0004C6F635F4C6F6E3A256320252E3666008B
:10FF00004C6F635F4C61743A256320252E36660082
:10FF10004C6F635F416C743A252E3266000000001E
:10FF20004C6F635F417A693A252E3266000000000B
:10FF30004C6F635F5069743A252E326600000000F2
:10FF40004C6F635F526F6C3A252E326600000000E2
:10FF50005461675F6C6F6E3A256320252E3666000C
:10FF60005461675F6C61743A256320252E36660004
:10FF70005461675F416C743A252E326600000000C0
:10FF80005461675F4469733A252E326600000000B1
:10FF9000012C2D00A20284008A2A00008AEE0000B3
:10FFA000021C07123732292D29252B390001031095
:10FFB000031D07062E2C292D2E2E373F0000021080
:10FFC00051203D0A00000000252E3566200000006B
:10FFD0000A0000006C6F6920646179206E6520253D
:10FFE000640A000070697463685F757064617465A9
:10FFF000203D20252E3366206465677265653B20B1
:020000040802F0
:10000000000000007961775F757064617465203D60
:1000100020252E3366206465677265653B200000ED
:10002000726F6C6C5F757064617465203D20252E65
:100030003366206465677265653B200A0000000036
:10004000230A000049444C4500000000A20C0208AD
:10005000A50C0208A80C0208000000000000000027
:100060000000000000000000000000000010001070
:100070000010001000100010000000100000000030
:1000800000280028002800000000000000000000F8
:100090000000000000240024007C00240048007CB4
:1000A00000480048000000000038005400500038AC
:1000B00000140054005400380010000000200054C8
:1000C0000058003000280054001400080000000010
:1000D00000100028002800100034004800480034B8
:1000E00000000000001000100010000000000000E0
:1000F00000000000000000000008001000200020A8
:100100000020002000200020001000080020001027
:10011000000800080008000800080008001000207F
:10012000001000380010002800000000000000004F
:10013000000000000000000000100010007C001013
:10014000001000000000000000000000000000009F
:10015000000000000000001000100010000000006F
:100160000000000000000038000000000000000057
:10017000000000000000000000000000000000106F
:10018000000000000008000800100010001000101F
:10019000002000200000000000380044004400540B
:1001A000004400440044003800000000001000300B
:1001B000005000100010001000100010000000009F
:1001C0000038004400440004000800100020007CB7
:1001D000000000000038004400040018000400047F
:1001E0000044003800000000000800180028002823
:1001F0000048007C0008000800000000007C00406F
:1002000000400078000400040044003800000000B2
:1002100000380044004000780044004400440038A6
:1002200000000000007C0004000800100010002006
:100230000020002000000000003800440044003886
:10024000004400440044003800000000003800442E
:1002500000440044003C000400440038000000005A
:10026000000000000010000000000000000000106E
:10027000000000000000000000000010000000006E
:10028000000000100010001000000000000C003002
:1002900000400030000C00000000000000000000E2
:1002A0000000007C0000007C000000000000000056
:1002B000000000000060001800040018006000004A
:1002C0000000000000380044000400080010001086
:1002D000000000100000000000380044004C0054F2
:1002E000005C0040004000380000000000100028C2
:1002F000002800280028007C004400440000000082
:100300000078004400440078004400440044007831
:100310000000000000380044004000400040004061
:100320000044003800000000007000480044004411
:10033000004400440048007000000000007C0040C1
:100340000040007C004000400040007C00000000B5
:10035000007C004000400078004000400040004029
:10036000000000000038004400400040005C0044F1
:100370000044003800000000004400440044007CB9
:100380000044004400440044000000000038001015
:1003900000100010001000100010003800000000D5
:1003A00000040004000400040004000400440038B9
:1003B0000000000000440048005000600050004869
:1003C00000480044000000000040004000400040A1
:1003D000004000400040007C000000000044006C31
:1003E000006C00540044004400440044000000003D
:1003F00000440064006400540054004C004C00446D
:100400000000000000380044004400440044004460
:10041000004400380000000000780044004400441C
:100420000078004000400040000000000038004418
:10043000004400440044004400540038000400001C
:10044000007800440044004400780048004800441C
:1004500000000000003800440040003000080004A4
:100460000044003800000000007C00100010001064
:1004700000100010001000100000000000440044B4
:1004800000440044004400440044003800000000E0
:1004900000440044004400280028002800100010F8
:1004A0000000000000440044005400540054006C5C
:1004B0000028002800000000004400280028001048
:1004C0000010002800280044000000000044004400
:1004D000002800280010001000100010000000008C
:1004E000007C000400080010001000200040007C88
:1004F0000000000000180010001000100010001094
:100500000010001000100018002000200010001043
:10051000001000100008000800000000003000106B
:10052000001000100010001000100010001000302B
:100530000010002800280044000000000000000017
:1005400000000000000000000000000000000000AB
:1005500000000000000000FE00200010000000006D
:10056000000000000000000000000000000000008B
:1005700000380044003C0044004C003400000000FF
:1005800000400040005800640044004400640058EB
:10059000000000000000000000380044004000405F
:1005A0000044003800000000000400040034004C47
:1005B00000440044004C0034000000000000000033
:1005C00000380044007C0040004400380000000077
:1005D000000C0010007C0010001000100010001033
:1005E00000000000000000000034004C0044004403
:1005F000004C0034000400780040004000580064C3
:1006000000440044004400440000000000100000CA
:10061000007000100010001000100010000000001A
:1006200000100000007000100010001000100010FA
:10063000001000E000400040004800500060005002
:10064000004800440000000000700010001000107E
:10065000001000100010001000000000000000005A
:10066000007800540054005400540054000000006E
:1006700000000000005800640044004400440044AE
:100680000000000000000000003800440044004466
:100690000044003800000000000000000058006422
:1006A0000044004400640058004000400000000086
:1006B0000034004C00440044004C003400040004AA
:1006C000000000000058006400400040004000406E
:1006D0000000000000000000003800440030000866
:1006E00000440038000000000020002000780020B6
:1006F0000020002000200018000000000000000082
:100700000044004400440044004C00340000000059
:1007100000000000004400440028002800280010C9
:100720000000000000000000005400540054006C61
:1007300000280028000000000000000000440028FD
:10074000001000100028004400000000000000001D
:100750000044004400280028001000100010006031
:1007600000000000007C0008001000200040007C19
:1007700000000000001800100010001000200020F1
:1007800000100010001000180010001000100010E1
:1007900000100010001000100010001000300010B9
:1007A00000100010000800080010001000100030B9
:1007B0000000000000000074004C00000000000079
:1007C0000000000000000000000000000000F03FFA
:1007D0000000000000001040000000000000504039
:1007E0000000000000000000000000000000704059
:1007F000000000000000F0BF0000000000001840F2
:1008000000000000000030C0000000000000404078
:1008100000000000000022C0000000000000504066
:1008200000000000000060C0000000000000A040C8
:10083000000000000000224000000000000030C066
:100840000000000000008840000000000000084098
:1008500000000000000014C0000000000000804004
:100860000000000000001CC00000000000009440D8
:100870000000000000001CC0000000000000A040BC
:100880000000000000A069400000000000007BC0E4
:1008900000000000000088400000000000009840B8
:1008A00000000000004AAF40000000000080B2C01D
:1008B000000000000000AE40000000000000C84042
:1008C0000000000000206CC00000000000005D403F
:1008D0000000000000007840000000000005BCC0DF
:1008E00000000000000EA540000000000000BE4017
:1008F000000000000016AB40000000000000BE40F9
:10090000000000002098E240000000000000EE40DF
:1009100000000000000026C00000000000003CC0F5
:1009200000000000000068C000000000000000009F
:100930000000000000007040000000000000F03FD8
:1009400000000000000000400000000000003040F7
:100950000000000000004040000000000080414016
:10096000000000000000504000000000000078403F
:10097000000000000000A0400000000000002E4029
:10098000000000000000544000000000000088400B
:100990000000000000001C400000000000804140FA
:1009A00000000000000080400000000000804F4078
:1009B0000000000000009440000000000040534090
:1009C000000000000000A040000000000000000047
:1009D0000000000000000000637C777BF26B6FC5B5
:1009E0003001672BFED7AB76CA82C97DFA5947F032
:1009F000ADD4A2AF9CA472C0B7FD9326363FF7CC0E
:100A000034A5E5F171D8311504C723C31896059AAA
:100A1000071280E2EB27B27509832C1A1B6E5AA0CD
:100A2000523BD6B329E32F8453D100ED20FCB15BB8
:100A30006ACBBE394A4C58CFD0EFAAFB434D338521
:100A400045F9027F503C9FA851A3408F929D38F5F5
:100A5000BCB6DA2110FFF3D2CD0C13EC5F9744172C
:100A6000C4A77E3D645D197360814FDC222A9088A3
:100A700046EEB814DE5E0BDBE0323A0A4906245C2F
:100A8000C2D3AC629195E479E7C8376D8DD54EA994
:100A90006C56F4EA657AAE08BA78252E1CA6B4C660
:100AA000E8DD741F4BBD8B8A703EB5664803F60EB9
:100AB000613557B986C11D9EE1F8981169D98E94A8
:100AC0009B1E87E9CE5528DF8CA1890DBFE64268C1
:100AD00041992D0FB054BB1600000000000000002B
:100AE00001020304060708090000000001020304D4
:100AF00000061016000610162E00494E4600696EBC
:100B000066004E414E006E616E0030313233343536
:100B10003637383941424344454600303132333468
:100B200035363738396162636465660065256C6403
:100B3000004300504F53495800496E66696E69740E
:100B400079004E614E005245454E54206D616C6CEB
:100B50006F6320737563636565646564002F6275F8
:100B6000696C642F676E752D746F6F6C732D666F73
:100B7000722D73746D33325F31332E332E72656C88
:100B8000312E32303234303932362D313731352F43
:100B90007372632F6E65776C69622F6E65776C690F
:100BA000622F6C6962632F7374646C69622F647462
:100BB0006F612E630042616C6C6F632073756363B9
:100BC0006565646564002F6275696C642F676E7576
:100BD0002D746F6F6C732D666F722D73746D33325D
:100BE0005F31332E332E72656C312E323032343019
:100BF0003932362D313731352F7372632F6E657769
:100C00006C69622F6E65776C69622F6C6962632F05
:100C10007374646C69622F6764746F612D676574A7
:100C20006865782E63002F6275696C642F676E7536
:100C30002D746F6F6C732D666F722D73746D3332FC
:100C40005F31332E332E72656C312E3230323430B8
:100C50003932362D313731352F7372632F6E657708
:100C60006C69622F6E65776C69622F6C6962632FA5
:100C70007374646C69622F6D707265632E630023F8
:100C80002D302B2000686C4C006566674546470098
:100C9000412D46612D66383930313233343536379F
:100CA0005D002B2D003030007858002C2066756ECA
:100CB0006374696F6E3A2000617373657274696F53
:100CC0006E2022257322206661696C65643A206675
:100CD000696C6520222573222C206C696E652025A5
:100CE00064257325730A000034000000CEFBFFFF6B
:100CF000CB030000010000000000000035000000F0
:100D0000CEFBFFFFCB03000001000000000000004D
:100D1000BC89D897B2D29C3C33A7A8D523F64939D1
:100D20003DA7F444FD0FA5329D978CCF08BA5B25F3
:100D3000436FAC642806681100202020202020206A
:100D4000202028282828282020202020202020207B
:100D5000202020202020202020881010101010108B
:100D600010101010101010101004040404040404D7
:100D70000404041010101010101041414141414171
:100D80000101010101010101010101010101010153
:100D90000101010110101010101042424242424263
:100DA0000202020202020202020202020202020223
:100DB00002020202101010102000000000000000CB
:100DC0000000000000000000000000000000000023
:100DD0000000000000000000000000000000000013
:100DE0000000000000000000000000000000000003
:100DF00000000000000000000000000000000000F3
:100E000000000000000000000000000000000000E2
:100E100000000000000000000000000000000000D2
:100E200000000000000000000000000000000000C2
:100E300000000000000000000000000005000000AD
:100E4000190000007D0000000080E03779C34143B5
:100E5000176E05B5B5B89346F5F93FE9034F384D20
:100E6000321D30F94877825A3CBF737FDD4F1575CC
:100E7000000000000000F03F0000000000002440DF
:100E800000000000000059400000000000408F40BA
:100E9000000000000088C34000000000006AF84025
:100EA0000000000080842E4100000000D012634149
:100EB0000000000084D797410000000065CDCD41BF
:100EC000000000205FA00242000000E876483742A0
:100ED000000000A2941A6D42000040E59C30A2423E
:100EE0000000901EC4BCD64200003426F56B0C43B3
:100EF0000080E03779C3414300A0D885573476435A
:100F000000C84E676DC1AB43003D9160E458E143BA
:100F1000408CB5781DAF154450EFE2D6E41A4B442F
:100F200092D54D06CFF08044F64AE1C7022DB54474
:100F3000B49DD9794378EA44E2652F227F2B7A3C2D
:100F4000075C143326A6813CBDCBF07A8807703C41
:100F5000075C143326A6913C4FBB610567ACDD3FAF
:100F6000182D4454FB21E93F9BF681D20B73EF3FD0
:100F7000182D4454FB21F93F000000000000000040
:100F8000000000000000008059F3F8C21F6EA501A8
:100F9000000000000000F03F0000000000000080A2
:100FA000182D4454FB210940182D4454FB2109C03D
:100FB000182D4454FB21E9BFD221337F7CD9024054
:100FC000D221337F7CD902C0FB21F93FFB210940AC
:100FD0007CD91240FB2119407A6A1F407CD92240FB
:100FE000BBFD2540FB2129403A462C407A6A2F4020
:100FF0005C4731407CD932409C6B3440BBFD35406E
:10100000DB8F3740FB2139401BB43A403A463C4025
:101010005AD83D407A6A3F404C7E40405C47414050
:101020006C1042407CD942408CA243409C6B4440AF
:10103000AC344540BBFD4540CBC64640DB8F474006
:10104000EB584840FB21494083F9A200444E6E0012
:10105000FC291500D1572700DD34F50062DBC00004
:101060003C999500419043006351FE00BBDEAB000C
:10107000B761C5003A6E2400D24D42004906E00037
:1010800009EA2E001C92D100EB1DFE0029B11C00C4
:10109000E83EA700F535820044BB2E009CE98400A1
:1010A000B4267000417E5F00D69139005383390029
:1010B0009CF439008B5F840028F9BD00F81F3B00C9
:1010C000DEFF97000F980500112FEF000A5A8B00E2
:1010D0006D1F6D00CF7E360009CB2700464FB7004D
:1010E0009E663F002DEA5F00BA277500E5EBC7005A
:1010F0003D7BF100F739070092528A00FB6BEA0052
:101100001FB15F00085D8D00300356007BFC460078
:10111000F0AB6B0020BCCF0036F49A00E3A91D00B1
:101120005E619100081BE60085996500A0145F00D0
:101130008D40680080D8FF0027734D0006063100FF
:10114000CA561500C9A873007BE260006B8CC00012
:1011500000000080DB0F4940DB0F49C0DB0F49BFB7
:10116000E4CB1640E4CB16C000000000DCCFD13544
:101170000000000000C0153F0000803F0000C03F9D
:10118000000FC93F000F494000CB9640000FC940F7
:101190000053FB4000CB164100ED2F41000F4941A9
:1011A0000031624100537B41003A8A4100CB9641B5
:1011B000005CA34100EDAF41007EBC41000FC9417E
:1011C00000A0D5410031E24100C2EE410053FB4195
:1011D00000F20342003A0A420083104200CB16425A
:1011E00000141D42005C234200A5294200ED2F425D
:1011F00000363642007E3C4200C74242000F494260
:10120000A2000000F9000000830000006E00000052
:101210004E000000440000001500000029000000FE
:10122000FC0000002700000057000000D100000073
:10123000F500000034000000DD000000C0000000E8
:10124000DB00000062000000950000009900000033
:101250003C0000004300000090000000410000003E
:10126000FE0000005100000063000000AB00000021
:10127000DE000000BB000000C500000061000000AF
:10128000B7000000240000006E0000003A000000DB
:10129000420000004D000000D2000000E00000000D
:1012A00006000000490000002E000000EA000000D7
:1012B00009000000D1000000920000001C000000A6
:1012C000FE0000001D000000EB0000001C000000FC
:1012D000B100000029000000A70000003E0000004F
:1012E000E80000008200000035000000F50000006A
:1012F0002E000000BB00000044000000840000003D
:10130000E90000009C0000007000000026000000C2
:10131000B40000005F0000007E00000041000000FB
:101320003900000091000000D600000039000000E4
:10133000830000005300000039000000F4000000AA
:101340009C000000840000005F0000008B00000093
:10135000BD000000F9000000280000003B00000074
:101360001F000000F800000097000000FF000000D0
:10137000DE00000005000000980000000F000000E3
:10138000EF0000002F000000110000008B000000A3
:101390005A0000000A0000006D0000001F0000005D
:1013A0006D000000360000007E000000CF0000004D
:1013B00027000000CB00000009000000B70000007B
:1013C0004F000000460000003F00000066000000E3
:1013D0009E0000005F000000EA0000002D000000F9
:1013E0007500000027000000BA000000C7000000E0
:1013F000EB000000E5000000F10000007B000000B1
:101400003D0000000700000039000000F700000068
:101410008A0000005200000092000000EA00000074
:101420006B000000FB0000005F000000B100000046
:101430001F0000008D0000005D000000080000009B
:1014400056000000030000003000000046000000CD
:10145000FC0000007B0000006B000000AB000000FF
:10146000F0000000CF000000BC00000020000000E1
:101470009A000000F4000000360000001D0000008B
:10148000A9000000E30000009100000061000000DE
:101490005E000000E60000001B00000008000000E5
:1014A0006500000099000000850000005F0000005A
:1014B00014000000A00000006800000040000000D0
:1014C0008D000000FF000000D80000008000000038
:1014D0004D000000730000002700000031000000F4
:1014E0000600000006000000150000005600000085
:1014F000CA00000073000000A8000000C90000003E
:1015000060000000E20000007B000000C00000005E
:101510008C0000006B0000006937AC316821223379
:10152000B40F14336821A2333863ED3EDA0F493F1C
:101530005E987B3FDA0FC93F00000040FB21F93F76
:10154000000000002D44743E000000809846F83CE6
:101550000000006051CC783B00000080831BF03914
:101560000000004020257A38000000802282E33607
:10157000000000001DF369350200000003000000B8
:101580000400000006000000000000000000000051
:1015900000000000000000800000C93F0000F0399A
:1015A0000000DA370000A2330000842E0000502B28
:1015B0000000C2270000D0220000C41F0000C61B8C
:1015C00000004417040000000700000009000000AC
:0815D00010ECFD7F010000009A
:0415D800C501000841
:0415DC00A101000861
:1015E00003000000000802400000000000000000AE
:1015F00000000000000000000020000000000000CB
:1016000000000000010000000100000001000000D7
:1016100001000000010000000100000001000000C6
:1016200001000000010000000100000001000000B6
:1016300001000000010000000100000001000000A6
:101640000100000001000000010000000100000096
:1016500001000000C8000000C8000000C800000031
:10166000C8000000C8000000070A00005800020877
:10167000000000000000F03F0000000000000040FB
:1016800000000000000008402B7E151628AED2A6F0
:10169000ABF7158809CF4F3C0024F4001000000080
:1016A00001000000AAAAAAAA00000000030000008E
:1016B00008F90020430000000000000000000000C6
:1016C000000000000000000000000000000000001A
:1016D00000000000430000000000000000000000C7
:1016E00000000000000000000000000000000000FA
:1016F00000000000430000000000000000000000A7
:1017000000000000000000000000000000000000D9
:101710000000000043000000000000000000000086
:1017200000000000000000000000000000000000B9
:101730000000000043000000000000000000000066
:101740000000000000000000000000000000000099
:101750000000000043000000000000000000000046
:101760000000000000000000000000000000000079
:101770000000000043000000000000000000000026
:101780000000000000000000000000000000000059
:1017900000000000F1AD010877A40108000000007E
:1017A000380D0208F80A0208E60C0208E60C0208E6
:1017B000E60C0208E60C0208E60C0208E60C020839
:1017C000E60C0208E60C0208E60C0208FFFFFFFF29
:1017D000FFFFFFFFFFFFFFFFFFFF0000010041537E
:1017E0004349490000000000000000000000000024
:1017F0000000000000000000000000000000415355
:101800004349490000000000000000000000000003
:1018100000000000000000000000000000000000C8
:10182000440200200000000008F9002070F90020A8
:10183000D8F90020000000000000000000000000B7
:101840000000000000000000000000000000000098
:101850000000000000000000000000000000000088
:101860000000000000000000000000000000000078
:040000050800CCE53E
:00000001FF
